Train Number,Train Name,Source,Destination,Departure,Arrival,Actual_Arrival_Time (Simulated),Avg_Delay_5_Years (mins),Journey Time (mins),Distance (km),Line/Route,Division,Direction
37102,Arambagh - Howrah Local,Arambagh,Howrah,03:00,04:53,05:01,8,113,81,Tarakeswar Line,Howrah,DOWN
37104,Arambagh - Howrah Local,Arambagh,Howrah,03:42,05:35,05:51,16,113,81,Tarakeswar Line,Howrah,DOWN
37106,Arambagh - Howrah Local,Arambagh,Howrah,04:23,06:16,06:28,12,113,81,Tarakeswar Line,Howrah,DOWN
37108,Arambagh - Howrah Local,Arambagh,Howrah,05:01,06:56,07:05,9,115,81,Tarakeswar Line,Howrah,DOWN
37110,Arambagh - Howrah Local,Arambagh,Howrah,05:41,07:33,07:41,8,112,81,Tarakeswar Line,Howrah,DOWN
37112,Arambagh - Howrah Local,Arambagh,Howrah,06:22,08:17,08:29,12,115,81,Tarakeswar Line,Howrah,DOWN
37114,Arambagh - Howrah Local,Arambagh,Howrah,07:03,08:59,09:11,12,116,81,Tarakeswar Line,Howrah,DOWN
37116,Arambagh - Howrah Local,Arambagh,Howrah,07:44,09:37,09:42,5,113,81,Tarakeswar Line,Howrah,DOWN
37118,Arambagh - Howrah Local,Arambagh,Howrah,08:24,10:19,10:28,9,115,81,Tarakeswar Line,Howrah,DOWN
37120,Arambagh - Howrah Local,Arambagh,Howrah,09:02,10:59,11:03,4,117,81,Tarakeswar Line,Howrah,DOWN
37122,Arambagh - Howrah Local,Arambagh,Howrah,09:40,11:36,11:39,3,116,81,Tarakeswar Line,Howrah,DOWN
37124,Arambagh - Howrah Local,Arambagh,Howrah,10:21,12:16,12:29,13,115,81,Tarakeswar Line,Howrah,DOWN
37126,Arambagh - Howrah Local,Arambagh,Howrah,10:59,12:52,12:59,7,113,81,Tarakeswar Line,Howrah,DOWN
37128,Arambagh - Howrah Local,Arambagh,Howrah,11:39,13:31,13:34,3,112,81,Tarakeswar Line,Howrah,DOWN
37130,Arambagh - Howrah Local,Arambagh,Howrah,12:20,14:14,14:16,2,114,81,Tarakeswar Line,Howrah,DOWN
37132,Arambagh - Howrah Local,Arambagh,Howrah,13:01,14:58,15:11,13,117,81,Tarakeswar Line,Howrah,DOWN
37134,Arambagh - Howrah Local,Arambagh,Howrah,13:43,15:41,15:54,13,118,81,Tarakeswar Line,Howrah,DOWN
37136,Arambagh - Howrah Local,Arambagh,Howrah,14:22,16:15,16:33,18,113,81,Tarakeswar Line,Howrah,DOWN
37138,Arambagh - Howrah Local,Arambagh,Howrah,15:00,16:57,17:08,11,117,81,Tarakeswar Line,Howrah,DOWN
37140,Arambagh - Howrah Local,Arambagh,Howrah,15:42,17:34,17:51,17,112,81,Tarakeswar Line,Howrah,DOWN
37142,Arambagh - Howrah Local,Arambagh,Howrah,16:21,18:16,18:32,16,115,81,Tarakeswar Line,Howrah,DOWN
37144,Arambagh - Howrah Local,Arambagh,Howrah,17:02,18:53,19:09,16,111,81,Tarakeswar Line,Howrah,DOWN
37146,Arambagh - Howrah Local,Arambagh,Howrah,17:40,19:32,19:45,13,112,81,Tarakeswar Line,Howrah,DOWN
37148,Arambagh - Howrah Local,Arambagh,Howrah,18:18,20:13,20:17,4,115,81,Tarakeswar Line,Howrah,DOWN
37150,Arambagh - Howrah Local,Arambagh,Howrah,19:00,20:51,20:57,6,111,81,Tarakeswar Line,Howrah,DOWN
37152,Arambagh - Howrah Local,Arambagh,Howrah,19:41,21:34,21:42,8,113,81,Tarakeswar Line,Howrah,DOWN
37154,Arambagh - Howrah Local,Arambagh,Howrah,20:22,22:13,22:23,10,111,81,Tarakeswar Line,Howrah,DOWN
37156,Arambagh - Howrah Local,Arambagh,Howrah,21:00,22:55,23:03,8,115,81,Tarakeswar Line,Howrah,DOWN
37158,Arambagh - Howrah Local,Arambagh,Howrah,21:41,23:37,23:56,19,116,81,Tarakeswar Line,Howrah,DOWN
37160,Arambagh - Howrah Local,Arambagh,Howrah,22:20,00:11,00:16,5,111,81,Tarakeswar Line,Howrah,DOWN
37162,Arambagh - Howrah Local,Arambagh,Howrah,23:01,00:59,01:14,15,118,81,Tarakeswar Line,Howrah,DOWN
37164,Arambagh - Howrah Local,Arambagh,Howrah,23:43,01:40,01:59,19,117,81,Tarakeswar Line,Howrah,DOWN
37102,Bandel - Howrah Local,Bandel,Howrah,03:00,04:09,04:19,10,69,40,Main Line,Howrah,DOWN
37104,Bandel - Howrah Local,Bandel,Howrah,03:14,04:19,04:22,3,65,40,Main Line,Howrah,DOWN
37106,Bandel - Howrah Local,Bandel,Howrah,03:24,04:29,04:45,16,65,40,Main Line,Howrah,DOWN
37108,Bandel - Howrah Local,Bandel,Howrah,03:37,04:43,04:51,8,66,40,Main Line,Howrah,DOWN
37110,Bandel - Howrah Local,Bandel,Howrah,03:48,04:52,05:05,13,64,40,Main Line,Howrah,DOWN
37112,Bandel - Howrah Local,Bandel,Howrah,03:58,05:02,05:11,9,64,40,Main Line,Howrah,DOWN
37114,Bandel - Howrah Local,Bandel,Howrah,04:08,05:14,05:30,16,66,40,Main Line,Howrah,DOWN
37116,Bandel - Howrah Local,Bandel,Howrah,04:21,05:24,05:28,4,63,40,Main Line,Howrah,DOWN
37118,Bandel - Howrah Local,Bandel,Howrah,04:31,05:33,05:48,15,62,40,Main Line,Howrah,DOWN
37120,Bandel - Howrah Local,Bandel,Howrah,04:43,05:47,06:05,18,64,40,Main Line,Howrah,DOWN
37122,Bandel - Howrah Local,Bandel,Howrah,04:56,05:57,06:02,5,61,40,Main Line,Howrah,DOWN
37124,Bandel - Howrah Local,Bandel,Howrah,05:06,06:14,06:33,19,68,40,Main Line,Howrah,DOWN
37126,Bandel - Howrah Local,Bandel,Howrah,05:20,06:23,06:32,9,63,40,Main Line,Howrah,DOWN
37128,Bandel - Howrah Local,Bandel,Howrah,05:34,06:36,06:41,5,62,40,Main Line,Howrah,DOWN
37130,Bandel - Howrah Local,Bandel,Howrah,05:46,06:49,06:52,3,63,40,Main Line,Howrah,DOWN
37132,Bandel - Howrah Local,Bandel,Howrah,05:57,06:59,07:06,7,62,40,Main Line,Howrah,DOWN
37134,Bandel - Howrah Local,Bandel,Howrah,06:10,07:16,07:27,11,66,40,Main Line,Howrah,DOWN
37136,Bandel - Howrah Local,Bandel,Howrah,06:24,07:25,07:30,5,61,40,Main Line,Howrah,DOWN
37138,Bandel - Howrah Local,Bandel,Howrah,06:34,07:37,07:56,19,63,40,Main Line,Howrah,DOWN
37140,Bandel - Howrah Local,Bandel,Howrah,06:46,07:48,08:01,13,62,40,Main Line,Howrah,DOWN
37142,Bandel - Howrah Local,Bandel,Howrah,07:00,08:08,08:11,3,68,40,Main Line,Howrah,DOWN
37144,Bandel - Howrah Local,Bandel,Howrah,07:11,08:17,08:28,11,66,40,Main Line,Howrah,DOWN
37146,Bandel - Howrah Local,Bandel,Howrah,07:22,08:28,08:33,5,66,40,Main Line,Howrah,DOWN
37148,Bandel - Howrah Local,Bandel,Howrah,07:36,08:40,08:55,15,64,40,Main Line,Howrah,DOWN
37150,Bandel - Howrah Local,Bandel,Howrah,07:49,08:56,09:13,17,67,40,Main Line,Howrah,DOWN
37152,Bandel - Howrah Local,Bandel,Howrah,07:59,09:02,09:18,16,63,40,Main Line,Howrah,DOWN
37154,Bandel - Howrah Local,Bandel,Howrah,08:11,09:12,09:21,9,61,40,Main Line,Howrah,DOWN
37156,Bandel - Howrah Local,Bandel,Howrah,08:23,09:31,09:46,15,68,40,Main Line,Howrah,DOWN
37158,Bandel - Howrah Local,Bandel,Howrah,08:36,09:41,09:50,9,65,40,Main Line,Howrah,DOWN
37160,Bandel - Howrah Local,Bandel,Howrah,08:50,09:58,10:15,17,68,40,Main Line,Howrah,DOWN
37162,Bandel - Howrah Local,Bandel,Howrah,09:04,10:07,10:21,14,63,40,Main Line,Howrah,DOWN
37164,Bandel - Howrah Local,Bandel,Howrah,09:15,10:21,10:40,19,66,40,Main Line,Howrah,DOWN
37166,Bandel - Howrah Local,Bandel,Howrah,09:29,10:37,10:53,16,68,40,Main Line,Howrah,DOWN
37168,Bandel - Howrah Local,Bandel,Howrah,09:41,10:50,11:04,14,69,40,Main Line,Howrah,DOWN
37170,Bandel - Howrah Local,Bandel,Howrah,09:53,10:55,11:05,10,62,40,Main Line,Howrah,DOWN
37172,Bandel - Howrah Local,Bandel,Howrah,10:04,11:07,11:23,16,63,40,Main Line,Howrah,DOWN
37174,Bandel - Howrah Local,Bandel,Howrah,10:18,11:23,11:37,14,65,40,Main Line,Howrah,DOWN
37176,Bandel - Howrah Local,Bandel,Howrah,10:31,11:40,11:42,2,69,40,Main Line,Howrah,DOWN
37178,Bandel - Howrah Local,Bandel,Howrah,10:43,11:51,11:59,8,68,40,Main Line,Howrah,DOWN
37180,Bandel - Howrah Local,Bandel,Howrah,10:55,12:04,12:14,10,69,40,Main Line,Howrah,DOWN
37182,Bandel - Howrah Local,Bandel,Howrah,11:05,12:08,12:10,2,63,40,Main Line,Howrah,DOWN
37184,Bandel - Howrah Local,Bandel,Howrah,11:18,12:24,12:37,13,66,40,Main Line,Howrah,DOWN
37186,Bandel - Howrah Local,Bandel,Howrah,11:28,12:32,12:41,9,64,40,Main Line,Howrah,DOWN
37188,Bandel - Howrah Local,Bandel,Howrah,11:42,12:44,12:56,12,62,40,Main Line,Howrah,DOWN
37190,Bandel - Howrah Local,Bandel,Howrah,11:54,13:01,13:19,18,67,40,Main Line,Howrah,DOWN
37192,Bandel - Howrah Local,Bandel,Howrah,12:08,13:17,13:26,9,69,40,Main Line,Howrah,DOWN
37194,Bandel - Howrah Local,Bandel,Howrah,12:19,13:28,13:32,4,69,40,Main Line,Howrah,DOWN
37196,Bandel - Howrah Local,Bandel,Howrah,12:32,13:37,13:41,4,65,40,Main Line,Howrah,DOWN
37198,Bandel - Howrah Local,Bandel,Howrah,12:43,13:50,13:52,2,67,40,Main Line,Howrah,DOWN
37200,Bandel - Howrah Local,Bandel,Howrah,12:55,13:57,14:03,6,62,40,Main Line,Howrah,DOWN
37202,Bandel - Howrah Local,Bandel,Howrah,13:07,14:16,14:27,11,69,40,Main Line,Howrah,DOWN
37204,Bandel - Howrah Local,Bandel,Howrah,13:17,14:18,14:26,8,61,40,Main Line,Howrah,DOWN
37206,Bandel - Howrah Local,Bandel,Howrah,13:27,14:30,14:40,10,63,40,Main Line,Howrah,DOWN
37208,Bandel - Howrah Local,Bandel,Howrah,13:38,14:42,14:50,8,64,40,Main Line,Howrah,DOWN
37210,Bandel - Howrah Local,Bandel,Howrah,13:48,14:56,15:06,10,68,40,Main Line,Howrah,DOWN
37212,Bandel - Howrah Local,Bandel,Howrah,13:58,15:00,15:09,9,62,40,Main Line,Howrah,DOWN
37214,Bandel - Howrah Local,Bandel,Howrah,14:09,15:16,15:29,13,67,40,Main Line,Howrah,DOWN
37216,Bandel - Howrah Local,Bandel,Howrah,14:19,15:28,15:31,3,69,40,Main Line,Howrah,DOWN
37218,Bandel - Howrah Local,Bandel,Howrah,14:32,15:37,15:39,2,65,40,Main Line,Howrah,DOWN
37220,Bandel - Howrah Local,Bandel,Howrah,14:46,15:52,16:09,17,66,40,Main Line,Howrah,DOWN
37222,Bandel - Howrah Local,Bandel,Howrah,14:56,15:58,16:04,6,62,40,Main Line,Howrah,DOWN
37224,Bandel - Howrah Local,Bandel,Howrah,15:07,16:11,16:15,4,64,40,Main Line,Howrah,DOWN
37226,Bandel - Howrah Local,Bandel,Howrah,15:17,16:19,16:32,13,62,40,Main Line,Howrah,DOWN
37228,Bandel - Howrah Local,Bandel,Howrah,15:30,16:31,16:40,9,61,40,Main Line,Howrah,DOWN
37230,Bandel - Howrah Local,Bandel,Howrah,15:43,16:52,16:56,4,69,40,Main Line,Howrah,DOWN
37232,Bandel - Howrah Local,Bandel,Howrah,15:55,17:01,17:03,2,66,40,Main Line,Howrah,DOWN
37234,Bandel - Howrah Local,Bandel,Howrah,16:08,17:13,17:17,4,65,40,Main Line,Howrah,DOWN
37236,Bandel - Howrah Local,Bandel,Howrah,16:18,17:19,17:25,6,61,40,Main Line,Howrah,DOWN
37238,Bandel - Howrah Local,Bandel,Howrah,16:32,17:37,17:53,16,65,40,Main Line,Howrah,DOWN
37240,Bandel - Howrah Local,Bandel,Howrah,16:42,17:46,18:01,15,64,40,Main Line,Howrah,DOWN
37242,Bandel - Howrah Local,Bandel,Howrah,16:52,17:54,17:58,4,62,40,Main Line,Howrah,DOWN
37244,Bandel - Howrah Local,Bandel,Howrah,17:06,18:10,18:12,2,64,40,Main Line,Howrah,DOWN
37246,Bandel - Howrah Local,Bandel,Howrah,17:16,18:23,18:29,6,67,40,Main Line,Howrah,DOWN
37248,Bandel - Howrah Local,Bandel,Howrah,17:30,18:34,18:49,15,64,40,Main Line,Howrah,DOWN
37250,Bandel - Howrah Local,Bandel,Howrah,17:41,18:45,18:53,8,64,40,Main Line,Howrah,DOWN
37252,Bandel - Howrah Local,Bandel,Howrah,17:55,18:58,19:08,10,63,40,Main Line,Howrah,DOWN
37254,Bandel - Howrah Local,Bandel,Howrah,18:09,19:18,19:34,16,69,40,Main Line,Howrah,DOWN
37256,Bandel - Howrah Local,Bandel,Howrah,18:23,19:25,19:41,16,62,40,Main Line,Howrah,DOWN
37258,Bandel - Howrah Local,Bandel,Howrah,18:36,19:42,19:53,11,66,40,Main Line,Howrah,DOWN
37260,Bandel - Howrah Local,Bandel,Howrah,18:50,19:57,20:11,14,67,40,Main Line,Howrah,DOWN
37262,Bandel - Howrah Local,Bandel,Howrah,19:03,20:06,20:14,8,63,40,Main Line,Howrah,DOWN
37264,Bandel - Howrah Local,Bandel,Howrah,19:13,20:22,20:40,18,69,40,Main Line,Howrah,DOWN
37266,Bandel - Howrah Local,Bandel,Howrah,19:24,20:33,20:38,5,69,40,Main Line,Howrah,DOWN
37268,Bandel - Howrah Local,Bandel,Howrah,19:37,20:40,20:46,6,63,40,Main Line,Howrah,DOWN
37270,Bandel - Howrah Local,Bandel,Howrah,19:49,20:57,21:05,8,68,40,Main Line,Howrah,DOWN
37272,Bandel - Howrah Local,Bandel,Howrah,20:03,21:09,21:23,14,66,40,Main Line,Howrah,DOWN
37274,Bandel - Howrah Local,Bandel,Howrah,20:15,21:21,21:37,16,66,40,Main Line,Howrah,DOWN
37276,Bandel - Howrah Local,Bandel,Howrah,20:29,21:36,21:48,12,67,40,Main Line,Howrah,DOWN
37278,Bandel - Howrah Local,Bandel,Howrah,20:41,21:47,21:52,5,66,40,Main Line,Howrah,DOWN
37280,Bandel - Howrah Local,Bandel,Howrah,20:54,21:58,22:12,14,64,40,Main Line,Howrah,DOWN
37282,Bandel - Howrah Local,Bandel,Howrah,21:08,22:17,22:25,8,69,40,Main Line,Howrah,DOWN
37284,Bandel - Howrah Local,Bandel,Howrah,21:22,22:29,22:32,3,67,40,Main Line,Howrah,DOWN
37286,Bandel - Howrah Local,Bandel,Howrah,21:33,22:38,22:49,11,65,40,Main Line,Howrah,DOWN
37288,Bandel - Howrah Local,Bandel,Howrah,21:47,22:55,23:09,14,68,40,Main Line,Howrah,DOWN
37290,Bandel - Howrah Local,Bandel,Howrah,21:59,23:06,23:13,7,67,40,Main Line,Howrah,DOWN
37292,Bandel - Howrah Local,Bandel,Howrah,22:12,23:13,23:26,13,61,40,Main Line,Howrah,DOWN
37294,Bandel - Howrah Local,Bandel,Howrah,22:22,23:23,23:36,13,61,40,Main Line,Howrah,DOWN
37296,Bandel - Howrah Local,Bandel,Howrah,22:34,23:37,23:49,12,63,40,Main Line,Howrah,DOWN
37298,Bandel - Howrah Local,Bandel,Howrah,22:48,23:49,23:57,8,61,40,Main Line,Howrah,DOWN
37300,Bandel - Howrah Local,Bandel,Howrah,23:00,00:04,00:06,2,64,40,Main Line,Howrah,DOWN
37302,Bandel - Howrah Local,Bandel,Howrah,23:12,00:18,00:20,2,66,40,Main Line,Howrah,DOWN
37304,Bandel - Howrah Local,Bandel,Howrah,23:23,00:28,00:42,14,65,40,Main Line,Howrah,DOWN
37306,Bandel - Howrah Local,Bandel,Howrah,23:33,00:42,00:52,10,69,40,Main Line,Howrah,DOWN
37308,Bandel - Howrah Local,Bandel,Howrah,23:47,00:50,00:54,4,63,40,Main Line,Howrah,DOWN
37102,Barddhaman - Howrah Local,Barddhaman,Howrah,03:00,05:31,05:39,8,151,107,Main Line,Howrah,DOWN
37102,Barddhaman - Howrah Local,Barddhaman,Howrah,03:00,05:13,05:20,7,133,95,Chord Line,Howrah,DOWN
37104,Barddhaman - Howrah Local,Barddhaman,Howrah,03:20,05:33,05:42,9,133,95,Chord Line,Howrah,DOWN
37104,Barddhaman - Howrah Local,Barddhaman,Howrah,03:21,05:55,06:05,10,154,107,Main Line,Howrah,DOWN
37106,Barddhaman - Howrah Local,Barddhaman,Howrah,03:38,05:49,05:55,6,131,95,Chord Line,Howrah,DOWN
37106,Barddhaman - Howrah Local,Barddhaman,Howrah,03:41,06:15,06:17,2,154,107,Main Line,Howrah,DOWN
37108,Barddhaman - Howrah Local,Barddhaman,Howrah,03:57,06:12,06:23,11,135,95,Chord Line,Howrah,DOWN
37108,Barddhaman - Howrah Local,Barddhaman,Howrah,04:03,06:42,06:55,13,159,107,Main Line,Howrah,DOWN
37110,Barddhaman - Howrah Local,Barddhaman,Howrah,04:19,06:37,06:53,16,138,95,Chord Line,Howrah,DOWN
37110,Barddhaman - Howrah Local,Barddhaman,Howrah,04:22,06:57,07:07,10,155,107,Main Line,Howrah,DOWN
37112,Barddhaman - Howrah Local,Barddhaman,Howrah,04:37,06:55,07:13,18,138,95,Chord Line,Howrah,DOWN
37112,Barddhaman - Howrah Local,Barddhaman,Howrah,04:44,07:22,07:40,18,158,107,Main Line,Howrah,DOWN
37114,Barddhaman - Howrah Local,Barddhaman,Howrah,04:58,07:09,07:22,13,131,95,Chord Line,Howrah,DOWN
37114,Barddhaman - Howrah Local,Barddhaman,Howrah,05:06,07:39,07:47,8,153,107,Main Line,Howrah,DOWN
37116,Barddhaman - Howrah Local,Barddhaman,Howrah,05:20,07:38,07:41,3,138,95,Chord Line,Howrah,DOWN
37116,Barddhaman - Howrah Local,Barddhaman,Howrah,05:28,08:05,08:09,4,157,107,Main Line,Howrah,DOWN
37118,Barddhaman - Howrah Local,Barddhaman,Howrah,05:42,07:56,08:14,18,134,95,Chord Line,Howrah,DOWN
37118,Barddhaman - Howrah Local,Barddhaman,Howrah,05:46,08:25,08:31,6,159,107,Main Line,Howrah,DOWN
37120,Barddhaman - Howrah Local,Barddhaman,Howrah,06:01,08:19,08:37,18,138,95,Chord Line,Howrah,DOWN
37120,Barddhaman - Howrah Local,Barddhaman,Howrah,06:08,08:43,09:01,18,155,107,Main Line,Howrah,DOWN
37122,Barddhaman - Howrah Local,Barddhaman,Howrah,06:23,08:40,08:58,18,137,95,Chord Line,Howrah,DOWN
37122,Barddhaman - Howrah Local,Barddhaman,Howrah,06:26,08:57,09:00,3,151,107,Main Line,Howrah,DOWN
37124,Barddhaman - Howrah Local,Barddhaman,Howrah,06:44,08:56,08:59,3,132,95,Chord Line,Howrah,DOWN
37124,Barddhaman - Howrah Local,Barddhaman,Howrah,06:45,09:19,09:25,6,154,107,Main Line,Howrah,DOWN
37126,Barddhaman - Howrah Local,Barddhaman,Howrah,07:05,09:40,09:42,2,155,107,Main Line,Howrah,DOWN
37126,Barddhaman - Howrah Local,Barddhaman,Howrah,07:05,09:16,09:18,2,131,95,Chord Line,Howrah,DOWN
37128,Barddhaman - Howrah Local,Barddhaman,Howrah,07:27,10:05,10:08,3,158,107,Main Line,Howrah,DOWN
37128,Barddhaman - Howrah Local,Barddhaman,Howrah,07:27,09:46,09:59,13,139,95,Chord Line,Howrah,DOWN
37130,Barddhaman - Howrah Local,Barddhaman,Howrah,07:45,10:17,10:24,7,152,107,Main Line,Howrah,DOWN
37130,Barddhaman - Howrah Local,Barddhaman,Howrah,07:46,10:05,10:10,5,139,95,Chord Line,Howrah,DOWN
37132,Barddhaman - Howrah Local,Barddhaman,Howrah,08:03,10:38,10:50,12,155,107,Main Line,Howrah,DOWN
37132,Barddhaman - Howrah Local,Barddhaman,Howrah,08:06,10:17,10:35,18,131,95,Chord Line,Howrah,DOWN
37134,Barddhaman - Howrah Local,Barddhaman,Howrah,08:24,10:56,11:03,7,152,107,Main Line,Howrah,DOWN
37134,Barddhaman - Howrah Local,Barddhaman,Howrah,08:25,10:38,10:44,6,133,95,Chord Line,Howrah,DOWN
37136,Barddhaman - Howrah Local,Barddhaman,Howrah,08:44,11:19,11:22,3,155,107,Main Line,Howrah,DOWN
37136,Barddhaman - Howrah Local,Barddhaman,Howrah,08:44,11:00,11:07,7,136,95,Chord Line,Howrah,DOWN
37138,Barddhaman - Howrah Local,Barddhaman,Howrah,09:02,11:36,11:48,12,154,107,Main Line,Howrah,DOWN
37138,Barddhaman - Howrah Local,Barddhaman,Howrah,09:02,11:15,11:32,17,133,95,Chord Line,Howrah,DOWN
37140,Barddhaman - Howrah Local,Barddhaman,Howrah,09:20,11:35,11:52,17,135,95,Chord Line,Howrah,DOWN
37140,Barddhaman - Howrah Local,Barddhaman,Howrah,09:23,12:02,12:04,2,159,107,Main Line,Howrah,DOWN
37142,Barddhaman - Howrah Local,Barddhaman,Howrah,09:38,11:50,12:00,10,132,95,Chord Line,Howrah,DOWN
37142,Barddhaman - Howrah Local,Barddhaman,Howrah,09:44,12:20,12:27,7,156,107,Main Line,Howrah,DOWN
37144,Barddhaman - Howrah Local,Barddhaman,Howrah,09:58,12:10,12:27,17,132,95,Chord Line,Howrah,DOWN
37144,Barddhaman - Howrah Local,Barddhaman,Howrah,10:02,12:41,12:45,4,159,107,Main Line,Howrah,DOWN
37146,Barddhaman - Howrah Local,Barddhaman,Howrah,10:16,12:29,12:34,5,133,95,Chord Line,Howrah,DOWN
37146,Barddhaman - Howrah Local,Barddhaman,Howrah,10:23,12:56,13:00,4,153,107,Main Line,Howrah,DOWN
37148,Barddhaman - Howrah Local,Barddhaman,Howrah,10:37,12:52,13:00,8,135,95,Chord Line,Howrah,DOWN
37148,Barddhaman - Howrah Local,Barddhaman,Howrah,10:41,13:20,13:30,10,159,107,Main Line,Howrah,DOWN
37150,Barddhaman - Howrah Local,Barddhaman,Howrah,10:56,13:15,13:17,2,139,95,Chord Line,Howrah,DOWN
37150,Barddhaman - Howrah Local,Barddhaman,Howrah,11:00,13:39,13:48,9,159,107,Main Line,Howrah,DOWN
37152,Barddhaman - Howrah Local,Barddhaman,Howrah,11:18,13:36,13:44,8,138,95,Chord Line,Howrah,DOWN
37152,Barddhaman - Howrah Local,Barddhaman,Howrah,11:21,13:52,14:11,19,151,107,Main Line,Howrah,DOWN
37154,Barddhaman - Howrah Local,Barddhaman,Howrah,11:37,13:53,14:02,9,136,95,Chord Line,Howrah,DOWN
37154,Barddhaman - Howrah Local,Barddhaman,Howrah,11:39,14:18,14:20,2,159,107,Main Line,Howrah,DOWN
37156,Barddhaman - Howrah Local,Barddhaman,Howrah,11:58,14:34,14:46,12,156,107,Main Line,Howrah,DOWN
37156,Barddhaman - Howrah Local,Barddhaman,Howrah,11:59,14:11,14:30,19,132,95,Chord Line,Howrah,DOWN
37158,Barddhaman - Howrah Local,Barddhaman,Howrah,12:17,14:33,14:44,11,136,95,Chord Line,Howrah,DOWN
37158,Barddhaman - Howrah Local,Barddhaman,Howrah,12:18,14:55,14:59,4,157,107,Main Line,Howrah,DOWN
37160,Barddhaman - Howrah Local,Barddhaman,Howrah,12:37,14:54,15:02,8,137,95,Chord Line,Howrah,DOWN
37160,Barddhaman - Howrah Local,Barddhaman,Howrah,12:39,15:10,15:27,17,151,107,Main Line,Howrah,DOWN
37162,Barddhaman - Howrah Local,Barddhaman,Howrah,12:57,15:14,15:31,17,137,95,Chord Line,Howrah,DOWN
37162,Barddhaman - Howrah Local,Barddhaman,Howrah,12:58,15:34,15:52,18,156,107,Main Line,Howrah,DOWN
37164,Barddhaman - Howrah Local,Barddhaman,Howrah,13:15,15:27,15:30,3,132,95,Chord Line,Howrah,DOWN
37164,Barddhaman - Howrah Local,Barddhaman,Howrah,13:18,15:53,15:55,2,155,107,Main Line,Howrah,DOWN
37166,Barddhaman - Howrah Local,Barddhaman,Howrah,13:37,15:55,16:12,17,138,95,Chord Line,Howrah,DOWN
37166,Barddhaman - Howrah Local,Barddhaman,Howrah,13:38,16:17,16:30,13,159,107,Main Line,Howrah,DOWN
37168,Barddhaman - Howrah Local,Barddhaman,Howrah,13:57,16:28,16:34,6,151,107,Main Line,Howrah,DOWN
37168,Barddhaman - Howrah Local,Barddhaman,Howrah,13:57,16:09,16:15,6,132,95,Chord Line,Howrah,DOWN
37170,Barddhaman - Howrah Local,Barddhaman,Howrah,14:16,16:32,16:42,10,136,95,Chord Line,Howrah,DOWN
37170,Barddhaman - Howrah Local,Barddhaman,Howrah,14:17,16:54,17:04,10,157,107,Main Line,Howrah,DOWN
37172,Barddhaman - Howrah Local,Barddhaman,Howrah,14:36,16:53,16:57,4,137,95,Chord Line,Howrah,DOWN
37172,Barddhaman - Howrah Local,Barddhaman,Howrah,14:37,17:16,17:33,17,159,107,Main Line,Howrah,DOWN
37174,Barddhaman - Howrah Local,Barddhaman,Howrah,14:55,17:29,17:46,17,154,107,Main Line,Howrah,DOWN
37174,Barddhaman - Howrah Local,Barddhaman,Howrah,14:58,17:12,17:16,4,134,95,Chord Line,Howrah,DOWN
37176,Barddhaman - Howrah Local,Barddhaman,Howrah,15:15,17:51,17:53,2,156,107,Main Line,Howrah,DOWN
37176,Barddhaman - Howrah Local,Barddhaman,Howrah,15:20,17:31,17:43,12,131,95,Chord Line,Howrah,DOWN
37178,Barddhaman - Howrah Local,Barddhaman,Howrah,15:34,18:07,18:25,18,153,107,Main Line,Howrah,DOWN
37178,Barddhaman - Howrah Local,Barddhaman,Howrah,15:39,17:58,18:07,9,139,95,Chord Line,Howrah,DOWN
37180,Barddhaman - Howrah Local,Barddhaman,Howrah,15:55,18:32,18:37,5,157,107,Main Line,Howrah,DOWN
37180,Barddhaman - Howrah Local,Barddhaman,Howrah,15:57,18:15,18:22,7,138,95,Chord Line,Howrah,DOWN
37182,Barddhaman - Howrah Local,Barddhaman,Howrah,16:13,18:47,18:56,9,154,107,Main Line,Howrah,DOWN
37182,Barddhaman - Howrah Local,Barddhaman,Howrah,16:15,18:30,18:34,4,135,95,Chord Line,Howrah,DOWN
37184,Barddhaman - Howrah Local,Barddhaman,Howrah,16:35,19:09,19:26,17,154,107,Main Line,Howrah,DOWN
37184,Barddhaman - Howrah Local,Barddhaman,Howrah,16:37,18:53,18:57,4,136,95,Chord Line,Howrah,DOWN
37186,Barddhaman - Howrah Local,Barddhaman,Howrah,16:56,19:29,19:48,19,153,107,Main Line,Howrah,DOWN
37186,Barddhaman - Howrah Local,Barddhaman,Howrah,16:58,19:17,19:32,15,139,95,Chord Line,Howrah,DOWN
37188,Barddhaman - Howrah Local,Barddhaman,Howrah,17:18,19:53,20:12,19,155,107,Main Line,Howrah,DOWN
37188,Barddhaman - Howrah Local,Barddhaman,Howrah,17:18,19:34,19:37,3,136,95,Chord Line,Howrah,DOWN
37190,Barddhaman - Howrah Local,Barddhaman,Howrah,17:39,20:15,20:19,4,156,107,Main Line,Howrah,DOWN
37190,Barddhaman - Howrah Local,Barddhaman,Howrah,17:40,19:58,20:15,17,138,95,Chord Line,Howrah,DOWN
37192,Barddhaman - Howrah Local,Barddhaman,Howrah,17:59,20:17,20:27,10,138,95,Chord Line,Howrah,DOWN
37192,Barddhaman - Howrah Local,Barddhaman,Howrah,18:01,20:40,20:45,5,159,107,Main Line,Howrah,DOWN
37194,Barddhaman - Howrah Local,Barddhaman,Howrah,18:21,20:34,20:36,2,133,95,Chord Line,Howrah,DOWN
37194,Barddhaman - Howrah Local,Barddhaman,Howrah,18:22,20:56,21:01,5,154,107,Main Line,Howrah,DOWN
37196,Barddhaman - Howrah Local,Barddhaman,Howrah,18:41,21:20,21:22,2,159,107,Main Line,Howrah,DOWN
37196,Barddhaman - Howrah Local,Barddhaman,Howrah,18:42,20:56,21:11,15,134,95,Chord Line,Howrah,DOWN
37198,Barddhaman - Howrah Local,Barddhaman,Howrah,19:00,21:33,21:50,17,153,107,Main Line,Howrah,DOWN
37198,Barddhaman - Howrah Local,Barddhaman,Howrah,19:04,21:18,21:27,9,134,95,Chord Line,Howrah,DOWN
37200,Barddhaman - Howrah Local,Barddhaman,Howrah,19:19,21:58,22:06,8,159,107,Main Line,Howrah,DOWN
37200,Barddhaman - Howrah Local,Barddhaman,Howrah,19:24,21:36,21:40,4,132,95,Chord Line,Howrah,DOWN
37202,Barddhaman - Howrah Local,Barddhaman,Howrah,19:39,22:16,22:34,18,157,107,Main Line,Howrah,DOWN
37202,Barddhaman - Howrah Local,Barddhaman,Howrah,19:42,22:00,22:02,2,138,95,Chord Line,Howrah,DOWN
37204,Barddhaman - Howrah Local,Barddhaman,Howrah,19:58,22:31,22:48,17,153,107,Main Line,Howrah,DOWN
37204,Barddhaman - Howrah Local,Barddhaman,Howrah,20:00,22:14,22:27,13,134,95,Chord Line,Howrah,DOWN
37206,Barddhaman - Howrah Local,Barddhaman,Howrah,20:17,22:49,23:04,15,152,107,Main Line,Howrah,DOWN
37206,Barddhaman - Howrah Local,Barddhaman,Howrah,20:18,22:35,22:42,7,137,95,Chord Line,Howrah,DOWN
37208,Barddhaman - Howrah Local,Barddhaman,Howrah,20:37,23:16,23:23,7,159,107,Main Line,Howrah,DOWN
37208,Barddhaman - Howrah Local,Barddhaman,Howrah,20:40,22:51,23:05,14,131,95,Chord Line,Howrah,DOWN
37210,Barddhaman - Howrah Local,Barddhaman,Howrah,20:59,23:32,23:41,9,153,107,Main Line,Howrah,DOWN
37210,Barddhaman - Howrah Local,Barddhaman,Howrah,21:01,23:17,23:20,3,136,95,Chord Line,Howrah,DOWN
37212,Barddhaman - Howrah Local,Barddhaman,Howrah,21:17,23:50,23:52,2,153,107,Main Line,Howrah,DOWN
37212,Barddhaman - Howrah Local,Barddhaman,Howrah,21:21,23:35,23:51,16,134,95,Chord Line,Howrah,DOWN
37214,Barddhaman - Howrah Local,Barddhaman,Howrah,21:37,00:13,00:15,2,156,107,Main Line,Howrah,DOWN
37214,Barddhaman - Howrah Local,Barddhaman,Howrah,21:43,23:57,00:03,6,134,95,Chord Line,Howrah,DOWN
37216,Barddhaman - Howrah Local,Barddhaman,Howrah,21:55,00:32,00:49,17,157,107,Main Line,Howrah,DOWN
37216,Barddhaman - Howrah Local,Barddhaman,Howrah,22:01,00:16,00:21,5,135,95,Chord Line,Howrah,DOWN
37218,Barddhaman - Howrah Local,Barddhaman,Howrah,22:16,00:54,00:58,4,158,107,Main Line,Howrah,DOWN
37218,Barddhaman - Howrah Local,Barddhaman,Howrah,22:21,00:36,00:54,18,135,95,Chord Line,Howrah,DOWN
37220,Barddhaman - Howrah Local,Barddhaman,Howrah,22:36,01:09,01:27,18,153,107,Main Line,Howrah,DOWN
37220,Barddhaman - Howrah Local,Barddhaman,Howrah,22:39,00:58,01:11,13,139,95,Chord Line,Howrah,DOWN
37222,Barddhaman - Howrah Local,Barddhaman,Howrah,22:56,01:28,01:43,15,152,107,Main Line,Howrah,DOWN
37222,Barddhaman - Howrah Local,Barddhaman,Howrah,22:59,01:15,01:22,7,136,95,Chord Line,Howrah,DOWN
37224,Barddhaman - Howrah Local,Barddhaman,Howrah,23:15,01:48,01:52,4,153,107,Main Line,Howrah,DOWN
37224,Barddhaman - Howrah Local,Barddhaman,Howrah,23:21,01:33,01:43,10,132,95,Chord Line,Howrah,DOWN
37226,Barddhaman - Howrah Local,Barddhaman,Howrah,23:34,02:09,02:15,6,155,107,Main Line,Howrah,DOWN
37226,Barddhaman - Howrah Local,Barddhaman,Howrah,23:39,01:55,02:13,18,136,95,Chord Line,Howrah,DOWN
37228,Barddhaman - Howrah Local,Barddhaman,Howrah,23:52,02:26,02:41,15,154,107,Main Line,Howrah,DOWN
37102,Belmuri - Howrah Local,Belmuri,Howrah,03:00,04:11,04:15,4,71,46,Chord Line,Howrah,DOWN
37104,Belmuri - Howrah Local,Belmuri,Howrah,03:23,04:36,04:38,2,73,46,Chord Line,Howrah,DOWN
37106,Belmuri - Howrah Local,Belmuri,Howrah,03:50,05:02,05:04,2,72,46,Chord Line,Howrah,DOWN
37108,Belmuri - Howrah Local,Belmuri,Howrah,04:17,05:30,05:34,4,73,46,Chord Line,Howrah,DOWN
37110,Belmuri - Howrah Local,Belmuri,Howrah,04:42,05:53,06:12,19,71,46,Chord Line,Howrah,DOWN
37112,Belmuri - Howrah Local,Belmuri,Howrah,05:05,06:11,06:22,11,66,46,Chord Line,Howrah,DOWN
37114,Belmuri - Howrah Local,Belmuri,Howrah,05:32,06:40,06:44,4,68,46,Chord Line,Howrah,DOWN
37116,Belmuri - Howrah Local,Belmuri,Howrah,05:57,07:03,07:12,9,66,46,Chord Line,Howrah,DOWN
37118,Belmuri - Howrah Local,Belmuri,Howrah,06:24,07:35,07:50,15,71,46,Chord Line,Howrah,DOWN
37120,Belmuri - Howrah Local,Belmuri,Howrah,06:48,07:56,08:15,19,68,46,Chord Line,Howrah,DOWN
37122,Belmuri - Howrah Local,Belmuri,Howrah,07:14,08:22,08:38,16,68,46,Chord Line,Howrah,DOWN
37124,Belmuri - Howrah Local,Belmuri,Howrah,07:39,08:49,08:52,3,70,46,Chord Line,Howrah,DOWN
37126,Belmuri - Howrah Local,Belmuri,Howrah,08:02,09:14,09:25,11,72,46,Chord Line,Howrah,DOWN
37128,Belmuri - Howrah Local,Belmuri,Howrah,08:27,09:33,09:36,3,66,46,Chord Line,Howrah,DOWN
37130,Belmuri - Howrah Local,Belmuri,Howrah,08:52,10:02,10:20,18,70,46,Chord Line,Howrah,DOWN
37132,Belmuri - Howrah Local,Belmuri,Howrah,09:17,10:24,10:33,9,67,46,Chord Line,Howrah,DOWN
37134,Belmuri - Howrah Local,Belmuri,Howrah,09:44,10:53,10:55,2,69,46,Chord Line,Howrah,DOWN
37136,Belmuri - Howrah Local,Belmuri,Howrah,10:11,11:18,11:28,10,67,46,Chord Line,Howrah,DOWN
37138,Belmuri - Howrah Local,Belmuri,Howrah,10:35,11:43,11:55,12,68,46,Chord Line,Howrah,DOWN
37140,Belmuri - Howrah Local,Belmuri,Howrah,11:02,12:13,12:30,17,71,46,Chord Line,Howrah,DOWN
37142,Belmuri - Howrah Local,Belmuri,Howrah,11:29,12:39,12:47,8,70,46,Chord Line,Howrah,DOWN
37144,Belmuri - Howrah Local,Belmuri,Howrah,11:54,13:05,13:16,11,71,46,Chord Line,Howrah,DOWN
37146,Belmuri - Howrah Local,Belmuri,Howrah,12:19,13:33,13:37,4,74,46,Chord Line,Howrah,DOWN
37148,Belmuri - Howrah Local,Belmuri,Howrah,12:42,13:53,14:12,19,71,46,Chord Line,Howrah,DOWN
37150,Belmuri - Howrah Local,Belmuri,Howrah,13:09,14:15,14:29,14,66,46,Chord Line,Howrah,DOWN
37152,Belmuri - Howrah Local,Belmuri,Howrah,13:33,14:47,14:55,8,74,46,Chord Line,Howrah,DOWN
37154,Belmuri - Howrah Local,Belmuri,Howrah,13:57,15:08,15:13,5,71,46,Chord Line,Howrah,DOWN
37156,Belmuri - Howrah Local,Belmuri,Howrah,14:22,15:34,15:48,14,72,46,Chord Line,Howrah,DOWN
37158,Belmuri - Howrah Local,Belmuri,Howrah,14:48,15:56,15:58,2,68,46,Chord Line,Howrah,DOWN
37160,Belmuri - Howrah Local,Belmuri,Howrah,15:13,16:22,16:31,9,69,46,Chord Line,Howrah,DOWN
37162,Belmuri - Howrah Local,Belmuri,Howrah,15:36,16:50,17:05,15,74,46,Chord Line,Howrah,DOWN
37164,Belmuri - Howrah Local,Belmuri,Howrah,16:00,17:09,17:26,17,69,46,Chord Line,Howrah,DOWN
37166,Belmuri - Howrah Local,Belmuri,Howrah,16:24,17:38,17:53,15,74,46,Chord Line,Howrah,DOWN
37168,Belmuri - Howrah Local,Belmuri,Howrah,16:51,18:05,18:18,13,74,46,Chord Line,Howrah,DOWN
37170,Belmuri - Howrah Local,Belmuri,Howrah,17:18,18:30,18:46,16,72,46,Chord Line,Howrah,DOWN
37172,Belmuri - Howrah Local,Belmuri,Howrah,17:41,18:48,18:51,3,67,46,Chord Line,Howrah,DOWN
37174,Belmuri - Howrah Local,Belmuri,Howrah,18:07,19:15,19:18,3,68,46,Chord Line,Howrah,DOWN
37176,Belmuri - Howrah Local,Belmuri,Howrah,18:30,19:43,20:01,18,73,46,Chord Line,Howrah,DOWN
37178,Belmuri - Howrah Local,Belmuri,Howrah,18:53,20:03,20:14,11,70,46,Chord Line,Howrah,DOWN
37180,Belmuri - Howrah Local,Belmuri,Howrah,19:18,20:26,20:33,7,68,46,Chord Line,Howrah,DOWN
37182,Belmuri - Howrah Local,Belmuri,Howrah,19:43,20:57,21:13,16,74,46,Chord Line,Howrah,DOWN
37184,Belmuri - Howrah Local,Belmuri,Howrah,20:09,21:17,21:29,12,68,46,Chord Line,Howrah,DOWN
37186,Belmuri - Howrah Local,Belmuri,Howrah,20:34,21:40,21:46,6,66,46,Chord Line,Howrah,DOWN
37188,Belmuri - Howrah Local,Belmuri,Howrah,20:59,22:08,22:10,2,69,46,Chord Line,Howrah,DOWN
37190,Belmuri - Howrah Local,Belmuri,Howrah,21:22,22:30,22:39,9,68,46,Chord Line,Howrah,DOWN
37192,Belmuri - Howrah Local,Belmuri,Howrah,21:46,22:56,23:09,13,70,46,Chord Line,Howrah,DOWN
37194,Belmuri - Howrah Local,Belmuri,Howrah,22:10,23:19,23:32,13,69,46,Chord Line,Howrah,DOWN
37196,Belmuri - Howrah Local,Belmuri,Howrah,22:34,23:41,23:47,6,67,46,Chord Line,Howrah,DOWN
37198,Belmuri - Howrah Local,Belmuri,Howrah,22:58,00:05,00:13,8,67,46,Chord Line,Howrah,DOWN
37200,Belmuri - Howrah Local,Belmuri,Howrah,23:24,00:30,00:35,5,66,46,Chord Line,Howrah,DOWN
37202,Belmuri - Howrah Local,Belmuri,Howrah,23:47,00:59,01:06,7,72,46,Chord Line,Howrah,DOWN
37102,Chandanpur - Howrah Local,Chandanpur,Howrah,03:00,03:57,04:11,14,57,41,Chord Line,Howrah,DOWN
37104,Chandanpur - Howrah Local,Chandanpur,Howrah,03:24,04:23,04:39,16,59,41,Chord Line,Howrah,DOWN
37106,Chandanpur - Howrah Local,Chandanpur,Howrah,03:49,04:48,04:52,4,59,41,Chord Line,Howrah,DOWN
37108,Chandanpur - Howrah Local,Chandanpur,Howrah,04:14,05:16,05:25,9,62,41,Chord Line,Howrah,DOWN
37110,Chandanpur - Howrah Local,Chandanpur,Howrah,04:41,05:40,05:57,17,59,41,Chord Line,Howrah,DOWN
37112,Chandanpur - Howrah Local,Chandanpur,Howrah,05:04,06:07,06:21,14,63,41,Chord Line,Howrah,DOWN
37114,Chandanpur - Howrah Local,Chandanpur,Howrah,05:30,06:30,06:49,19,60,41,Chord Line,Howrah,DOWN
37116,Chandanpur - Howrah Local,Chandanpur,Howrah,05:55,06:56,07:07,11,61,41,Chord Line,Howrah,DOWN
37118,Chandanpur - Howrah Local,Chandanpur,Howrah,06:21,07:23,07:41,18,62,41,Chord Line,Howrah,DOWN
37120,Chandanpur - Howrah Local,Chandanpur,Howrah,06:47,07:51,07:57,6,64,41,Chord Line,Howrah,DOWN
37122,Chandanpur - Howrah Local,Chandanpur,Howrah,07:13,08:11,08:21,10,58,41,Chord Line,Howrah,DOWN
37124,Chandanpur - Howrah Local,Chandanpur,Howrah,07:38,08:35,08:48,13,57,41,Chord Line,Howrah,DOWN
37126,Chandanpur - Howrah Local,Chandanpur,Howrah,08:04,09:04,09:06,2,60,41,Chord Line,Howrah,DOWN
37128,Chandanpur - Howrah Local,Chandanpur,Howrah,08:27,09:30,09:32,2,63,41,Chord Line,Howrah,DOWN
37130,Chandanpur - Howrah Local,Chandanpur,Howrah,08:53,09:51,10:07,16,58,41,Chord Line,Howrah,DOWN
37132,Chandanpur - Howrah Local,Chandanpur,Howrah,09:17,10:14,10:17,3,57,41,Chord Line,Howrah,DOWN
37134,Chandanpur - Howrah Local,Chandanpur,Howrah,09:40,10:37,10:54,17,57,41,Chord Line,Howrah,DOWN
37136,Chandanpur - Howrah Local,Chandanpur,Howrah,10:03,10:59,11:08,9,56,41,Chord Line,Howrah,DOWN
37138,Chandanpur - Howrah Local,Chandanpur,Howrah,10:29,11:31,11:45,14,62,41,Chord Line,Howrah,DOWN
37140,Chandanpur - Howrah Local,Chandanpur,Howrah,10:53,11:54,11:56,2,61,41,Chord Line,Howrah,DOWN
37142,Chandanpur - Howrah Local,Chandanpur,Howrah,11:20,12:20,12:37,17,60,41,Chord Line,Howrah,DOWN
37144,Chandanpur - Howrah Local,Chandanpur,Howrah,11:44,12:41,12:49,8,57,41,Chord Line,Howrah,DOWN
37146,Chandanpur - Howrah Local,Chandanpur,Howrah,12:11,13:15,13:21,6,64,41,Chord Line,Howrah,DOWN
37148,Chandanpur - Howrah Local,Chandanpur,Howrah,12:34,13:37,13:41,4,63,41,Chord Line,Howrah,DOWN
37150,Chandanpur - Howrah Local,Chandanpur,Howrah,13:00,14:00,14:13,13,60,41,Chord Line,Howrah,DOWN
37152,Chandanpur - Howrah Local,Chandanpur,Howrah,13:24,14:27,14:44,17,63,41,Chord Line,Howrah,DOWN
37154,Chandanpur - Howrah Local,Chandanpur,Howrah,13:50,14:50,14:56,6,60,41,Chord Line,Howrah,DOWN
37156,Chandanpur - Howrah Local,Chandanpur,Howrah,14:17,15:18,15:33,15,61,41,Chord Line,Howrah,DOWN
37158,Chandanpur - Howrah Local,Chandanpur,Howrah,14:44,15:48,15:54,6,64,41,Chord Line,Howrah,DOWN
37160,Chandanpur - Howrah Local,Chandanpur,Howrah,15:11,16:07,16:23,16,56,41,Chord Line,Howrah,DOWN
37162,Chandanpur - Howrah Local,Chandanpur,Howrah,15:34,16:31,16:49,18,57,41,Chord Line,Howrah,DOWN
37164,Chandanpur - Howrah Local,Chandanpur,Howrah,16:00,17:03,17:18,15,63,41,Chord Line,Howrah,DOWN
37166,Chandanpur - Howrah Local,Chandanpur,Howrah,16:26,17:28,17:34,6,62,41,Chord Line,Howrah,DOWN
37168,Chandanpur - Howrah Local,Chandanpur,Howrah,16:51,17:54,18:07,13,63,41,Chord Line,Howrah,DOWN
37170,Chandanpur - Howrah Local,Chandanpur,Howrah,17:17,18:13,18:30,17,56,41,Chord Line,Howrah,DOWN
37172,Chandanpur - Howrah Local,Chandanpur,Howrah,17:40,18:44,19:01,17,64,41,Chord Line,Howrah,DOWN
37174,Chandanpur - Howrah Local,Chandanpur,Howrah,18:04,19:02,19:10,8,58,41,Chord Line,Howrah,DOWN
37176,Chandanpur - Howrah Local,Chandanpur,Howrah,18:29,19:31,19:36,5,62,41,Chord Line,Howrah,DOWN
37178,Chandanpur - Howrah Local,Chandanpur,Howrah,18:55,19:55,19:57,2,60,41,Chord Line,Howrah,DOWN
37180,Chandanpur - Howrah Local,Chandanpur,Howrah,19:19,20:22,20:28,6,63,41,Chord Line,Howrah,DOWN
37182,Chandanpur - Howrah Local,Chandanpur,Howrah,19:45,20:48,20:59,11,63,41,Chord Line,Howrah,DOWN
37184,Chandanpur - Howrah Local,Chandanpur,Howrah,20:08,21:12,21:18,6,64,41,Chord Line,Howrah,DOWN
37186,Chandanpur - Howrah Local,Chandanpur,Howrah,20:35,21:38,21:43,5,63,41,Chord Line,Howrah,DOWN
37188,Chandanpur - Howrah Local,Chandanpur,Howrah,21:02,22:06,22:09,3,64,41,Chord Line,Howrah,DOWN
37190,Chandanpur - Howrah Local,Chandanpur,Howrah,21:28,22:32,22:43,11,64,41,Chord Line,Howrah,DOWN
37192,Chandanpur - Howrah Local,Chandanpur,Howrah,21:52,22:54,22:56,2,62,41,Chord Line,Howrah,DOWN
37194,Chandanpur - Howrah Local,Chandanpur,Howrah,22:15,23:18,23:24,6,63,41,Chord Line,Howrah,DOWN
37196,Chandanpur - Howrah Local,Chandanpur,Howrah,22:40,23:42,23:56,14,62,41,Chord Line,Howrah,DOWN
37198,Chandanpur - Howrah Local,Chandanpur,Howrah,23:07,00:08,00:13,5,61,41,Chord Line,Howrah,DOWN
37200,Chandanpur - Howrah Local,Chandanpur,Howrah,23:34,00:35,00:52,17,61,41,Chord Line,Howrah,DOWN
37102,Goghat - Howrah Local,Goghat,Howrah,03:00,05:14,05:31,17,134,91,Tarakeswar Line,Howrah,DOWN
37104,Goghat - Howrah Local,Goghat,Howrah,03:35,05:48,05:51,3,133,91,Tarakeswar Line,Howrah,DOWN
37106,Goghat - Howrah Local,Goghat,Howrah,04:08,06:22,06:40,18,134,91,Tarakeswar Line,Howrah,DOWN
37108,Goghat - Howrah Local,Goghat,Howrah,04:44,06:55,07:08,13,131,91,Tarakeswar Line,Howrah,DOWN
37110,Goghat - Howrah Local,Goghat,Howrah,05:20,07:31,07:50,19,131,91,Tarakeswar Line,Howrah,DOWN
37112,Goghat - Howrah Local,Goghat,Howrah,05:56,08:06,08:10,4,130,91,Tarakeswar Line,Howrah,DOWN
37114,Goghat - Howrah Local,Goghat,Howrah,06:31,08:37,08:39,2,126,91,Tarakeswar Line,Howrah,DOWN
37116,Goghat - Howrah Local,Goghat,Howrah,07:05,09:15,09:17,2,130,91,Tarakeswar Line,Howrah,DOWN
37118,Goghat - Howrah Local,Goghat,Howrah,07:42,09:52,10:04,12,130,91,Tarakeswar Line,Howrah,DOWN
37120,Goghat - Howrah Local,Goghat,Howrah,08:19,10:32,10:38,6,133,91,Tarakeswar Line,Howrah,DOWN
37122,Goghat - Howrah Local,Goghat,Howrah,08:52,11:00,11:13,13,128,91,Tarakeswar Line,Howrah,DOWN
37124,Goghat - Howrah Local,Goghat,Howrah,09:29,11:35,11:39,4,126,91,Tarakeswar Line,Howrah,DOWN
37126,Goghat - Howrah Local,Goghat,Howrah,10:06,12:12,12:14,2,126,91,Tarakeswar Line,Howrah,DOWN
37128,Goghat - Howrah Local,Goghat,Howrah,10:41,12:54,12:56,2,133,91,Tarakeswar Line,Howrah,DOWN
37130,Goghat - Howrah Local,Goghat,Howrah,11:16,13:24,13:33,9,128,91,Tarakeswar Line,Howrah,DOWN
37132,Goghat - Howrah Local,Goghat,Howrah,11:49,13:56,14:07,11,127,91,Tarakeswar Line,Howrah,DOWN
37134,Goghat - Howrah Local,Goghat,Howrah,12:26,14:36,14:48,12,130,91,Tarakeswar Line,Howrah,DOWN
37136,Goghat - Howrah Local,Goghat,Howrah,13:01,15:11,15:24,13,130,91,Tarakeswar Line,Howrah,DOWN
37138,Goghat - Howrah Local,Goghat,Howrah,13:35,15:45,15:59,14,130,91,Tarakeswar Line,Howrah,DOWN
37140,Goghat - Howrah Local,Goghat,Howrah,14:10,16:17,16:30,13,127,91,Tarakeswar Line,Howrah,DOWN
37142,Goghat - Howrah Local,Goghat,Howrah,14:43,16:51,17:06,15,128,91,Tarakeswar Line,Howrah,DOWN
37144,Goghat - Howrah Local,Goghat,Howrah,15:20,17:28,17:31,3,128,91,Tarakeswar Line,Howrah,DOWN
37146,Goghat - Howrah Local,Goghat,Howrah,15:57,18:08,18:27,19,131,91,Tarakeswar Line,Howrah,DOWN
37148,Goghat - Howrah Local,Goghat,Howrah,16:33,18:43,18:47,4,130,91,Tarakeswar Line,Howrah,DOWN
37150,Goghat - Howrah Local,Goghat,Howrah,17:07,19:20,19:38,18,133,91,Tarakeswar Line,Howrah,DOWN
37152,Goghat - Howrah Local,Goghat,Howrah,17:41,19:55,20:04,9,134,91,Tarakeswar Line,Howrah,DOWN
37154,Goghat - Howrah Local,Goghat,Howrah,18:15,20:26,20:37,11,131,91,Tarakeswar Line,Howrah,DOWN
37156,Goghat - Howrah Local,Goghat,Howrah,18:48,20:56,20:59,3,128,91,Tarakeswar Line,Howrah,DOWN
37158,Goghat - Howrah Local,Goghat,Howrah,19:21,21:29,21:39,10,128,91,Tarakeswar Line,Howrah,DOWN
37160,Goghat - Howrah Local,Goghat,Howrah,19:58,22:10,22:18,8,132,91,Tarakeswar Line,Howrah,DOWN
37162,Goghat - Howrah Local,Goghat,Howrah,20:34,22:43,22:48,5,129,91,Tarakeswar Line,Howrah,DOWN
37164,Goghat - Howrah Local,Goghat,Howrah,21:10,23:18,23:37,19,128,91,Tarakeswar Line,Howrah,DOWN
37166,Goghat - Howrah Local,Goghat,Howrah,21:46,23:57,00:11,14,131,91,Tarakeswar Line,Howrah,DOWN
37168,Goghat - Howrah Local,Goghat,Howrah,22:20,00:30,00:42,12,130,91,Tarakeswar Line,Howrah,DOWN
37170,Goghat - Howrah Local,Goghat,Howrah,22:53,00:59,01:04,5,126,91,Tarakeswar Line,Howrah,DOWN
37172,Goghat - Howrah Local,Goghat,Howrah,23:26,01:39,01:44,5,133,91,Tarakeswar Line,Howrah,DOWN
37101,Howrah - Bandel Local,Howrah,Bandel,03:00,04:04,04:15,11,64,40,Main Line,Howrah,UP
37313,Howrah - Barddhaman Local,Howrah,Barddhaman,03:00,05:31,05:37,6,151,107,Main Line,Howrah,UP
37439,Howrah - Barddhaman Local,Howrah,Barddhaman,03:00,05:14,05:24,10,134,95,Chord Line,Howrah,UP
37563,Howrah - Tarakeswar Local,Howrah,Tarakeswar,03:00,04:26,04:30,4,86,57,Tarakeswar Line,Howrah,UP
37703,Howrah - Goghat Local,Howrah,Goghat,03:00,05:08,05:26,18,128,91,Tarakeswar Line,Howrah,UP
37775,Howrah - Arambagh Local,Howrah,Arambagh,03:00,04:58,05:02,4,118,81,Tarakeswar Line,Howrah,UP
37839,Howrah - Katwa Local,Howrah,Katwa,03:00,06:27,06:44,17,207,144,Main Line,Howrah,UP
37911,Howrah - Shrirampur Local,Howrah,Shrirampur,03:00,03:32,03:37,5,32,20,Main Line,Howrah,UP
38081,Howrah - Belmuri Local,Howrah,Belmuri,03:00,04:10,04:29,19,70,46,Chord Line,Howrah,UP
38183,Howrah - Chandanpur Local,Howrah,Chandanpur,03:00,03:59,04:17,18,59,41,Chord Line,Howrah,UP
38285,Howrah - Masagram Local,Howrah,Masagram,03:00,04:41,04:49,8,101,72,Chord Line,Howrah,UP
38359,Howrah - Kamarkundu Local,Howrah,Kamarkundu,03:00,03:53,03:59,6,53,33,Chord Line,Howrah,UP
37103,Howrah - Bandel Local,Howrah,Bandel,03:12,04:21,04:34,13,69,40,Main Line,Howrah,UP
37913,Howrah - Shrirampur Local,Howrah,Shrirampur,03:16,03:52,04:10,18,36,20,Main Line,Howrah,UP
37315,Howrah - Barddhaman Local,Howrah,Barddhaman,03:18,05:54,06:08,14,156,107,Main Line,Howrah,UP
37565,Howrah - Tarakeswar Local,Howrah,Tarakeswar,03:19,04:48,04:52,4,89,57,Tarakeswar Line,Howrah,UP
38361,Howrah - Kamarkundu Local,Howrah,Kamarkundu,03:20,04:15,04:25,10,55,33,Chord Line,Howrah,UP
37441,Howrah - Barddhaman Local,Howrah,Barddhaman,03:22,05:33,05:51,18,131,95,Chord Line,Howrah,UP
38083,Howrah - Belmuri Local,Howrah,Belmuri,03:23,04:35,04:53,18,72,46,Chord Line,Howrah,UP
38185,Howrah - Chandanpur Local,Howrah,Chandanpur,03:23,04:19,04:36,17,56,41,Chord Line,Howrah,UP
37105,Howrah - Bandel Local,Howrah,Bandel,03:26,04:31,04:45,14,65,40,Main Line,Howrah,UP
37915,Howrah - Shrirampur Local,Howrah,Shrirampur,03:31,04:02,04:20,18,31,20,Main Line,Howrah,UP
38287,Howrah - Masagram Local,Howrah,Masagram,03:33,05:14,05:19,5,101,72,Chord Line,Howrah,UP
37567,Howrah - Tarakeswar Local,Howrah,Tarakeswar,03:36,05:07,05:20,13,91,57,Tarakeswar Line,Howrah,UP
37705,Howrah - Goghat Local,Howrah,Goghat,03:36,05:50,06:00,10,134,91,Tarakeswar Line,Howrah,UP
37841,Howrah - Katwa Local,Howrah,Katwa,03:36,07:05,07:18,13,209,144,Main Line,Howrah,UP
37107,Howrah - Bandel Local,Howrah,Bandel,03:37,04:43,04:53,10,66,40,Main Line,Howrah,UP
38363,Howrah - Kamarkundu Local,Howrah,Kamarkundu,03:38,04:37,04:45,8,59,33,Chord Line,Howrah,UP
37317,Howrah - Barddhaman Local,Howrah,Barddhaman,03:39,06:12,06:27,15,153,107,Main Line,Howrah,UP
37443,Howrah - Barddhaman Local,Howrah,Barddhaman,03:41,05:53,06:09,16,132,95,Chord Line,Howrah,UP
37777,Howrah - Arambagh Local,Howrah,Arambagh,03:41,05:39,05:56,17,118,81,Tarakeswar Line,Howrah,UP
38085,Howrah - Belmuri Local,Howrah,Belmuri,03:46,04:55,05:01,6,69,46,Chord Line,Howrah,UP
38187,Howrah - Chandanpur Local,Howrah,Chandanpur,03:46,04:42,04:46,4,56,41,Chord Line,Howrah,UP
37917,Howrah - Shrirampur Local,Howrah,Shrirampur,03:47,04:21,04:34,13,34,20,Main Line,Howrah,UP
37109,Howrah - Bandel Local,Howrah,Bandel,03:49,04:57,05:02,5,68,40,Main Line,Howrah,UP
37569,Howrah - Tarakeswar Local,Howrah,Tarakeswar,03:54,05:27,05:44,17,93,57,Tarakeswar Line,Howrah,UP
37319,Howrah - Barddhaman Local,Howrah,Barddhaman,03:58,06:34,06:42,8,156,107,Main Line,Howrah,UP
38365,Howrah - Kamarkundu Local,Howrah,Kamarkundu,03:58,04:49,05:03,14,51,33,Chord Line,Howrah,UP
37445,Howrah - Barddhaman Local,Howrah,Barddhaman,04:01,06:14,06:25,11,133,95,Chord Line,Howrah,UP
37111,Howrah - Bandel Local,Howrah,Bandel,04:03,05:05,05:13,8,62,40,Main Line,Howrah,UP
37919,Howrah - Shrirampur Local,Howrah,Shrirampur,04:04,04:36,04:51,15,32,20,Main Line,Howrah,UP
37707,Howrah - Goghat Local,Howrah,Goghat,04:10,06:21,06:27,6,131,91,Tarakeswar Line,Howrah,UP
38289,Howrah - Masagram Local,Howrah,Masagram,04:10,05:56,06:00,4,106,72,Chord Line,Howrah,UP
37571,Howrah - Tarakeswar Local,Howrah,Tarakeswar,04:13,05:41,05:53,12,88,57,Tarakeswar Line,Howrah,UP
37843,Howrah - Katwa Local,Howrah,Katwa,04:13,07:45,07:57,12,212,144,Main Line,Howrah,UP
38087,Howrah - Belmuri Local,Howrah,Belmuri,04:13,05:24,05:43,19,71,46,Chord Line,Howrah,UP
38189,Howrah - Chandanpur Local,Howrah,Chandanpur,04:13,05:10,05:26,16,57,41,Chord Line,Howrah,UP
37113,Howrah - Bandel Local,Howrah,Bandel,04:16,05:21,05:34,13,65,40,Main Line,Howrah,UP
38367,Howrah - Kamarkundu Local,Howrah,Kamarkundu,04:17,05:08,05:18,10,51,33,Chord Line,Howrah,UP
37321,Howrah - Barddhaman Local,Howrah,Barddhaman,04:18,06:52,07:03,11,154,107,Main Line,Howrah,UP
37921,Howrah - Shrirampur Local,Howrah,Shrirampur,04:18,04:50,05:03,13,32,20,Main Line,Howrah,UP
37779,Howrah - Arambagh Local,Howrah,Arambagh,04:21,06:15,06:33,18,114,81,Tarakeswar Line,Howrah,UP
37447,Howrah - Barddhaman Local,Howrah,Barddhaman,04:22,06:40,06:47,7,138,95,Chord Line,Howrah,UP
37115,Howrah - Bandel Local,Howrah,Bandel,04:29,05:32,05:40,8,63,40,Main Line,Howrah,UP
37573,Howrah - Tarakeswar Local,Howrah,Tarakeswar,04:29,05:57,06:12,15,88,57,Tarakeswar Line,Howrah,UP
37923,Howrah - Shrirampur Local,Howrah,Shrirampur,04:35,05:11,05:25,14,36,20,Main Line,Howrah,UP
38369,Howrah - Kamarkundu Local,Howrah,Kamarkundu,04:38,05:30,05:39,9,52,33,Chord Line,Howrah,UP
38089,Howrah - Belmuri Local,Howrah,Belmuri,04:39,05:50,06:01,11,71,46,Chord Line,Howrah,UP
38191,Howrah - Chandanpur Local,Howrah,Chandanpur,04:39,05:35,05:45,10,56,41,Chord Line,Howrah,UP
37323,Howrah - Barddhaman Local,Howrah,Barddhaman,04:40,07:15,07:34,19,155,107,Main Line,Howrah,UP
37117,Howrah - Bandel Local,Howrah,Bandel,04:42,05:48,05:51,3,66,40,Main Line,Howrah,UP
37449,Howrah - Barddhaman Local,Howrah,Barddhaman,04:44,06:57,07:03,6,133,95,Chord Line,Howrah,UP
38291,Howrah - Masagram Local,Howrah,Masagram,04:44,06:25,06:31,6,101,72,Chord Line,Howrah,UP
37709,Howrah - Goghat Local,Howrah,Goghat,04:46,06:54,07:01,7,128,91,Tarakeswar Line,Howrah,UP
37845,Howrah - Katwa Local,Howrah,Katwa,04:46,08:13,08:22,9,207,144,Main Line,Howrah,UP
37575,Howrah - Tarakeswar Local,Howrah,Tarakeswar,04:48,06:22,06:39,17,94,57,Tarakeswar Line,Howrah,UP
37925,Howrah - Shrirampur Local,Howrah,Shrirampur,04:52,05:31,05:45,14,39,20,Main Line,Howrah,UP
37119,Howrah - Bandel Local,Howrah,Bandel,04:53,06:00,06:02,2,67,40,Main Line,Howrah,UP
38371,Howrah - Kamarkundu Local,Howrah,Kamarkundu,04:56,05:51,06:09,18,55,33,Chord Line,Howrah,UP
37325,Howrah - Barddhaman Local,Howrah,Barddhaman,04:59,07:31,07:39,8,152,107,Main Line,Howrah,UP
38091,Howrah - Belmuri Local,Howrah,Belmuri,05:02,06:11,06:25,14,69,46,Chord Line,Howrah,UP
37781,Howrah - Arambagh Local,Howrah,Arambagh,05:03,07:00,07:05,5,117,81,Tarakeswar Line,Howrah,UP
37451,Howrah - Barddhaman Local,Howrah,Barddhaman,05:04,07:22,07:27,5,138,95,Chord Line,Howrah,UP
38193,Howrah - Chandanpur Local,Howrah,Chandanpur,05:04,06:04,06:11,7,60,41,Chord Line,Howrah,UP
37121,Howrah - Bandel Local,Howrah,Bandel,05:06,06:08,06:21,13,62,40,Main Line,Howrah,UP
37577,Howrah - Tarakeswar Local,Howrah,Tarakeswar,05:07,06:40,06:48,8,93,57,Tarakeswar Line,Howrah,UP
37927,Howrah - Shrirampur Local,Howrah,Shrirampur,05:09,05:47,05:58,11,38,20,Main Line,Howrah,UP
37123,Howrah - Bandel Local,Howrah,Bandel,05:16,06:22,06:30,8,66,40,Main Line,Howrah,UP
38373,Howrah - Kamarkundu Local,Howrah,Kamarkundu,05:16,06:13,06:17,4,57,33,Chord Line,Howrah,UP
37327,Howrah - Barddhaman Local,Howrah,Barddhaman,05:19,07:56,08:10,14,157,107,Main Line,Howrah,UP
38293,Howrah - Masagram Local,Howrah,Masagram,05:19,07:06,07:20,14,107,72,Chord Line,Howrah,UP
37711,Howrah - Goghat Local,Howrah,Goghat,05:22,07:30,07:49,19,128,91,Tarakeswar Line,Howrah,UP
37847,Howrah - Katwa Local,Howrah,Katwa,05:22,08:56,09:05,9,214,144,Main Line,Howrah,UP
37929,Howrah - Shrirampur Local,Howrah,Shrirampur,05:23,05:58,06:08,10,35,20,Main Line,Howrah,UP
37453,Howrah - Barddhaman Local,Howrah,Barddhaman,05:25,07:38,07:46,8,133,95,Chord Line,Howrah,UP
37579,Howrah - Tarakeswar Local,Howrah,Tarakeswar,05:25,06:51,06:53,2,86,57,Tarakeswar Line,Howrah,UP
38093,Howrah - Belmuri Local,Howrah,Belmuri,05:25,06:39,06:43,4,74,46,Chord Line,Howrah,UP
37125,Howrah - Bandel Local,Howrah,Bandel,05:27,06:33,06:47,14,66,40,Main Line,Howrah,UP
38195,Howrah - Chandanpur Local,Howrah,Chandanpur,05:27,06:24,06:42,18,57,41,Chord Line,Howrah,UP
38375,Howrah - Kamarkundu Local,Howrah,Kamarkundu,05:34,06:26,06:28,2,52,33,Chord Line,Howrah,UP
37931,Howrah - Shrirampur Local,Howrah,Shrirampur,05:37,06:11,06:18,7,34,20,Main Line,Howrah,UP
37127,Howrah - Bandel Local,Howrah,Bandel,05:38,06:43,06:50,7,65,40,Main Line,Howrah,UP
37329,Howrah - Barddhaman Local,Howrah,Barddhaman,05:41,08:15,08:28,13,154,107,Main Line,Howrah,UP
37581,Howrah - Tarakeswar Local,Howrah,Tarakeswar,05:44,07:14,07:28,14,90,57,Tarakeswar Line,Howrah,UP
37783,Howrah - Arambagh Local,Howrah,Arambagh,05:44,07:39,07:53,14,115,81,Tarakeswar Line,Howrah,UP
37455,Howrah - Barddhaman Local,Howrah,Barddhaman,05:46,08:00,08:16,16,134,95,Chord Line,Howrah,UP
37129,Howrah - Bandel Local,Howrah,Bandel,05:50,06:57,07:14,17,67,40,Main Line,Howrah,UP
37933,Howrah - Shrirampur Local,Howrah,Shrirampur,05:50,06:23,06:35,12,33,20,Main Line,Howrah,UP
38197,Howrah - Chandanpur Local,Howrah,Chandanpur,05:50,06:49,06:55,6,59,41,Chord Line,Howrah,UP
38095,Howrah - Belmuri Local,Howrah,Belmuri,05:52,07:02,07:07,5,70,46,Chord Line,Howrah,UP
38295,Howrah - Masagram Local,Howrah,Masagram,05:54,07:41,07:45,4,107,72,Chord Line,Howrah,UP
38377,Howrah - Kamarkundu Local,Howrah,Kamarkundu,05:54,06:47,07:06,19,53,33,Chord Line,Howrah,UP
37713,Howrah - Goghat Local,Howrah,Goghat,05:57,08:03,08:19,16,126,91,Tarakeswar Line,Howrah,UP
37849,Howrah - Katwa Local,Howrah,Katwa,05:59,09:30,09:40,10,211,144,Main Line,Howrah,UP
37131,Howrah - Bandel Local,Howrah,Bandel,06:02,07:10,07:28,18,68,40,Main Line,Howrah,UP
37331,Howrah - Barddhaman Local,Howrah,Barddhaman,06:03,08:39,08:54,15,156,107,Main Line,Howrah,UP
37935,Howrah - Shrirampur Local,Howrah,Shrirampur,06:03,06:41,06:57,16,38,20,Main Line,Howrah,UP
37583,Howrah - Tarakeswar Local,Howrah,Tarakeswar,06:04,07:35,07:37,2,91,57,Tarakeswar Line,Howrah,UP
37457,Howrah - Barddhaman Local,Howrah,Barddhaman,06:05,08:16,08:20,4,131,95,Chord Line,Howrah,UP
38199,Howrah - Chandanpur Local,Howrah,Chandanpur,06:13,07:12,07:29,17,59,41,Chord Line,Howrah,UP
37133,Howrah - Bandel Local,Howrah,Bandel,06:14,07:23,07:35,12,69,40,Main Line,Howrah,UP
38379,Howrah - Kamarkundu Local,Howrah,Kamarkundu,06:15,07:07,07:20,13,52,33,Chord Line,Howrah,UP
38097,Howrah - Belmuri Local,Howrah,Belmuri,06:16,07:22,07:33,11,66,46,Chord Line,Howrah,UP
37937,Howrah - Shrirampur Local,Howrah,Shrirampur,06:19,06:52,07:09,17,33,20,Main Line,Howrah,UP
37333,Howrah - Barddhaman Local,Howrah,Barddhaman,06:21,08:54,09:03,9,153,107,Main Line,Howrah,UP
37459,Howrah - Barddhaman Local,Howrah,Barddhaman,06:24,08:35,08:42,7,131,95,Chord Line,Howrah,UP
37585,Howrah - Tarakeswar Local,Howrah,Tarakeswar,06:24,07:58,08:11,13,94,57,Tarakeswar Line,Howrah,UP
37785,Howrah - Arambagh Local,Howrah,Arambagh,06:25,08:24,08:33,9,119,81,Tarakeswar Line,Howrah,UP
37135,Howrah - Bandel Local,Howrah,Bandel,06:26,07:33,07:38,5,67,40,Main Line,Howrah,UP
38297,Howrah - Masagram Local,Howrah,Masagram,06:27,08:13,08:22,9,106,72,Chord Line,Howrah,UP
37715,Howrah - Goghat Local,Howrah,Goghat,06:31,08:37,08:56,19,126,91,Tarakeswar Line,Howrah,UP
37939,Howrah - Shrirampur Local,Howrah,Shrirampur,06:33,07:04,07:10,6,31,20,Main Line,Howrah,UP
37851,Howrah - Katwa Local,Howrah,Katwa,06:34,10:06,10:16,10,212,144,Main Line,Howrah,UP
38381,Howrah - Kamarkundu Local,Howrah,Kamarkundu,06:34,07:33,07:38,5,59,33,Chord Line,Howrah,UP
37137,Howrah - Bandel Local,Howrah,Bandel,06:39,07:42,08:00,18,63,40,Main Line,Howrah,UP
38099,Howrah - Belmuri Local,Howrah,Belmuri,06:40,07:54,08:04,10,74,46,Chord Line,Howrah,UP
38201,Howrah - Chandanpur Local,Howrah,Chandanpur,06:40,07:41,07:43,2,61,41,Chord Line,Howrah,UP
37335,Howrah - Barddhaman Local,Howrah,Barddhaman,06:42,09:14,09:28,14,152,107,Main Line,Howrah,UP
37587,Howrah - Tarakeswar Local,Howrah,Tarakeswar,06:44,08:13,08:30,17,89,57,Tarakeswar Line,Howrah,UP
37461,Howrah - Barddhaman Local,Howrah,Barddhaman,06:45,09:02,09:16,14,137,95,Chord Line,Howrah,UP
37941,Howrah - Shrirampur Local,Howrah,Shrirampur,06:46,07:21,07:36,15,35,20,Main Line,Howrah,UP
37139,Howrah - Bandel Local,Howrah,Bandel,06:50,07:53,07:57,4,63,40,Main Line,Howrah,UP
38383,Howrah - Kamarkundu Local,Howrah,Kamarkundu,06:56,07:55,08:02,7,59,33,Chord Line,Howrah,UP
37141,Howrah - Bandel Local,Howrah,Bandel,07:00,08:05,08:24,19,65,40,Main Line,Howrah,UP
37589,Howrah - Tarakeswar Local,Howrah,Tarakeswar,07:00,08:31,08:37,6,91,57,Tarakeswar Line,Howrah,UP
37943,Howrah - Shrirampur Local,Howrah,Shrirampur,07:01,07:38,07:54,16,37,20,Main Line,Howrah,UP
38299,Howrah - Masagram Local,Howrah,Masagram,07:02,08:48,08:51,3,106,72,Chord Line,Howrah,UP
37337,Howrah - Barddhaman Local,Howrah,Barddhaman,07:03,09:38,09:49,11,155,107,Main Line,Howrah,UP
38101,Howrah - Belmuri Local,Howrah,Belmuri,07:03,08:10,08:29,19,67,46,Chord Line,Howrah,UP
37717,Howrah - Goghat Local,Howrah,Goghat,07:04,09:17,09:31,14,133,91,Tarakeswar Line,Howrah,UP
37787,Howrah - Arambagh Local,Howrah,Arambagh,07:04,08:55,09:01,6,111,81,Tarakeswar Line,Howrah,UP
38203,Howrah - Chandanpur Local,Howrah,Chandanpur,07:04,08:01,08:03,2,57,41,Chord Line,Howrah,UP
37463,Howrah - Barddhaman Local,Howrah,Barddhaman,07:05,09:19,09:21,2,134,95,Chord Line,Howrah,UP
37853,Howrah - Katwa Local,Howrah,Katwa,07:09,10:36,10:55,19,207,144,Main Line,Howrah,UP
37143,Howrah - Bandel Local,Howrah,Bandel,07:11,08:15,08:31,16,64,40,Main Line,Howrah,UP
38385,Howrah - Kamarkundu Local,Howrah,Kamarkundu,07:14,08:13,08:31,18,59,33,Chord Line,Howrah,UP
37945,Howrah - Shrirampur Local,Howrah,Shrirampur,07:15,07:51,08:03,12,36,20,Main Line,Howrah,UP
37591,Howrah - Tarakeswar Local,Howrah,Tarakeswar,07:20,08:47,09:05,18,87,57,Tarakeswar Line,Howrah,UP
37145,Howrah - Bandel Local,Howrah,Bandel,07:21,08:28,08:42,14,67,40,Main Line,Howrah,UP
37465,Howrah - Barddhaman Local,Howrah,Barddhaman,07:24,09:36,09:38,2,132,95,Chord Line,Howrah,UP
37339,Howrah - Barddhaman Local,Howrah,Barddhaman,07:25,10:02,10:05,3,157,107,Main Line,Howrah,UP
38205,Howrah - Chandanpur Local,Howrah,Chandanpur,07:27,08:27,08:37,10,60,41,Chord Line,Howrah,UP
38103,Howrah - Belmuri Local,Howrah,Belmuri,07:29,08:41,08:45,4,72,46,Chord Line,Howrah,UP
37947,Howrah - Shrirampur Local,Howrah,Shrirampur,07:30,08:08,08:10,2,38,20,Main Line,Howrah,UP
37147,Howrah - Bandel Local,Howrah,Bandel,07:32,08:34,08:51,17,62,40,Main Line,Howrah,UP
38387,Howrah - Kamarkundu Local,Howrah,Kamarkundu,07:36,08:34,08:41,7,58,33,Chord Line,Howrah,UP
37593,Howrah - Tarakeswar Local,Howrah,Tarakeswar,07:38,09:08,09:26,18,90,57,Tarakeswar Line,Howrah,UP
37719,Howrah - Goghat Local,Howrah,Goghat,07:38,09:46,09:52,6,128,91,Tarakeswar Line,Howrah,UP
38301,Howrah - Masagram Local,Howrah,Masagram,07:38,09:22,09:28,6,104,72,Chord Line,Howrah,UP
37149,Howrah - Bandel Local,Howrah,Bandel,07:42,08:50,08:57,7,68,40,Main Line,Howrah,UP
37855,Howrah - Katwa Local,Howrah,Katwa,07:42,11:16,11:20,4,214,144,Main Line,Howrah,UP
37341,Howrah - Barddhaman Local,Howrah,Barddhaman,07:43,10:14,10:20,6,151,107,Main Line,Howrah,UP
37467,Howrah - Barddhaman Local,Howrah,Barddhaman,07:43,10:01,10:07,6,138,95,Chord Line,Howrah,UP
37789,Howrah - Arambagh Local,Howrah,Arambagh,07:45,09:43,09:54,11,118,81,Tarakeswar Line,Howrah,UP
37949,Howrah - Shrirampur Local,Howrah,Shrirampur,07:47,08:19,08:30,11,32,20,Main Line,Howrah,UP
38207,Howrah - Chandanpur Local,Howrah,Chandanpur,07:51,08:52,09:10,18,61,41,Chord Line,Howrah,UP
37151,Howrah - Bandel Local,Howrah,Bandel,07:52,08:53,09:08,15,61,40,Main Line,Howrah,UP
37595,Howrah - Tarakeswar Local,Howrah,Tarakeswar,07:55,09:26,09:36,10,91,57,Tarakeswar Line,Howrah,UP
38105,Howrah - Belmuri Local,Howrah,Belmuri,07:56,09:09,09:24,15,73,46,Chord Line,Howrah,UP
38389,Howrah - Kamarkundu Local,Howrah,Kamarkundu,07:56,08:50,08:52,2,54,33,Chord Line,Howrah,UP
37951,Howrah - Shrirampur Local,Howrah,Shrirampur,08:00,08:39,08:53,14,39,20,Main Line,Howrah,UP
37343,Howrah - Barddhaman Local,Howrah,Barddhaman,08:01,10:37,10:51,14,156,107,Main Line,Howrah,UP
37469,Howrah - Barddhaman Local,Howrah,Barddhaman,08:02,10:20,10:25,5,138,95,Chord Line,Howrah,UP
37153,Howrah - Bandel Local,Howrah,Bandel,08:06,09:13,09:15,2,67,40,Main Line,Howrah,UP
37597,Howrah - Tarakeswar Local,Howrah,Tarakeswar,08:11,09:45,10:03,18,94,57,Tarakeswar Line,Howrah,UP
38303,Howrah - Masagram Local,Howrah,Masagram,08:11,09:55,10:04,9,104,72,Chord Line,Howrah,UP
37953,Howrah - Shrirampur Local,Howrah,Shrirampur,08:13,08:46,08:49,3,33,20,Main Line,Howrah,UP
37721,Howrah - Goghat Local,Howrah,Goghat,08:14,10:22,10:31,9,128,91,Tarakeswar Line,Howrah,UP
38391,Howrah - Kamarkundu Local,Howrah,Kamarkundu,08:14,09:06,09:14,8,52,33,Chord Line,Howrah,UP
37155,Howrah - Bandel Local,Howrah,Bandel,08:16,09:18,09:21,3,62,40,Main Line,Howrah,UP
37857,Howrah - Katwa Local,Howrah,Katwa,08:17,11:44,11:48,4,207,144,Main Line,Howrah,UP
38209,Howrah - Chandanpur Local,Howrah,Chandanpur,08:18,09:16,09:35,19,58,41,Chord Line,Howrah,UP
38107,Howrah - Belmuri Local,Howrah,Belmuri,08:20,09:34,09:47,13,74,46,Chord Line,Howrah,UP
37345,Howrah - Barddhaman Local,Howrah,Barddhaman,08:21,10:58,11:00,2,157,107,Main Line,Howrah,UP
37471,Howrah - Barddhaman Local,Howrah,Barddhaman,08:24,10:42,10:55,13,138,95,Chord Line,Howrah,UP
37791,Howrah - Arambagh Local,Howrah,Arambagh,08:25,10:21,10:27,6,116,81,Tarakeswar Line,Howrah,UP
37955,Howrah - Shrirampur Local,Howrah,Shrirampur,08:27,09:05,09:23,18,38,20,Main Line,Howrah,UP
37157,Howrah - Bandel Local,Howrah,Bandel,08:30,09:35,09:52,17,65,40,Main Line,Howrah,UP
37599,Howrah - Tarakeswar Local,Howrah,Tarakeswar,08:30,10:02,10:18,16,92,57,Tarakeswar Line,Howrah,UP
38393,Howrah - Kamarkundu Local,Howrah,Kamarkundu,08:36,09:32,09:48,16,56,33,Chord Line,Howrah,UP
37159,Howrah - Bandel Local,Howrah,Bandel,08:40,09:43,09:49,6,63,40,Main Line,Howrah,UP
37957,Howrah - Shrirampur Local,Howrah,Shrirampur,08:40,09:12,09:27,15,32,20,Main Line,Howrah,UP
37347,Howrah - Barddhaman Local,Howrah,Barddhaman,08:42,11:16,11:19,3,154,107,Main Line,Howrah,UP
38211,Howrah - Chandanpur Local,Howrah,Chandanpur,08:43,09:42,09:54,12,59,41,Chord Line,Howrah,UP
37473,Howrah - Barddhaman Local,Howrah,Barddhaman,08:44,11:01,11:09,8,137,95,Chord Line,Howrah,UP
38109,Howrah - Belmuri Local,Howrah,Belmuri,08:45,09:56,10:03,7,71,46,Chord Line,Howrah,UP
38305,Howrah - Masagram Local,Howrah,Masagram,08:45,10:27,10:30,3,102,72,Chord Line,Howrah,UP
37601,Howrah - Tarakeswar Local,Howrah,Tarakeswar,08:47,10:14,10:21,7,87,57,Tarakeswar Line,Howrah,UP
37723,Howrah - Goghat Local,Howrah,Goghat,08:47,11:00,11:19,19,133,91,Tarakeswar Line,Howrah,UP
37859,Howrah - Katwa Local,Howrah,Katwa,08:52,12:22,12:25,3,210,144,Main Line,Howrah,UP
37161,Howrah - Bandel Local,Howrah,Bandel,08:54,10:01,10:20,19,67,40,Main Line,Howrah,UP
38395,Howrah - Kamarkundu Local,Howrah,Kamarkundu,08:56,09:53,10:09,16,57,33,Chord Line,Howrah,UP
37959,Howrah - Shrirampur Local,Howrah,Shrirampur,08:57,09:31,09:34,3,34,20,Main Line,Howrah,UP
37349,Howrah - Barddhaman Local,Howrah,Barddhaman,09:00,11:31,11:38,7,151,107,Main Line,Howrah,UP
37475,Howrah - Barddhaman Local,Howrah,Barddhaman,09:03,11:14,11:16,2,131,95,Chord Line,Howrah,UP
37163,Howrah - Bandel Local,Howrah,Bandel,09:04,10:08,10:24,16,64,40,Main Line,Howrah,UP
37603,Howrah - Tarakeswar Local,Howrah,Tarakeswar,09:04,10:35,10:46,11,91,57,Tarakeswar Line,Howrah,UP
37793,Howrah - Arambagh Local,Howrah,Arambagh,09:06,10:57,11:15,18,111,81,Tarakeswar Line,Howrah,UP
38111,Howrah - Belmuri Local,Howrah,Belmuri,09:08,10:16,10:22,6,68,46,Chord Line,Howrah,UP
37961,Howrah - Shrirampur Local,Howrah,Shrirampur,09:10,09:46,09:51,5,36,20,Main Line,Howrah,UP
38213,Howrah - Chandanpur Local,Howrah,Chandanpur,09:10,10:07,10:18,11,57,41,Chord Line,Howrah,UP
37165,Howrah - Bandel Local,Howrah,Bandel,09:16,10:21,10:39,18,65,40,Main Line,Howrah,UP
38397,Howrah - Kamarkundu Local,Howrah,Kamarkundu,09:18,10:15,10:26,11,57,33,Chord Line,Howrah,UP
38307,Howrah - Masagram Local,Howrah,Masagram,09:20,11:05,11:23,18,105,72,Chord Line,Howrah,UP
37351,Howrah - Barddhaman Local,Howrah,Barddhaman,09:22,11:53,11:59,6,151,107,Main Line,Howrah,UP
37605,Howrah - Tarakeswar Local,Howrah,Tarakeswar,09:22,10:52,10:55,3,90,57,Tarakeswar Line,Howrah,UP
37725,Howrah - Goghat Local,Howrah,Goghat,09:23,11:35,11:42,7,132,91,Tarakeswar Line,Howrah,UP
37477,Howrah - Barddhaman Local,Howrah,Barddhaman,09:24,11:41,11:44,3,137,95,Chord Line,Howrah,UP
37963,Howrah - Shrirampur Local,Howrah,Shrirampur,09:26,10:00,10:14,14,34,20,Main Line,Howrah,UP
37167,Howrah - Bandel Local,Howrah,Bandel,09:27,10:30,10:42,12,63,40,Main Line,Howrah,UP
37861,Howrah - Katwa Local,Howrah,Katwa,09:28,12:56,13:08,12,208,144,Main Line,Howrah,UP
38113,Howrah - Belmuri Local,Howrah,Belmuri,09:34,10:45,11:02,17,71,46,Chord Line,Howrah,UP
38215,Howrah - Chandanpur Local,Howrah,Chandanpur,09:37,10:33,10:45,12,56,41,Chord Line,Howrah,UP
38399,Howrah - Kamarkundu Local,Howrah,Kamarkundu,09:37,10:30,10:46,16,53,33,Chord Line,Howrah,UP
37607,Howrah - Tarakeswar Local,Howrah,Tarakeswar,09:38,11:05,11:22,17,87,57,Tarakeswar Line,Howrah,UP
37169,Howrah - Bandel Local,Howrah,Bandel,09:40,10:49,11:01,12,69,40,Main Line,Howrah,UP
37965,Howrah - Shrirampur Local,Howrah,Shrirampur,09:42,10:16,10:33,17,34,20,Main Line,Howrah,UP
37353,Howrah - Barddhaman Local,Howrah,Barddhaman,09:43,12:22,12:31,9,159,107,Main Line,Howrah,UP
37479,Howrah - Barddhaman Local,Howrah,Barddhaman,09:46,12:03,12:08,5,137,95,Chord Line,Howrah,UP
37795,Howrah - Arambagh Local,Howrah,Arambagh,09:48,11:47,11:56,9,119,81,Tarakeswar Line,Howrah,UP
37171,Howrah - Bandel Local,Howrah,Bandel,09:51,10:52,10:57,5,61,40,Main Line,Howrah,UP
38309,Howrah - Masagram Local,Howrah,Masagram,09:53,11:39,11:43,4,106,72,Chord Line,Howrah,UP
38401,Howrah - Kamarkundu Local,Howrah,Kamarkundu,09:56,10:49,10:53,4,53,33,Chord Line,Howrah,UP
37609,Howrah - Tarakeswar Local,Howrah,Tarakeswar,09:57,11:26,11:45,19,89,57,Tarakeswar Line,Howrah,UP
37967,Howrah - Shrirampur Local,Howrah,Shrirampur,09:57,10:33,10:39,6,36,20,Main Line,Howrah,UP
37727,Howrah - Goghat Local,Howrah,Goghat,10:00,12:08,12:27,19,128,91,Tarakeswar Line,Howrah,UP
38115,Howrah - Belmuri Local,Howrah,Belmuri,10:00,11:11,11:22,11,71,46,Chord Line,Howrah,UP
38217,Howrah - Chandanpur Local,Howrah,Chandanpur,10:00,10:59,11:06,7,59,41,Chord Line,Howrah,UP
37173,Howrah - Bandel Local,Howrah,Bandel,10:02,11:08,11:10,2,66,40,Main Line,Howrah,UP
37863,Howrah - Katwa Local,Howrah,Katwa,10:02,13:28,13:34,6,206,144,Main Line,Howrah,UP
37355,Howrah - Barddhaman Local,Howrah,Barddhaman,10:03,12:39,12:49,10,156,107,Main Line,Howrah,UP
37481,Howrah - Barddhaman Local,Howrah,Barddhaman,10:06,12:25,12:38,13,139,95,Chord Line,Howrah,UP
37969,Howrah - Shrirampur Local,Howrah,Shrirampur,10:10,10:42,10:57,15,32,20,Main Line,Howrah,UP
37175,Howrah - Bandel Local,Howrah,Bandel,10:12,11:20,11:23,3,68,40,Main Line,Howrah,UP
38403,Howrah - Kamarkundu Local,Howrah,Kamarkundu,10:14,11:09,11:27,18,55,33,Chord Line,Howrah,UP
37611,Howrah - Tarakeswar Local,Howrah,Tarakeswar,10:16,11:49,12:04,15,93,57,Tarakeswar Line,Howrah,UP
37357,Howrah - Barddhaman Local,Howrah,Barddhaman,10:21,12:54,13:08,14,153,107,Main Line,Howrah,UP
37177,Howrah - Bandel Local,Howrah,Bandel,10:24,11:33,11:43,10,69,40,Main Line,Howrah,UP
37971,Howrah - Shrirampur Local,Howrah,Shrirampur,10:24,11:01,11:17,16,37,20,Main Line,Howrah,UP
37797,Howrah - Arambagh Local,Howrah,Arambagh,10:26,12:23,12:39,16,117,81,Tarakeswar Line,Howrah,UP
38117,Howrah - Belmuri Local,Howrah,Belmuri,10:26,11:36,11:48,12,70,46,Chord Line,Howrah,UP
38311,Howrah - Masagram Local,Howrah,Masagram,10:26,12:07,12:24,17,101,72,Chord Line,Howrah,UP
38219,Howrah - Chandanpur Local,Howrah,Chandanpur,10:27,11:27,11:45,18,60,41,Chord Line,Howrah,UP
37483,Howrah - Barddhaman Local,Howrah,Barddhaman,10:28,12:39,12:44,5,131,95,Chord Line,Howrah,UP
38405,Howrah - Kamarkundu Local,Howrah,Kamarkundu,10:33,11:30,11:32,2,57,33,Chord Line,Howrah,UP
37613,Howrah - Tarakeswar Local,Howrah,Tarakeswar,10:34,12:03,12:12,9,89,57,Tarakeswar Line,Howrah,UP
37179,Howrah - Bandel Local,Howrah,Bandel,10:37,11:46,12:04,18,69,40,Main Line,Howrah,UP
37729,Howrah - Goghat Local,Howrah,Goghat,10:37,12:51,12:55,4,134,91,Tarakeswar Line,Howrah,UP
37973,Howrah - Shrirampur Local,Howrah,Shrirampur,10:38,11:15,11:31,16,37,20,Main Line,Howrah,UP
37865,Howrah - Katwa Local,Howrah,Katwa,10:39,14:08,14:24,16,209,144,Main Line,Howrah,UP
37359,Howrah - Barddhaman Local,Howrah,Barddhaman,10:43,13:22,13:37,15,159,107,Main Line,Howrah,UP
37181,Howrah - Bandel Local,Howrah,Bandel,10:49,11:52,12:07,15,63,40,Main Line,Howrah,UP
38119,Howrah - Belmuri Local,Howrah,Belmuri,10:49,12:00,12:03,3,71,46,Chord Line,Howrah,UP
37485,Howrah - Barddhaman Local,Howrah,Barddhaman,10:50,13:02,13:16,14,132,95,Chord Line,Howrah,UP
38221,Howrah - Chandanpur Local,Howrah,Chandanpur,10:51,11:55,12:10,15,64,41,Chord Line,Howrah,UP
37615,Howrah - Tarakeswar Local,Howrah,Tarakeswar,10:52,12:22,12:30,8,90,57,Tarakeswar Line,Howrah,UP
37975,Howrah - Shrirampur Local,Howrah,Shrirampur,10:52,11:24,11:28,4,32,20,Main Line,Howrah,UP
38407,Howrah - Kamarkundu Local,Howrah,Kamarkundu,10:54,11:45,12:01,16,51,33,Chord Line,Howrah,UP
38313,Howrah - Masagram Local,Howrah,Masagram,11:00,12:46,13:01,15,106,72,Chord Line,Howrah,UP
37183,Howrah - Bandel Local,Howrah,Bandel,11:02,12:05,12:17,12,63,40,Main Line,Howrah,UP
37361,Howrah - Barddhaman Local,Howrah,Barddhaman,11:03,13:36,13:52,16,153,107,Main Line,Howrah,UP
37799,Howrah - Arambagh Local,Howrah,Arambagh,11:06,13:01,13:15,14,115,81,Tarakeswar Line,Howrah,UP
37977,Howrah - Shrirampur Local,Howrah,Shrirampur,11:06,11:44,12:03,19,38,20,Main Line,Howrah,UP
37487,Howrah - Barddhaman Local,Howrah,Barddhaman,11:12,13:30,13:37,7,138,95,Chord Line,Howrah,UP
37617,Howrah - Tarakeswar Local,Howrah,Tarakeswar,11:12,12:39,12:43,4,87,57,Tarakeswar Line,Howrah,UP
37731,Howrah - Goghat Local,Howrah,Goghat,11:13,13:27,13:43,16,134,91,Tarakeswar Line,Howrah,UP
38121,Howrah - Belmuri Local,Howrah,Belmuri,11:14,12:27,12:33,6,73,46,Chord Line,Howrah,UP
38409,Howrah - Kamarkundu Local,Howrah,Kamarkundu,11:14,12:13,12:24,11,59,33,Chord Line,Howrah,UP
37867,Howrah - Katwa Local,Howrah,Katwa,11:15,14:47,14:55,8,212,144,Main Line,Howrah,UP
38223,Howrah - Chandanpur Local,Howrah,Chandanpur,11:15,12:12,12:30,18,57,41,Chord Line,Howrah,UP
37185,Howrah - Bandel Local,Howrah,Bandel,11:16,12:24,12:32,8,68,40,Main Line,Howrah,UP
37363,Howrah - Barddhaman Local,Howrah,Barddhaman,11:22,13:59,14:12,13,157,107,Main Line,Howrah,UP
37979,Howrah - Shrirampur Local,Howrah,Shrirampur,11:22,11:59,12:17,18,37,20,Main Line,Howrah,UP
37619,Howrah - Tarakeswar Local,Howrah,Tarakeswar,11:29,12:55,13:09,14,86,57,Tarakeswar Line,Howrah,UP
37187,Howrah - Bandel Local,Howrah,Bandel,11:30,12:37,12:42,5,67,40,Main Line,Howrah,UP
37489,Howrah - Barddhaman Local,Howrah,Barddhaman,11:33,13:47,13:58,11,134,95,Chord Line,Howrah,UP
37981,Howrah - Shrirampur Local,Howrah,Shrirampur,11:35,12:09,12:13,4,34,20,Main Line,Howrah,UP
38411,Howrah - Kamarkundu Local,Howrah,Kamarkundu,11:35,12:27,12:37,10,52,33,Chord Line,Howrah,UP
38315,Howrah - Masagram Local,Howrah,Masagram,11:37,13:25,13:39,14,108,72,Chord Line,Howrah,UP
38225,Howrah - Chandanpur Local,Howrah,Chandanpur,11:38,12:42,13:01,19,64,41,Chord Line,Howrah,UP
38123,Howrah - Belmuri Local,Howrah,Belmuri,11:39,12:46,13:02,16,67,46,Chord Line,Howrah,UP
37365,Howrah - Barddhaman Local,Howrah,Barddhaman,11:40,14:19,14:24,5,159,107,Main Line,Howrah,UP
37189,Howrah - Bandel Local,Howrah,Bandel,11:44,12:53,13:09,16,69,40,Main Line,Howrah,UP
37621,Howrah - Tarakeswar Local,Howrah,Tarakeswar,11:47,13:14,13:17,3,87,57,Tarakeswar Line,Howrah,UP
37801,Howrah - Arambagh Local,Howrah,Arambagh,11:48,13:43,13:59,16,115,81,Tarakeswar Line,Howrah,UP
37733,Howrah - Goghat Local,Howrah,Goghat,11:49,14:01,14:10,9,132,91,Tarakeswar Line,Howrah,UP
37983,Howrah - Shrirampur Local,Howrah,Shrirampur,11:49,12:27,12:36,9,38,20,Main Line,Howrah,UP
37869,Howrah - Katwa Local,Howrah,Katwa,11:50,15:21,15:39,18,211,144,Main Line,Howrah,UP
37491,Howrah - Barddhaman Local,Howrah,Barddhaman,11:51,14:10,14:23,13,139,95,Chord Line,Howrah,UP
38413,Howrah - Kamarkundu Local,Howrah,Kamarkundu,11:55,12:54,13:05,11,59,33,Chord Line,Howrah,UP
37191,Howrah - Bandel Local,Howrah,Bandel,11:58,13:04,13:14,10,66,40,Main Line,Howrah,UP
37367,Howrah - Barddhaman Local,Howrah,Barddhaman,12:01,14:35,14:41,6,154,107,Main Line,Howrah,UP
38227,Howrah - Chandanpur Local,Howrah,Chandanpur,12:02,13:03,13:10,7,61,41,Chord Line,Howrah,UP
37623,Howrah - Tarakeswar Local,Howrah,Tarakeswar,12:04,13:38,13:41,3,94,57,Tarakeswar Line,Howrah,UP
37985,Howrah - Shrirampur Local,Howrah,Shrirampur,12:06,12:43,12:57,14,37,20,Main Line,Howrah,UP
38125,Howrah - Belmuri Local,Howrah,Belmuri,12:06,13:19,13:26,7,73,46,Chord Line,Howrah,UP
37193,Howrah - Bandel Local,Howrah,Bandel,12:10,13:19,13:25,6,69,40,Main Line,Howrah,UP
38317,Howrah - Masagram Local,Howrah,Masagram,12:10,13:59,14:01,2,109,72,Chord Line,Howrah,UP
37493,Howrah - Barddhaman Local,Howrah,Barddhaman,12:13,14:24,14:31,7,131,95,Chord Line,Howrah,UP
38415,Howrah - Kamarkundu Local,Howrah,Kamarkundu,12:15,13:13,13:20,7,58,33,Chord Line,Howrah,UP
37369,Howrah - Barddhaman Local,Howrah,Barddhaman,12:19,14:54,15:11,17,155,107,Main Line,Howrah,UP
37987,Howrah - Shrirampur Local,Howrah,Shrirampur,12:20,12:53,12:58,5,33,20,Main Line,Howrah,UP
37195,Howrah - Bandel Local,Howrah,Bandel,12:23,13:25,13:37,12,62,40,Main Line,Howrah,UP
37625,Howrah - Tarakeswar Local,Howrah,Tarakeswar,12:23,13:56,14:06,10,93,57,Tarakeswar Line,Howrah,UP
37871,Howrah - Katwa Local,Howrah,Katwa,12:23,15:50,15:54,4,207,144,Main Line,Howrah,UP
37735,Howrah - Goghat Local,Howrah,Goghat,12:25,14:34,14:43,9,129,91,Tarakeswar Line,Howrah,UP
37803,Howrah - Arambagh Local,Howrah,Arambagh,12:28,14:20,14:26,6,112,81,Tarakeswar Line,Howrah,UP
38229,Howrah - Chandanpur Local,Howrah,Chandanpur,12:28,13:26,13:31,5,58,41,Chord Line,Howrah,UP
38127,Howrah - Belmuri Local,Howrah,Belmuri,12:30,13:43,13:50,7,73,46,Chord Line,Howrah,UP
37197,Howrah - Bandel Local,Howrah,Bandel,12:34,13:39,13:42,3,65,40,Main Line,Howrah,UP
37495,Howrah - Barddhaman Local,Howrah,Barddhaman,12:34,14:51,15:03,12,137,95,Chord Line,Howrah,UP
37989,Howrah - Shrirampur Local,Howrah,Shrirampur,12:35,13:09,13:14,5,34,20,Main Line,Howrah,UP
38417,Howrah - Kamarkundu Local,Howrah,Kamarkundu,12:36,13:31,13:47,16,55,33,Chord Line,Howrah,UP
37627,Howrah - Tarakeswar Local,Howrah,Tarakeswar,12:39,14:07,14:14,7,88,57,Tarakeswar Line,Howrah,UP
37371,Howrah - Barddhaman Local,Howrah,Barddhaman,12:40,15:13,15:31,18,153,107,Main Line,Howrah,UP
38319,Howrah - Masagram Local,Howrah,Masagram,12:46,14:31,14:38,7,105,72,Chord Line,Howrah,UP
37199,Howrah - Bandel Local,Howrah,Bandel,12:47,13:54,13:57,3,67,40,Main Line,Howrah,UP
37991,Howrah - Shrirampur Local,Howrah,Shrirampur,12:51,13:26,13:42,16,35,20,Main Line,Howrah,UP
38231,Howrah - Chandanpur Local,Howrah,Chandanpur,12:55,13:52,14:04,12,57,41,Chord Line,Howrah,UP
38419,Howrah - Kamarkundu Local,Howrah,Kamarkundu,12:55,13:51,14:00,9,56,33,Chord Line,Howrah,UP
37497,Howrah - Barddhaman Local,Howrah,Barddhaman,12:56,15:07,15:21,14,131,95,Chord Line,Howrah,UP
38129,Howrah - Belmuri Local,Howrah,Belmuri,12:56,14:04,14:17,13,68,46,Chord Line,Howrah,UP
37201,Howrah - Bandel Local,Howrah,Bandel,12:59,14:02,14:08,6,63,40,Main Line,Howrah,UP
37629,Howrah - Tarakeswar Local,Howrah,Tarakeswar,12:59,14:30,14:37,7,91,57,Tarakeswar Line,Howrah,UP
37873,Howrah - Katwa Local,Howrah,Katwa,12:59,16:28,16:33,5,209,144,Main Line,Howrah,UP
37737,Howrah - Goghat Local,Howrah,Goghat,13:00,15:12,15:14,2,132,91,Tarakeswar Line,Howrah,UP
37373,Howrah - Barddhaman Local,Howrah,Barddhaman,13:01,15:37,15:55,18,156,107,Main Line,Howrah,UP
37993,Howrah - Shrirampur Local,Howrah,Shrirampur,13:06,13:42,13:55,13,36,20,Main Line,Howrah,UP
37805,Howrah - Arambagh Local,Howrah,Arambagh,13:08,15:05,15:21,16,117,81,Tarakeswar Line,Howrah,UP
37203,Howrah - Bandel Local,Howrah,Bandel,13:11,14:12,14:14,2,61,40,Main Line,Howrah,UP
38421,Howrah - Kamarkundu Local,Howrah,Kamarkundu,13:14,14:10,14:25,15,56,33,Chord Line,Howrah,UP
37631,Howrah - Tarakeswar Local,Howrah,Tarakeswar,13:16,14:50,14:57,7,94,57,Tarakeswar Line,Howrah,UP
37499,Howrah - Barddhaman Local,Howrah,Barddhaman,13:18,15:33,15:39,6,135,95,Chord Line,Howrah,UP
37375,Howrah - Barddhaman Local,Howrah,Barddhaman,13:20,15:58,16:10,12,158,107,Main Line,Howrah,UP
37995,Howrah - Shrirampur Local,Howrah,Shrirampur,13:20,13:51,13:56,5,31,20,Main Line,Howrah,UP
38131,Howrah - Belmuri Local,Howrah,Belmuri,13:21,14:33,14:47,14,72,46,Chord Line,Howrah,UP
38233,Howrah - Chandanpur Local,Howrah,Chandanpur,13:21,14:22,14:34,12,61,41,Chord Line,Howrah,UP
38321,Howrah - Masagram Local,Howrah,Masagram,13:22,15:10,15:14,4,108,72,Chord Line,Howrah,UP
37205,Howrah - Bandel Local,Howrah,Bandel,13:23,14:32,14:34,2,69,40,Main Line,Howrah,UP
37207,Howrah - Bandel Local,Howrah,Bandel,13:33,14:39,14:46,7,66,40,Main Line,Howrah,UP
37739,Howrah - Goghat Local,Howrah,Goghat,13:34,15:40,15:59,19,126,91,Tarakeswar Line,Howrah,UP
37997,Howrah - Shrirampur Local,Howrah,Shrirampur,13:34,14:05,14:16,11,31,20,Main Line,Howrah,UP
37633,Howrah - Tarakeswar Local,Howrah,Tarakeswar,13:35,15:06,15:12,6,91,57,Tarakeswar Line,Howrah,UP
37875,Howrah - Katwa Local,Howrah,Katwa,13:35,17:01,17:12,11,206,144,Main Line,Howrah,UP
38423,Howrah - Kamarkundu Local,Howrah,Kamarkundu,13:35,14:26,14:39,13,51,33,Chord Line,Howrah,UP
37501,Howrah - Barddhaman Local,Howrah,Barddhaman,13:37,15:54,15:57,3,137,95,Chord Line,Howrah,UP
37377,Howrah - Barddhaman Local,Howrah,Barddhaman,13:38,16:09,16:23,14,151,107,Main Line,Howrah,UP
37209,Howrah - Bandel Local,Howrah,Bandel,13:44,14:52,15:01,9,68,40,Main Line,Howrah,UP
38235,Howrah - Chandanpur Local,Howrah,Chandanpur,13:45,14:47,14:50,3,62,41,Chord Line,Howrah,UP
38133,Howrah - Belmuri Local,Howrah,Belmuri,13:47,14:54,14:56,2,67,46,Chord Line,Howrah,UP
37807,Howrah - Arambagh Local,Howrah,Arambagh,13:48,15:42,15:48,6,114,81,Tarakeswar Line,Howrah,UP
37999,Howrah - Shrirampur Local,Howrah,Shrirampur,13:51,14:24,14:34,10,33,20,Main Line,Howrah,UP
37635,Howrah - Tarakeswar Local,Howrah,Tarakeswar,13:53,15:20,15:38,18,87,57,Tarakeswar Line,Howrah,UP
38323,Howrah - Masagram Local,Howrah,Masagram,13:55,15:36,15:46,10,101,72,Chord Line,Howrah,UP
38425,Howrah - Kamarkundu Local,Howrah,Kamarkundu,13:55,14:46,14:58,12,51,33,Chord Line,Howrah,UP
37211,Howrah - Bandel Local,Howrah,Bandel,13:56,14:57,15:13,16,61,40,Main Line,Howrah,UP
37503,Howrah - Barddhaman Local,Howrah,Barddhaman,13:58,16:13,16:20,7,135,95,Chord Line,Howrah,UP
37379,Howrah - Barddhaman Local,Howrah,Barddhaman,14:00,16:37,16:41,4,157,107,Main Line,Howrah,UP
38001,Howrah - Shrirampur Local,Howrah,Shrirampur,14:06,14:44,15:02,18,38,20,Main Line,Howrah,UP
37877,Howrah - Katwa Local,Howrah,Katwa,14:09,17:35,17:41,6,206,144,Main Line,Howrah,UP
37213,Howrah - Bandel Local,Howrah,Bandel,14:10,15:18,15:31,13,68,40,Main Line,Howrah,UP
37637,Howrah - Tarakeswar Local,Howrah,Tarakeswar,14:10,15:38,15:57,19,88,57,Tarakeswar Line,Howrah,UP
37741,Howrah - Goghat Local,Howrah,Goghat,14:11,16:24,16:39,15,133,91,Tarakeswar Line,Howrah,UP
38135,Howrah - Belmuri Local,Howrah,Belmuri,14:11,15:20,15:32,12,69,46,Chord Line,Howrah,UP
38237,Howrah - Chandanpur Local,Howrah,Chandanpur,14:11,15:15,15:25,10,64,41,Chord Line,Howrah,UP
38427,Howrah - Kamarkundu Local,Howrah,Kamarkundu,14:17,15:11,15:14,3,54,33,Chord Line,Howrah,UP
37505,Howrah - Barddhaman Local,Howrah,Barddhaman,14:18,16:31,16:44,13,133,95,Chord Line,Howrah,UP
38003,Howrah - Shrirampur Local,Howrah,Shrirampur,14:19,14:56,15:00,4,37,20,Main Line,Howrah,UP
37381,Howrah - Barddhaman Local,Howrah,Barddhaman,14:22,16:54,16:58,4,152,107,Main Line,Howrah,UP
37215,Howrah - Bandel Local,Howrah,Bandel,14:23,15:24,15:26,2,61,40,Main Line,Howrah,UP
37809,Howrah - Arambagh Local,Howrah,Arambagh,14:29,16:23,16:32,9,114,81,Tarakeswar Line,Howrah,UP
37639,Howrah - Tarakeswar Local,Howrah,Tarakeswar,14:30,15:56,16:05,9,86,57,Tarakeswar Line,Howrah,UP
38325,Howrah - Masagram Local,Howrah,Masagram,14:32,16:19,16:31,12,107,72,Chord Line,Howrah,UP
37217,Howrah - Bandel Local,Howrah,Bandel,14:35,15:40,15:50,10,65,40,Main Line,Howrah,UP
38005,Howrah - Shrirampur Local,Howrah,Shrirampur,14:35,15:11,15:17,6,36,20,Main Line,Howrah,UP
38137,Howrah - Belmuri Local,Howrah,Belmuri,14:35,15:48,16:03,15,73,46,Chord Line,Howrah,UP
38239,Howrah - Chandanpur Local,Howrah,Chandanpur,14:35,15:37,15:41,4,62,41,Chord Line,Howrah,UP
38429,Howrah - Kamarkundu Local,Howrah,Kamarkundu,14:35,15:34,15:40,6,59,33,Chord Line,Howrah,UP
37507,Howrah - Barddhaman Local,Howrah,Barddhaman,14:39,16:54,17:00,6,135,95,Chord Line,Howrah,UP
37383,Howrah - Barddhaman Local,Howrah,Barddhaman,14:42,17:21,17:36,15,159,107,Main Line,Howrah,UP
37879,Howrah - Katwa Local,Howrah,Katwa,14:43,18:12,18:17,5,209,144,Main Line,Howrah,UP
37641,Howrah - Tarakeswar Local,Howrah,Tarakeswar,14:47,16:19,16:33,14,92,57,Tarakeswar Line,Howrah,UP
37219,Howrah - Bandel Local,Howrah,Bandel,14:48,15:52,16:03,11,64,40,Main Line,Howrah,UP
37743,Howrah - Goghat Local,Howrah,Goghat,14:48,17:02,17:21,19,134,91,Tarakeswar Line,Howrah,UP
38007,Howrah - Shrirampur Local,Howrah,Shrirampur,14:49,15:24,15:33,9,35,20,Main Line,Howrah,UP
38431,Howrah - Kamarkundu Local,Howrah,Kamarkundu,14:55,15:50,15:59,9,55,33,Chord Line,Howrah,UP
38241,Howrah - Chandanpur Local,Howrah,Chandanpur,14:59,16:00,16:08,8,61,41,Chord Line,Howrah,UP
37509,Howrah - Barddhaman Local,Howrah,Barddhaman,15:00,17:11,17:20,9,131,95,Chord Line,Howrah,UP
38139,Howrah - Belmuri Local,Howrah,Belmuri,15:00,16:11,16:26,15,71,46,Chord Line,Howrah,UP
37221,Howrah - Bandel Local,Howrah,Bandel,15:02,16:11,16:18,7,69,40,Main Line,Howrah,UP
37385,Howrah - Barddhaman Local,Howrah,Barddhaman,15:03,17:36,17:38,2,153,107,Main Line,Howrah,UP
38009,Howrah - Shrirampur Local,Howrah,Shrirampur,15:03,15:36,15:52,16,33,20,Main Line,Howrah,UP
37643,Howrah - Tarakeswar Local,Howrah,Tarakeswar,15:06,16:33,16:35,2,87,57,Tarakeswar Line,Howrah,UP
38327,Howrah - Masagram Local,Howrah,Masagram,15:07,16:54,17:12,18,107,72,Chord Line,Howrah,UP
37811,Howrah - Arambagh Local,Howrah,Arambagh,15:11,17:07,17:09,2,116,81,Tarakeswar Line,Howrah,UP
37223,Howrah - Bandel Local,Howrah,Bandel,15:12,16:16,16:32,16,64,40,Main Line,Howrah,UP
38433,Howrah - Kamarkundu Local,Howrah,Kamarkundu,15:16,16:08,16:11,3,52,33,Chord Line,Howrah,UP
37881,Howrah - Katwa Local,Howrah,Katwa,15:20,18:52,19:07,15,212,144,Main Line,Howrah,UP
38011,Howrah - Shrirampur Local,Howrah,Shrirampur,15:20,15:53,16:02,9,33,20,Main Line,Howrah,UP
37511,Howrah - Barddhaman Local,Howrah,Barddhaman,15:22,17:35,17:44,9,133,95,Chord Line,Howrah,UP
37745,Howrah - Goghat Local,Howrah,Goghat,15:22,17:34,17:42,8,132,91,Tarakeswar Line,Howrah,UP
38243,Howrah - Chandanpur Local,Howrah,Chandanpur,15:22,16:25,16:32,7,63,41,Chord Line,Howrah,UP
37225,Howrah - Bandel Local,Howrah,Bandel,15:24,16:33,16:40,7,69,40,Main Line,Howrah,UP
37387,Howrah - Barddhaman Local,Howrah,Barddhaman,15:24,18:02,18:06,4,158,107,Main Line,Howrah,UP
37645,Howrah - Tarakeswar Local,Howrah,Tarakeswar,15:26,16:56,17:04,8,90,57,Tarakeswar Line,Howrah,UP
38141,Howrah - Belmuri Local,Howrah,Belmuri,15:27,16:39,16:48,9,72,46,Chord Line,Howrah,UP
38435,Howrah - Kamarkundu Local,Howrah,Kamarkundu,15:36,16:30,16:41,11,54,33,Chord Line,Howrah,UP
37227,Howrah - Bandel Local,Howrah,Bandel,15:37,16:44,17:00,16,67,40,Main Line,Howrah,UP
38013,Howrah - Shrirampur Local,Howrah,Shrirampur,15:37,16:16,16:32,16,39,20,Main Line,Howrah,UP
37647,Howrah - Tarakeswar Local,Howrah,Tarakeswar,15:42,17:09,17:11,2,87,57,Tarakeswar Line,Howrah,UP
37389,Howrah - Barddhaman Local,Howrah,Barddhaman,15:43,18:17,18:25,8,154,107,Main Line,Howrah,UP
37513,Howrah - Barddhaman Local,Howrah,Barddhaman,15:44,18:02,18:07,5,138,95,Chord Line,Howrah,UP
38329,Howrah - Masagram Local,Howrah,Masagram,15:44,17:26,17:33,7,102,72,Chord Line,Howrah,UP
38245,Howrah - Chandanpur Local,Howrah,Chandanpur,15:45,16:49,16:51,2,64,41,Chord Line,Howrah,UP
37229,Howrah - Bandel Local,Howrah,Bandel,15:50,16:53,16:59,6,63,40,Main Line,Howrah,UP
38143,Howrah - Belmuri Local,Howrah,Belmuri,15:50,16:56,16:58,2,66,46,Chord Line,Howrah,UP
37813,Howrah - Arambagh Local,Howrah,Arambagh,15:53,17:49,17:54,5,116,81,Tarakeswar Line,Howrah,UP
38015,Howrah - Shrirampur Local,Howrah,Shrirampur,15:54,16:26,16:29,3,32,20,Main Line,Howrah,UP
37883,Howrah - Katwa Local,Howrah,Katwa,15:56,19:30,19:41,11,214,144,Main Line,Howrah,UP
37747,Howrah - Goghat Local,Howrah,Goghat,15:57,18:08,18:14,6,131,91,Tarakeswar Line,Howrah,UP
37649,Howrah - Tarakeswar Local,Howrah,Tarakeswar,15:58,17:31,17:42,11,93,57,Tarakeswar Line,Howrah,UP
38437,Howrah - Kamarkundu Local,Howrah,Kamarkundu,15:58,16:55,16:57,2,57,33,Chord Line,Howrah,UP
37231,Howrah - Bandel Local,Howrah,Bandel,16:01,17:08,17:15,7,67,40,Main Line,Howrah,UP
37391,Howrah - Barddhaman Local,Howrah,Barddhaman,16:05,18:42,18:56,14,157,107,Main Line,Howrah,UP
37515,Howrah - Barddhaman Local,Howrah,Barddhaman,16:05,18:24,18:40,16,139,95,Chord Line,Howrah,UP
38017,Howrah - Shrirampur Local,Howrah,Shrirampur,16:08,16:47,16:52,5,39,20,Main Line,Howrah,UP
38247,Howrah - Chandanpur Local,Howrah,Chandanpur,16:08,17:11,17:25,14,63,41,Chord Line,Howrah,UP
38145,Howrah - Belmuri Local,Howrah,Belmuri,16:13,17:23,17:39,16,70,46,Chord Line,Howrah,UP
37233,Howrah - Bandel Local,Howrah,Bandel,16:14,17:19,17:28,9,65,40,Main Line,Howrah,UP
37651,Howrah - Tarakeswar Local,Howrah,Tarakeswar,16:16,17:43,17:49,6,87,57,Tarakeswar Line,Howrah,UP
38331,Howrah - Masagram Local,Howrah,Masagram,16:19,18:01,18:17,16,102,72,Chord Line,Howrah,UP
38439,Howrah - Kamarkundu Local,Howrah,Kamarkundu,16:19,17:16,17:21,5,57,33,Chord Line,Howrah,UP
37517,Howrah - Barddhaman Local,Howrah,Barddhaman,16:23,18:36,18:49,13,133,95,Chord Line,Howrah,UP
38019,Howrah - Shrirampur Local,Howrah,Shrirampur,16:24,16:58,17:12,14,34,20,Main Line,Howrah,UP
37235,Howrah - Bandel Local,Howrah,Bandel,16:25,17:32,17:35,3,67,40,Main Line,Howrah,UP
37393,Howrah - Barddhaman Local,Howrah,Barddhaman,16:26,19:00,19:05,5,154,107,Main Line,Howrah,UP
37885,Howrah - Katwa Local,Howrah,Katwa,16:29,20:02,20:07,5,213,144,Main Line,Howrah,UP
37653,Howrah - Tarakeswar Local,Howrah,Tarakeswar,16:32,18:02,18:14,12,90,57,Tarakeswar Line,Howrah,UP
37815,Howrah - Arambagh Local,Howrah,Arambagh,16:32,18:23,18:29,6,111,81,Tarakeswar Line,Howrah,UP
38249,Howrah - Chandanpur Local,Howrah,Chandanpur,16:32,17:32,17:44,12,60,41,Chord Line,Howrah,UP
37749,Howrah - Goghat Local,Howrah,Goghat,16:34,18:40,18:51,11,126,91,Tarakeswar Line,Howrah,UP
37237,Howrah - Bandel Local,Howrah,Bandel,16:35,17:44,17:53,9,69,40,Main Line,Howrah,UP
38441,Howrah - Kamarkundu Local,Howrah,Kamarkundu,16:37,17:32,17:39,7,55,33,Chord Line,Howrah,UP
38147,Howrah - Belmuri Local,Howrah,Belmuri,16:39,17:47,17:54,7,68,46,Chord Line,Howrah,UP
38021,Howrah - Shrirampur Local,Howrah,Shrirampur,16:40,17:18,17:27,9,38,20,Main Line,Howrah,UP
37519,Howrah - Barddhaman Local,Howrah,Barddhaman,16:41,19:00,19:16,16,139,95,Chord Line,Howrah,UP
37239,Howrah - Bandel Local,Howrah,Bandel,16:46,17:51,18:06,15,65,40,Main Line,Howrah,UP
37395,Howrah - Barddhaman Local,Howrah,Barddhaman,16:48,19:27,19:39,12,159,107,Main Line,Howrah,UP
37655,Howrah - Tarakeswar Local,Howrah,Tarakeswar,16:52,18:22,18:35,13,90,57,Tarakeswar Line,Howrah,UP
38333,Howrah - Masagram Local,Howrah,Masagram,16:55,18:41,18:55,14,106,72,Chord Line,Howrah,UP
38023,Howrah - Shrirampur Local,Howrah,Shrirampur,16:57,17:32,17:41,9,35,20,Main Line,Howrah,UP
38251,Howrah - Chandanpur Local,Howrah,Chandanpur,16:57,17:53,18:12,19,56,41,Chord Line,Howrah,UP
38443,Howrah - Kamarkundu Local,Howrah,Kamarkundu,16:57,17:51,17:53,2,54,33,Chord Line,Howrah,UP
37241,Howrah - Bandel Local,Howrah,Bandel,17:00,18:09,18:25,16,69,40,Main Line,Howrah,UP
37521,Howrah - Barddhaman Local,Howrah,Barddhaman,17:03,19:20,19:29,9,137,95,Chord Line,Howrah,UP
37887,Howrah - Katwa Local,Howrah,Katwa,17:04,20:37,20:49,12,213,144,Main Line,Howrah,UP
38149,Howrah - Belmuri Local,Howrah,Belmuri,17:05,18:18,18:31,13,73,46,Chord Line,Howrah,UP
37751,Howrah - Goghat Local,Howrah,Goghat,17:07,19:20,19:33,13,133,91,Tarakeswar Line,Howrah,UP
37657,Howrah - Tarakeswar Local,Howrah,Tarakeswar,17:08,18:39,18:44,5,91,57,Tarakeswar Line,Howrah,UP
37397,Howrah - Barddhaman Local,Howrah,Barddhaman,17:10,19:44,20:01,17,154,107,Main Line,Howrah,UP
37243,Howrah - Bandel Local,Howrah,Bandel,17:12,18:19,18:24,5,67,40,Main Line,Howrah,UP
38025,Howrah - Shrirampur Local,Howrah,Shrirampur,17:13,17:50,17:56,6,37,20,Main Line,Howrah,UP
37817,Howrah - Arambagh Local,Howrah,Arambagh,17:14,19:06,19:12,6,112,81,Tarakeswar Line,Howrah,UP
38445,Howrah - Kamarkundu Local,Howrah,Kamarkundu,17:15,18:09,18:18,9,54,33,Chord Line,Howrah,UP
37523,Howrah - Barddhaman Local,Howrah,Barddhaman,17:22,19:38,19:49,11,136,95,Chord Line,Howrah,UP
37245,Howrah - Bandel Local,Howrah,Bandel,17:24,18:26,18:44,18,62,40,Main Line,Howrah,UP
38253,Howrah - Chandanpur Local,Howrah,Chandanpur,17:24,18:25,18:35,10,61,41,Chord Line,Howrah,UP
37659,Howrah - Tarakeswar Local,Howrah,Tarakeswar,17:25,18:54,19:09,15,89,57,Tarakeswar Line,Howrah,UP
38027,Howrah - Shrirampur Local,Howrah,Shrirampur,17:26,18:00,18:09,9,34,20,Main Line,Howrah,UP
37399,Howrah - Barddhaman Local,Howrah,Barddhaman,17:29,20:04,20:14,10,155,107,Main Line,Howrah,UP
38335,Howrah - Masagram Local,Howrah,Masagram,17:29,19:18,19:30,12,109,72,Chord Line,Howrah,UP
38151,Howrah - Belmuri Local,Howrah,Belmuri,17:32,18:40,18:42,2,68,46,Chord Line,Howrah,UP
37247,Howrah - Bandel Local,Howrah,Bandel,17:35,18:38,18:53,15,63,40,Main Line,Howrah,UP
38447,Howrah - Kamarkundu Local,Howrah,Kamarkundu,17:35,18:33,18:39,6,58,33,Chord Line,Howrah,UP
38029,Howrah - Shrirampur Local,Howrah,Shrirampur,17:40,18:17,18:32,15,37,20,Main Line,Howrah,UP
37889,Howrah - Katwa Local,Howrah,Katwa,17:41,21:07,21:12,5,206,144,Main Line,Howrah,UP
37661,Howrah - Tarakeswar Local,Howrah,Tarakeswar,17:42,19:12,19:14,2,90,57,Tarakeswar Line,Howrah,UP
37525,Howrah - Barddhaman Local,Howrah,Barddhaman,17:43,19:54,20:03,9,131,95,Chord Line,Howrah,UP
37753,Howrah - Goghat Local,Howrah,Goghat,17:44,19:51,20:07,16,127,91,Tarakeswar Line,Howrah,UP
37249,Howrah - Bandel Local,Howrah,Bandel,17:46,18:48,19:04,16,62,40,Main Line,Howrah,UP
37401,Howrah - Barddhaman Local,Howrah,Barddhaman,17:47,20:23,20:33,10,156,107,Main Line,Howrah,UP
38255,Howrah - Chandanpur Local,Howrah,Chandanpur,17:47,18:44,18:54,10,57,41,Chord Line,Howrah,UP
37819,Howrah - Arambagh Local,Howrah,Arambagh,17:52,19:49,20:00,11,117,81,Tarakeswar Line,Howrah,UP
38449,Howrah - Kamarkundu Local,Howrah,Kamarkundu,17:54,18:51,19:01,10,57,33,Chord Line,Howrah,UP
38031,Howrah - Shrirampur Local,Howrah,Shrirampur,17:55,18:29,18:33,4,34,20,Main Line,Howrah,UP
37251,Howrah - Bandel Local,Howrah,Bandel,17:58,19:06,19:18,12,68,40,Main Line,Howrah,UP
38153,Howrah - Belmuri Local,Howrah,Belmuri,17:59,19:07,19:14,7,68,46,Chord Line,Howrah,UP
37663,Howrah - Tarakeswar Local,Howrah,Tarakeswar,18:00,19:31,19:34,3,91,57,Tarakeswar Line,Howrah,UP
37527,Howrah - Barddhaman Local,Howrah,Barddhaman,18:04,20:22,20:30,8,138,95,Chord Line,Howrah,UP
38337,Howrah - Masagram Local,Howrah,Masagram,18:05,19:48,20:07,19,103,72,Chord Line,Howrah,UP
37403,Howrah - Barddhaman Local,Howrah,Barddhaman,18:08,20:40,20:43,3,152,107,Main Line,Howrah,UP
37253,Howrah - Bandel Local,Howrah,Bandel,18:11,19:19,19:37,18,68,40,Main Line,Howrah,UP
38033,Howrah - Shrirampur Local,Howrah,Shrirampur,18:12,18:45,18:57,12,33,20,Main Line,Howrah,UP
38257,Howrah - Chandanpur Local,Howrah,Chandanpur,18:13,19:13,19:26,13,60,41,Chord Line,Howrah,UP
37891,Howrah - Katwa Local,Howrah,Katwa,18:14,21:40,21:48,8,206,144,Main Line,Howrah,UP
38451,Howrah - Kamarkundu Local,Howrah,Kamarkundu,18:14,19:09,19:16,7,55,33,Chord Line,Howrah,UP
37755,Howrah - Goghat Local,Howrah,Goghat,18:19,20:32,20:34,2,133,91,Tarakeswar Line,Howrah,UP
37665,Howrah - Tarakeswar Local,Howrah,Tarakeswar,18:20,19:47,20:05,18,87,57,Tarakeswar Line,Howrah,UP
37255,Howrah - Bandel Local,Howrah,Bandel,18:23,19:29,19:41,12,66,40,Main Line,Howrah,UP
37529,Howrah - Barddhaman Local,Howrah,Barddhaman,18:23,20:37,20:56,19,134,95,Chord Line,Howrah,UP
38155,Howrah - Belmuri Local,Howrah,Belmuri,18:23,19:33,19:51,18,70,46,Chord Line,Howrah,UP
38035,Howrah - Shrirampur Local,Howrah,Shrirampur,18:29,19:00,19:08,8,31,20,Main Line,Howrah,UP
37405,Howrah - Barddhaman Local,Howrah,Barddhaman,18:30,21:07,21:25,18,157,107,Main Line,Howrah,UP
37821,Howrah - Arambagh Local,Howrah,Arambagh,18:30,20:29,20:39,10,119,81,Tarakeswar Line,Howrah,UP
38453,Howrah - Kamarkundu Local,Howrah,Kamarkundu,18:32,19:30,19:48,18,58,33,Chord Line,Howrah,UP
37257,Howrah - Bandel Local,Howrah,Bandel,18:34,19:37,19:46,9,63,40,Main Line,Howrah,UP
37667,Howrah - Tarakeswar Local,Howrah,Tarakeswar,18:39,20:07,20:25,18,88,57,Tarakeswar Line,Howrah,UP
38259,Howrah - Chandanpur Local,Howrah,Chandanpur,18:39,19:39,19:47,8,60,41,Chord Line,Howrah,UP
38339,Howrah - Masagram Local,Howrah,Masagram,18:40,20:25,20:27,2,105,72,Chord Line,Howrah,UP
37259,Howrah - Bandel Local,Howrah,Bandel,18:44,19:53,20:07,14,69,40,Main Line,Howrah,UP
37531,Howrah - Barddhaman Local,Howrah,Barddhaman,18:45,20:57,21:15,18,132,95,Chord Line,Howrah,UP
38037,Howrah - Shrirampur Local,Howrah,Shrirampur,18:46,19:17,19:31,14,31,20,Main Line,Howrah,UP
37407,Howrah - Barddhaman Local,Howrah,Barddhaman,18:48,21:24,21:41,17,156,107,Main Line,Howrah,UP
37893,Howrah - Katwa Local,Howrah,Katwa,18:49,22:15,22:24,9,206,144,Main Line,Howrah,UP
38157,Howrah - Belmuri Local,Howrah,Belmuri,18:49,20:02,20:21,19,73,46,Chord Line,Howrah,UP
38455,Howrah - Kamarkundu Local,Howrah,Kamarkundu,18:50,19:47,19:49,2,57,33,Chord Line,Howrah,UP
37261,Howrah - Bandel Local,Howrah,Bandel,18:54,19:57,20:12,15,63,40,Main Line,Howrah,UP
37757,Howrah - Goghat Local,Howrah,Goghat,18:56,21:04,21:20,16,128,91,Tarakeswar Line,Howrah,UP
37669,Howrah - Tarakeswar Local,Howrah,Tarakeswar,18:57,20:27,20:46,19,90,57,Tarakeswar Line,Howrah,UP
38039,Howrah - Shrirampur Local,Howrah,Shrirampur,19:02,19:40,19:43,3,38,20,Main Line,Howrah,UP
37263,Howrah - Bandel Local,Howrah,Bandel,19:04,20:09,20:27,18,65,40,Main Line,Howrah,UP
38261,Howrah - Chandanpur Local,Howrah,Chandanpur,19:05,20:04,20:23,19,59,41,Chord Line,Howrah,UP
37533,Howrah - Barddhaman Local,Howrah,Barddhaman,19:06,21:22,21:29,7,136,95,Chord Line,Howrah,UP
37823,Howrah - Arambagh Local,Howrah,Arambagh,19:08,21:06,21:11,5,118,81,Tarakeswar Line,Howrah,UP
37409,Howrah - Barddhaman Local,Howrah,Barddhaman,19:09,21:43,21:45,2,154,107,Main Line,Howrah,UP
38457,Howrah - Kamarkundu Local,Howrah,Kamarkundu,19:11,20:08,20:17,9,57,33,Chord Line,Howrah,UP
37265,Howrah - Bandel Local,Howrah,Bandel,19:14,20:17,20:25,8,63,40,Main Line,Howrah,UP
37671,Howrah - Tarakeswar Local,Howrah,Tarakeswar,19:14,20:40,20:44,4,86,57,Tarakeswar Line,Howrah,UP
38041,Howrah - Shrirampur Local,Howrah,Shrirampur,19:15,19:46,19:57,11,31,20,Main Line,Howrah,UP
38159,Howrah - Belmuri Local,Howrah,Belmuri,19:16,20:26,20:37,11,70,46,Chord Line,Howrah,UP
38341,Howrah - Masagram Local,Howrah,Masagram,19:17,21:04,21:19,15,107,72,Chord Line,Howrah,UP
37895,Howrah - Katwa Local,Howrah,Katwa,19:24,22:51,22:54,3,207,144,Main Line,Howrah,UP
37267,Howrah - Bandel Local,Howrah,Bandel,19:26,20:27,20:29,2,61,40,Main Line,Howrah,UP
37535,Howrah - Barddhaman Local,Howrah,Barddhaman,19:26,21:38,21:57,19,132,95,Chord Line,Howrah,UP
37411,Howrah - Barddhaman Local,Howrah,Barddhaman,19:29,22:05,22:13,8,156,107,Main Line,Howrah,UP
37759,Howrah - Goghat Local,Howrah,Goghat,19:29,21:39,21:48,9,130,91,Tarakeswar Line,Howrah,UP
37673,Howrah - Tarakeswar Local,Howrah,Tarakeswar,19:30,21:04,21:06,2,94,57,Tarakeswar Line,Howrah,UP
38263,Howrah - Chandanpur Local,Howrah,Chandanpur,19:31,20:33,20:37,4,62,41,Chord Line,Howrah,UP
38459,Howrah - Kamarkundu Local,Howrah,Kamarkundu,19:31,20:24,20:33,9,53,33,Chord Line,Howrah,UP
38043,Howrah - Shrirampur Local,Howrah,Shrirampur,19:32,20:11,20:27,16,39,20,Main Line,Howrah,UP
37269,Howrah - Bandel Local,Howrah,Bandel,19:39,20:41,20:47,6,62,40,Main Line,Howrah,UP
38161,Howrah - Belmuri Local,Howrah,Belmuri,19:39,20:49,20:53,4,70,46,Chord Line,Howrah,UP
37537,Howrah - Barddhaman Local,Howrah,Barddhaman,19:45,21:57,21:59,2,132,95,Chord Line,Howrah,UP
37825,Howrah - Arambagh Local,Howrah,Arambagh,19:46,21:40,21:56,16,114,81,Tarakeswar Line,Howrah,UP
38045,Howrah - Shrirampur Local,Howrah,Shrirampur,19:48,20:26,20:35,9,38,20,Main Line,Howrah,UP
37413,Howrah - Barddhaman Local,Howrah,Barddhaman,19:49,22:20,22:23,3,151,107,Main Line,Howrah,UP
38461,Howrah - Kamarkundu Local,Howrah,Kamarkundu,19:49,20:48,20:52,4,59,33,Chord Line,Howrah,UP
37271,Howrah - Bandel Local,Howrah,Bandel,19:50,20:51,21:06,15,61,40,Main Line,Howrah,UP
37675,Howrah - Tarakeswar Local,Howrah,Tarakeswar,19:50,21:17,21:32,15,87,57,Tarakeswar Line,Howrah,UP
38343,Howrah - Masagram Local,Howrah,Masagram,19:52,21:40,21:52,12,108,72,Chord Line,Howrah,UP
38265,Howrah - Chandanpur Local,Howrah,Chandanpur,19:58,21:00,21:17,17,62,41,Chord Line,Howrah,UP
37897,Howrah - Katwa Local,Howrah,Katwa,20:00,23:34,23:39,5,214,144,Main Line,Howrah,UP
37273,Howrah - Bandel Local,Howrah,Bandel,20:01,21:05,21:11,6,64,40,Main Line,Howrah,UP
37539,Howrah - Barddhaman Local,Howrah,Barddhaman,20:03,22:19,22:34,15,136,95,Chord Line,Howrah,UP
38047,Howrah - Shrirampur Local,Howrah,Shrirampur,20:04,20:42,20:59,17,38,20,Main Line,Howrah,UP
37761,Howrah - Goghat Local,Howrah,Goghat,20:06,22:20,22:39,19,134,91,Tarakeswar Line,Howrah,UP
38163,Howrah - Belmuri Local,Howrah,Belmuri,20:06,21:20,21:28,8,74,46,Chord Line,Howrah,UP
38463,Howrah - Kamarkundu Local,Howrah,Kamarkundu,20:09,21:05,21:16,11,56,33,Chord Line,Howrah,UP
37677,Howrah - Tarakeswar Local,Howrah,Tarakeswar,20:10,21:44,21:52,8,94,57,Tarakeswar Line,Howrah,UP
37415,Howrah - Barddhaman Local,Howrah,Barddhaman,20:11,22:44,22:46,2,153,107,Main Line,Howrah,UP
37275,Howrah - Bandel Local,Howrah,Bandel,20:14,21:21,21:38,17,67,40,Main Line,Howrah,UP
38049,Howrah - Shrirampur Local,Howrah,Shrirampur,20:17,20:51,20:56,5,34,20,Main Line,Howrah,UP
38267,Howrah - Chandanpur Local,Howrah,Chandanpur,20:23,21:20,21:39,19,57,41,Chord Line,Howrah,UP
37541,Howrah - Barddhaman Local,Howrah,Barddhaman,20:24,22:43,22:46,3,139,95,Chord Line,Howrah,UP
37277,Howrah - Bandel Local,Howrah,Bandel,20:26,21:34,21:36,2,68,40,Main Line,Howrah,UP
37827,Howrah - Arambagh Local,Howrah,Arambagh,20:26,22:21,22:37,16,115,81,Tarakeswar Line,Howrah,UP
38345,Howrah - Masagram Local,Howrah,Masagram,20:26,22:15,22:21,6,109,72,Chord Line,Howrah,UP
37679,Howrah - Tarakeswar Local,Howrah,Tarakeswar,20:27,22:01,22:13,12,94,57,Tarakeswar Line,Howrah,UP
38465,Howrah - Kamarkundu Local,Howrah,Kamarkundu,20:27,21:26,21:37,11,59,33,Chord Line,Howrah,UP
37417,Howrah - Barddhaman Local,Howrah,Barddhaman,20:31,23:09,23:12,3,158,107,Main Line,Howrah,UP
38165,Howrah - Belmuri Local,Howrah,Belmuri,20:32,21:41,21:45,4,69,46,Chord Line,Howrah,UP
38051,Howrah - Shrirampur Local,Howrah,Shrirampur,20:33,21:12,21:25,13,39,20,Main Line,Howrah,UP
37899,Howrah - Katwa Local,Howrah,Katwa,20:34,00:08,00:14,6,214,144,Main Line,Howrah,UP
37279,Howrah - Bandel Local,Howrah,Bandel,20:38,21:46,21:52,6,68,40,Main Line,Howrah,UP
37543,Howrah - Barddhaman Local,Howrah,Barddhaman,20:42,23:01,23:08,7,139,95,Chord Line,Howrah,UP
37763,Howrah - Goghat Local,Howrah,Goghat,20:42,22:56,23:06,10,134,91,Tarakeswar Line,Howrah,UP
37681,Howrah - Tarakeswar Local,Howrah,Tarakeswar,20:45,22:15,22:18,3,90,57,Tarakeswar Line,Howrah,UP
38053,Howrah - Shrirampur Local,Howrah,Shrirampur,20:46,21:23,21:36,13,37,20,Main Line,Howrah,UP
38269,Howrah - Chandanpur Local,Howrah,Chandanpur,20:47,21:48,21:52,4,61,41,Chord Line,Howrah,UP
38467,Howrah - Kamarkundu Local,Howrah,Kamarkundu,20:48,21:46,21:59,13,58,33,Chord Line,Howrah,UP
37281,Howrah - Bandel Local,Howrah,Bandel,20:50,21:56,22:14,18,66,40,Main Line,Howrah,UP
37419,Howrah - Barddhaman Local,Howrah,Barddhaman,20:51,23:24,23:35,11,153,107,Main Line,Howrah,UP
38167,Howrah - Belmuri Local,Howrah,Belmuri,20:58,22:04,22:19,15,66,46,Chord Line,Howrah,UP
38055,Howrah - Shrirampur Local,Howrah,Shrirampur,20:59,21:32,21:50,18,33,20,Main Line,Howrah,UP
38347,Howrah - Masagram Local,Howrah,Masagram,20:59,22:44,23:03,19,105,72,Chord Line,Howrah,UP
37283,Howrah - Bandel Local,Howrah,Bandel,21:00,22:03,22:21,18,63,40,Main Line,Howrah,UP
37545,Howrah - Barddhaman Local,Howrah,Barddhaman,21:03,23:16,23:31,15,133,95,Chord Line,Howrah,UP
37683,Howrah - Tarakeswar Local,Howrah,Tarakeswar,21:03,22:33,22:43,10,90,57,Tarakeswar Line,Howrah,UP
37829,Howrah - Arambagh Local,Howrah,Arambagh,21:06,22:57,23:06,9,111,81,Tarakeswar Line,Howrah,UP
38469,Howrah - Kamarkundu Local,Howrah,Kamarkundu,21:08,21:59,22:02,3,51,33,Chord Line,Howrah,UP
37285,Howrah - Bandel Local,Howrah,Bandel,21:10,22:15,22:29,14,65,40,Main Line,Howrah,UP
37901,Howrah - Katwa Local,Howrah,Katwa,21:10,00:39,00:47,8,209,144,Main Line,Howrah,UP
37421,Howrah - Barddhaman Local,Howrah,Barddhaman,21:13,23:44,23:54,10,151,107,Main Line,Howrah,UP
38057,Howrah - Shrirampur Local,Howrah,Shrirampur,21:13,21:48,22:00,12,35,20,Main Line,Howrah,UP
38271,Howrah - Chandanpur Local,Howrah,Chandanpur,21:13,22:09,22:24,15,56,41,Chord Line,Howrah,UP
37765,Howrah - Goghat Local,Howrah,Goghat,21:15,23:22,23:27,5,127,91,Tarakeswar Line,Howrah,UP
37287,Howrah - Bandel Local,Howrah,Bandel,21:20,22:22,22:36,14,62,40,Main Line,Howrah,UP
37685,Howrah - Tarakeswar Local,Howrah,Tarakeswar,21:20,22:49,22:52,3,89,57,Tarakeswar Line,Howrah,UP
38169,Howrah - Belmuri Local,Howrah,Belmuri,21:21,22:31,22:37,6,70,46,Chord Line,Howrah,UP
37547,Howrah - Barddhaman Local,Howrah,Barddhaman,21:25,23:44,23:56,12,139,95,Chord Line,Howrah,UP
38471,Howrah - Kamarkundu Local,Howrah,Kamarkundu,21:26,22:24,22:31,7,58,33,Chord Line,Howrah,UP
38059,Howrah - Shrirampur Local,Howrah,Shrirampur,21:28,22:00,22:19,19,32,20,Main Line,Howrah,UP
37289,Howrah - Bandel Local,Howrah,Bandel,21:33,22:41,22:52,11,68,40,Main Line,Howrah,UP
38349,Howrah - Masagram Local,Howrah,Masagram,21:33,23:14,23:19,5,101,72,Chord Line,Howrah,UP
37423,Howrah - Barddhaman Local,Howrah,Barddhaman,21:34,00:08,00:18,10,154,107,Main Line,Howrah,UP
38273,Howrah - Chandanpur Local,Howrah,Chandanpur,21:37,22:34,22:41,7,57,41,Chord Line,Howrah,UP
37687,Howrah - Tarakeswar Local,Howrah,Tarakeswar,21:40,23:07,23:10,3,87,57,Tarakeswar Line,Howrah,UP
38061,Howrah - Shrirampur Local,Howrah,Shrirampur,21:42,22:20,22:38,18,38,20,Main Line,Howrah,UP
37903,Howrah - Katwa Local,Howrah,Katwa,21:44,01:10,01:16,6,206,144,Main Line,Howrah,UP
37831,Howrah - Arambagh Local,Howrah,Arambagh,21:45,23:37,23:44,7,112,81,Tarakeswar Line,Howrah,UP
38171,Howrah - Belmuri Local,Howrah,Belmuri,21:45,22:58,23:11,13,73,46,Chord Line,Howrah,UP
38473,Howrah - Kamarkundu Local,Howrah,Kamarkundu,21:45,22:36,22:47,11,51,33,Chord Line,Howrah,UP
37549,Howrah - Barddhaman Local,Howrah,Barddhaman,21:46,23:57,00:04,7,131,95,Chord Line,Howrah,UP
37291,Howrah - Bandel Local,Howrah,Bandel,21:47,22:51,23:00,9,64,40,Main Line,Howrah,UP
37767,Howrah - Goghat Local,Howrah,Goghat,21:52,00:05,00:08,3,133,91,Tarakeswar Line,Howrah,UP
37425,Howrah - Barddhaman Local,Howrah,Barddhaman,21:53,00:26,00:39,13,153,107,Main Line,Howrah,UP
38063,Howrah - Shrirampur Local,Howrah,Shrirampur,21:55,22:28,22:42,14,33,20,Main Line,Howrah,UP
37689,Howrah - Tarakeswar Local,Howrah,Tarakeswar,21:57,23:28,23:36,8,91,57,Tarakeswar Line,Howrah,UP
37293,Howrah - Bandel Local,Howrah,Bandel,21:58,23:05,23:16,11,67,40,Main Line,Howrah,UP
38275,Howrah - Chandanpur Local,Howrah,Chandanpur,22:03,23:06,23:20,14,63,41,Chord Line,Howrah,UP
38475,Howrah - Kamarkundu Local,Howrah,Kamarkundu,22:04,22:58,23:16,18,54,33,Chord Line,Howrah,UP
37551,Howrah - Barddhaman Local,Howrah,Barddhaman,22:07,00:23,00:38,15,136,95,Chord Line,Howrah,UP
38351,Howrah - Masagram Local,Howrah,Masagram,22:08,23:55,23:58,3,107,72,Chord Line,Howrah,UP
37295,Howrah - Bandel Local,Howrah,Bandel,22:10,23:12,23:24,12,62,40,Main Line,Howrah,UP
38065,Howrah - Shrirampur Local,Howrah,Shrirampur,22:10,22:41,22:43,2,31,20,Main Line,Howrah,UP
38173,Howrah - Belmuri Local,Howrah,Belmuri,22:10,23:20,23:25,5,70,46,Chord Line,Howrah,UP
37427,Howrah - Barddhaman Local,Howrah,Barddhaman,22:13,00:45,00:57,12,152,107,Main Line,Howrah,UP
37691,Howrah - Tarakeswar Local,Howrah,Tarakeswar,22:15,23:48,23:57,9,93,57,Tarakeswar Line,Howrah,UP
37905,Howrah - Katwa Local,Howrah,Katwa,22:17,01:50,02:02,12,213,144,Main Line,Howrah,UP
37297,Howrah - Bandel Local,Howrah,Bandel,22:20,23:27,23:32,5,67,40,Main Line,Howrah,UP
37833,Howrah - Arambagh Local,Howrah,Arambagh,22:23,00:17,00:35,18,114,81,Tarakeswar Line,Howrah,UP
38477,Howrah - Kamarkundu Local,Howrah,Kamarkundu,22:25,23:21,23:29,8,56,33,Chord Line,Howrah,UP
37553,Howrah - Barddhaman Local,Howrah,Barddhaman,22:26,00:39,00:48,9,133,95,Chord Line,Howrah,UP
37769,Howrah - Goghat Local,Howrah,Goghat,22:26,00:40,00:44,4,134,91,Tarakeswar Line,Howrah,UP
38067,Howrah - Shrirampur Local,Howrah,Shrirampur,22:26,23:04,23:07,3,38,20,Main Line,Howrah,UP
38277,Howrah - Chandanpur Local,Howrah,Chandanpur,22:29,23:26,23:42,16,57,41,Chord Line,Howrah,UP
37299,Howrah - Bandel Local,Howrah,Bandel,22:31,23:35,23:41,6,64,40,Main Line,Howrah,UP
37429,Howrah - Barddhaman Local,Howrah,Barddhaman,22:31,01:05,01:07,2,154,107,Main Line,Howrah,UP
38175,Howrah - Belmuri Local,Howrah,Belmuri,22:33,23:41,23:46,5,68,46,Chord Line,Howrah,UP
37693,Howrah - Tarakeswar Local,Howrah,Tarakeswar,22:35,00:03,00:19,16,88,57,Tarakeswar Line,Howrah,UP
38069,Howrah - Shrirampur Local,Howrah,Shrirampur,22:42,23:19,23:23,4,37,20,Main Line,Howrah,UP
38353,Howrah - Masagram Local,Howrah,Masagram,22:43,00:25,00:37,12,102,72,Chord Line,Howrah,UP
37301,Howrah - Bandel Local,Howrah,Bandel,22:44,23:48,00:06,18,64,40,Main Line,Howrah,UP
38479,Howrah - Kamarkundu Local,Howrah,Kamarkundu,22:45,23:37,23:51,14,52,33,Chord Line,Howrah,UP
37555,Howrah - Barddhaman Local,Howrah,Barddhaman,22:48,01:01,01:13,12,133,95,Chord Line,Howrah,UP
37431,Howrah - Barddhaman Local,Howrah,Barddhaman,22:49,01:22,01:25,3,153,107,Main Line,Howrah,UP
37695,Howrah - Tarakeswar Local,Howrah,Tarakeswar,22:51,00:24,00:34,10,93,57,Tarakeswar Line,Howrah,UP
37907,Howrah - Katwa Local,Howrah,Katwa,22:51,02:24,02:27,3,213,144,Main Line,Howrah,UP
37303,Howrah - Bandel Local,Howrah,Bandel,22:54,23:56,00:06,10,62,40,Main Line,Howrah,UP
38071,Howrah - Shrirampur Local,Howrah,Shrirampur,22:56,23:32,23:42,10,36,20,Main Line,Howrah,UP
38279,Howrah - Chandanpur Local,Howrah,Chandanpur,22:56,23:54,00:03,9,58,41,Chord Line,Howrah,UP
37771,Howrah - Goghat Local,Howrah,Goghat,22:59,01:09,01:27,18,130,91,Tarakeswar Line,Howrah,UP
38177,Howrah - Belmuri Local,Howrah,Belmuri,22:59,00:08,00:10,2,69,46,Chord Line,Howrah,UP
37835,Howrah - Arambagh Local,Howrah,Arambagh,23:01,00:53,01:05,12,112,81,Tarakeswar Line,Howrah,UP
37305,Howrah - Bandel Local,Howrah,Bandel,23:07,00:11,00:20,9,64,40,Main Line,Howrah,UP
37557,Howrah - Barddhaman Local,Howrah,Barddhaman,23:07,01:18,01:29,11,131,95,Chord Line,Howrah,UP
37697,Howrah - Tarakeswar Local,Howrah,Tarakeswar,23:07,00:34,00:42,8,87,57,Tarakeswar Line,Howrah,UP
38481,Howrah - Kamarkundu Local,Howrah,Kamarkundu,23:07,00:00,00:04,4,53,33,Chord Line,Howrah,UP
38073,Howrah - Shrirampur Local,Howrah,Shrirampur,23:10,23:41,23:45,4,31,20,Main Line,Howrah,UP
37433,Howrah - Barddhaman Local,Howrah,Barddhaman,23:11,01:42,02:01,19,151,107,Main Line,Howrah,UP
38355,Howrah - Masagram Local,Howrah,Masagram,23:17,00:59,01:05,6,102,72,Chord Line,Howrah,UP
38281,Howrah - Chandanpur Local,Howrah,Chandanpur,23:19,00:21,00:34,13,62,41,Chord Line,Howrah,UP
37307,Howrah - Bandel Local,Howrah,Bandel,23:21,00:28,00:41,13,67,40,Main Line,Howrah,UP
37699,Howrah - Tarakeswar Local,Howrah,Tarakeswar,23:23,00:49,00:56,7,86,57,Tarakeswar Line,Howrah,UP
37909,Howrah - Katwa Local,Howrah,Katwa,23:24,02:50,02:53,3,206,144,Main Line,Howrah,UP
38179,Howrah - Belmuri Local,Howrah,Belmuri,23:25,00:32,00:45,13,67,46,Chord Line,Howrah,UP
38483,Howrah - Kamarkundu Local,Howrah,Kamarkundu,23:25,00:24,00:30,6,59,33,Chord Line,Howrah,UP
37559,Howrah - Barddhaman Local,Howrah,Barddhaman,23:26,01:41,01:54,13,135,95,Chord Line,Howrah,UP
38075,Howrah - Shrirampur Local,Howrah,Shrirampur,23:26,00:03,00:21,18,37,20,Main Line,Howrah,UP
37435,Howrah - Barddhaman Local,Howrah,Barddhaman,23:31,02:03,02:21,18,152,107,Main Line,Howrah,UP
37309,Howrah - Bandel Local,Howrah,Bandel,23:34,00:40,00:51,11,66,40,Main Line,Howrah,UP
37773,Howrah - Goghat Local,Howrah,Goghat,23:36,01:42,02:00,18,126,91,Tarakeswar Line,Howrah,UP
38077,Howrah - Shrirampur Local,Howrah,Shrirampur,23:39,00:18,00:34,16,39,20,Main Line,Howrah,UP
37701,Howrah - Tarakeswar Local,Howrah,Tarakeswar,23:42,01:14,01:27,13,92,57,Tarakeswar Line,Howrah,UP
37837,Howrah - Arambagh Local,Howrah,Arambagh,23:43,01:35,01:52,17,112,81,Tarakeswar Line,Howrah,UP
38485,Howrah - Kamarkundu Local,Howrah,Kamarkundu,23:44,00:41,00:50,9,57,33,Chord Line,Howrah,UP
38283,Howrah - Chandanpur Local,Howrah,Chandanpur,23:45,00:42,01:00,18,57,41,Chord Line,Howrah,UP
37311,Howrah - Bandel Local,Howrah,Bandel,23:46,00:47,00:53,6,61,40,Main Line,Howrah,UP
37561,Howrah - Barddhaman Local,Howrah,Barddhaman,23:47,02:05,02:22,17,138,95,Chord Line,Howrah,UP
38181,Howrah - Belmuri Local,Howrah,Belmuri,23:48,01:01,01:08,7,73,46,Chord Line,Howrah,UP
37437,Howrah - Barddhaman Local,Howrah,Barddhaman,23:51,02:29,02:38,9,158,107,Main Line,Howrah,UP
38079,Howrah - Shrirampur Local,Howrah,Shrirampur,23:54,00:29,00:48,19,35,20,Main Line,Howrah,UP
38357,Howrah - Masagram Local,Howrah,Masagram,23:54,01:40,01:53,13,106,72,Chord Line,Howrah,UP
37102,Kamarkundu - Howrah Local,Kamarkundu,Howrah,03:00,03:58,04:14,16,58,33,Chord Line,Howrah,DOWN
37104,Kamarkundu - Howrah Local,Kamarkundu,Howrah,03:20,04:13,04:23,10,53,33,Chord Line,Howrah,DOWN
37106,Kamarkundu - Howrah Local,Kamarkundu,Howrah,03:41,04:34,04:48,14,53,33,Chord Line,Howrah,DOWN
37108,Kamarkundu - Howrah Local,Kamarkundu,Howrah,04:01,04:57,05:13,16,56,33,Chord Line,Howrah,DOWN
37110,Kamarkundu - Howrah Local,Kamarkundu,Howrah,04:23,05:17,05:28,11,54,33,Chord Line,Howrah,DOWN
37112,Kamarkundu - Howrah Local,Kamarkundu,Howrah,04:43,05:40,05:57,17,57,33,Chord Line,Howrah,DOWN
37114,Kamarkundu - Howrah Local,Kamarkundu,Howrah,05:01,05:54,06:02,8,53,33,Chord Line,Howrah,DOWN
37116,Kamarkundu - Howrah Local,Kamarkundu,Howrah,05:21,06:18,06:36,18,57,33,Chord Line,Howrah,DOWN
37118,Kamarkundu - Howrah Local,Kamarkundu,Howrah,05:42,06:36,06:44,8,54,33,Chord Line,Howrah,DOWN
37120,Kamarkundu - Howrah Local,Kamarkundu,Howrah,06:04,06:55,07:10,15,51,33,Chord Line,Howrah,DOWN
37122,Kamarkundu - Howrah Local,Kamarkundu,Howrah,06:22,07:16,07:32,16,54,33,Chord Line,Howrah,DOWN
37124,Kamarkundu - Howrah Local,Kamarkundu,Howrah,06:44,07:42,07:50,8,58,33,Chord Line,Howrah,DOWN
37126,Kamarkundu - Howrah Local,Kamarkundu,Howrah,07:02,07:57,08:07,10,55,33,Chord Line,Howrah,DOWN
37128,Kamarkundu - Howrah Local,Kamarkundu,Howrah,07:21,08:12,08:29,17,51,33,Chord Line,Howrah,DOWN
37130,Kamarkundu - Howrah Local,Kamarkundu,Howrah,07:40,08:37,08:46,9,57,33,Chord Line,Howrah,DOWN
37132,Kamarkundu - Howrah Local,Kamarkundu,Howrah,08:01,08:56,09:15,19,55,33,Chord Line,Howrah,DOWN
37134,Kamarkundu - Howrah Local,Kamarkundu,Howrah,08:23,09:15,09:34,19,52,33,Chord Line,Howrah,DOWN
37136,Kamarkundu - Howrah Local,Kamarkundu,Howrah,08:42,09:35,09:43,8,53,33,Chord Line,Howrah,DOWN
37138,Kamarkundu - Howrah Local,Kamarkundu,Howrah,09:02,09:54,09:58,4,52,33,Chord Line,Howrah,DOWN
37140,Kamarkundu - Howrah Local,Kamarkundu,Howrah,09:24,10:23,10:42,19,59,33,Chord Line,Howrah,DOWN
37142,Kamarkundu - Howrah Local,Kamarkundu,Howrah,09:42,10:40,10:51,11,58,33,Chord Line,Howrah,DOWN
37144,Kamarkundu - Howrah Local,Kamarkundu,Howrah,10:03,10:55,11:03,8,52,33,Chord Line,Howrah,DOWN
37146,Kamarkundu - Howrah Local,Kamarkundu,Howrah,10:24,11:18,11:36,18,54,33,Chord Line,Howrah,DOWN
37148,Kamarkundu - Howrah Local,Kamarkundu,Howrah,10:43,11:38,11:53,15,55,33,Chord Line,Howrah,DOWN
37150,Kamarkundu - Howrah Local,Kamarkundu,Howrah,11:02,12:00,12:04,4,58,33,Chord Line,Howrah,DOWN
37152,Kamarkundu - Howrah Local,Kamarkundu,Howrah,11:22,12:15,12:28,13,53,33,Chord Line,Howrah,DOWN
37154,Kamarkundu - Howrah Local,Kamarkundu,Howrah,11:43,12:37,12:51,14,54,33,Chord Line,Howrah,DOWN
37156,Kamarkundu - Howrah Local,Kamarkundu,Howrah,12:04,12:58,13:01,3,54,33,Chord Line,Howrah,DOWN
37158,Kamarkundu - Howrah Local,Kamarkundu,Howrah,12:26,13:20,13:24,4,54,33,Chord Line,Howrah,DOWN
37160,Kamarkundu - Howrah Local,Kamarkundu,Howrah,12:46,13:39,13:45,6,53,33,Chord Line,Howrah,DOWN
37162,Kamarkundu - Howrah Local,Kamarkundu,Howrah,13:07,14:00,14:12,12,53,33,Chord Line,Howrah,DOWN
37164,Kamarkundu - Howrah Local,Kamarkundu,Howrah,13:28,14:23,14:32,9,55,33,Chord Line,Howrah,DOWN
37166,Kamarkundu - Howrah Local,Kamarkundu,Howrah,13:46,14:40,14:53,13,54,33,Chord Line,Howrah,DOWN
37168,Kamarkundu - Howrah Local,Kamarkundu,Howrah,14:06,15:04,15:12,8,58,33,Chord Line,Howrah,DOWN
37170,Kamarkundu - Howrah Local,Kamarkundu,Howrah,14:28,15:24,15:40,16,56,33,Chord Line,Howrah,DOWN
37172,Kamarkundu - Howrah Local,Kamarkundu,Howrah,14:47,15:45,16:03,18,58,33,Chord Line,Howrah,DOWN
37174,Kamarkundu - Howrah Local,Kamarkundu,Howrah,15:09,16:00,16:05,5,51,33,Chord Line,Howrah,DOWN
37176,Kamarkundu - Howrah Local,Kamarkundu,Howrah,15:27,16:20,16:34,14,53,33,Chord Line,Howrah,DOWN
37178,Kamarkundu - Howrah Local,Kamarkundu,Howrah,15:48,16:45,17:04,19,57,33,Chord Line,Howrah,DOWN
37180,Kamarkundu - Howrah Local,Kamarkundu,Howrah,16:08,17:05,17:07,2,57,33,Chord Line,Howrah,DOWN
37182,Kamarkundu - Howrah Local,Kamarkundu,Howrah,16:27,17:22,17:39,17,55,33,Chord Line,Howrah,DOWN
37184,Kamarkundu - Howrah Local,Kamarkundu,Howrah,16:48,17:40,17:54,14,52,33,Chord Line,Howrah,DOWN
37186,Kamarkundu - Howrah Local,Kamarkundu,Howrah,17:06,17:57,18:08,11,51,33,Chord Line,Howrah,DOWN
37188,Kamarkundu - Howrah Local,Kamarkundu,Howrah,17:28,18:24,18:37,13,56,33,Chord Line,Howrah,DOWN
37190,Kamarkundu - Howrah Local,Kamarkundu,Howrah,17:46,18:44,18:47,3,58,33,Chord Line,Howrah,DOWN
37192,Kamarkundu - Howrah Local,Kamarkundu,Howrah,18:05,18:56,19:00,4,51,33,Chord Line,Howrah,DOWN
37194,Kamarkundu - Howrah Local,Kamarkundu,Howrah,18:25,19:20,19:31,11,55,33,Chord Line,Howrah,DOWN
37196,Kamarkundu - Howrah Local,Kamarkundu,Howrah,18:43,19:40,19:43,3,57,33,Chord Line,Howrah,DOWN
37198,Kamarkundu - Howrah Local,Kamarkundu,Howrah,19:05,20:02,20:16,14,57,33,Chord Line,Howrah,DOWN
37200,Kamarkundu - Howrah Local,Kamarkundu,Howrah,19:25,20:18,20:32,14,53,33,Chord Line,Howrah,DOWN
37202,Kamarkundu - Howrah Local,Kamarkundu,Howrah,19:45,20:36,20:55,19,51,33,Chord Line,Howrah,DOWN
37204,Kamarkundu - Howrah Local,Kamarkundu,Howrah,20:07,21:00,21:04,4,53,33,Chord Line,Howrah,DOWN
37206,Kamarkundu - Howrah Local,Kamarkundu,Howrah,20:29,21:22,21:30,8,53,33,Chord Line,Howrah,DOWN
37208,Kamarkundu - Howrah Local,Kamarkundu,Howrah,20:49,21:47,22:02,15,58,33,Chord Line,Howrah,DOWN
37210,Kamarkundu - Howrah Local,Kamarkundu,Howrah,21:11,22:09,22:27,18,58,33,Chord Line,Howrah,DOWN
37212,Kamarkundu - Howrah Local,Kamarkundu,Howrah,21:31,22:23,22:36,13,52,33,Chord Line,Howrah,DOWN
37214,Kamarkundu - Howrah Local,Kamarkundu,Howrah,21:50,22:49,23:06,17,59,33,Chord Line,Howrah,DOWN
37216,Kamarkundu - Howrah Local,Kamarkundu,Howrah,22:10,23:03,23:16,13,53,33,Chord Line,Howrah,DOWN
37218,Kamarkundu - Howrah Local,Kamarkundu,Howrah,22:31,23:23,23:39,16,52,33,Chord Line,Howrah,DOWN
37220,Kamarkundu - Howrah Local,Kamarkundu,Howrah,22:51,23:42,23:53,11,51,33,Chord Line,Howrah,DOWN
37222,Kamarkundu - Howrah Local,Kamarkundu,Howrah,23:11,00:09,00:17,8,58,33,Chord Line,Howrah,DOWN
37224,Kamarkundu - Howrah Local,Kamarkundu,Howrah,23:30,00:26,00:32,6,56,33,Chord Line,Howrah,DOWN
37226,Kamarkundu - Howrah Local,Kamarkundu,Howrah,23:50,00:45,00:47,2,55,33,Chord Line,Howrah,DOWN
37102,Katwa - Howrah Local,Katwa,Howrah,03:00,06:28,06:46,18,208,144,Main Line,Howrah,DOWN
37104,Katwa - Howrah Local,Katwa,Howrah,03:34,07:02,07:06,4,208,144,Main Line,Howrah,DOWN
37106,Katwa - Howrah Local,Katwa,Howrah,04:07,07:37,07:51,14,210,144,Main Line,Howrah,DOWN
37108,Katwa - Howrah Local,Katwa,Howrah,04:40,08:13,08:28,15,213,144,Main Line,Howrah,DOWN
37110,Katwa - Howrah Local,Katwa,Howrah,05:13,08:41,09:00,19,208,144,Main Line,Howrah,DOWN
37112,Katwa - Howrah Local,Katwa,Howrah,05:50,09:17,09:22,5,207,144,Main Line,Howrah,DOWN
37114,Katwa - Howrah Local,Katwa,Howrah,06:27,09:54,10:13,19,207,144,Main Line,Howrah,DOWN
37116,Katwa - Howrah Local,Katwa,Howrah,07:00,10:29,10:35,6,209,144,Main Line,Howrah,DOWN
37118,Katwa - Howrah Local,Katwa,Howrah,07:36,11:05,11:22,17,209,144,Main Line,Howrah,DOWN
37120,Katwa - Howrah Local,Katwa,Howrah,08:09,11:40,11:42,2,211,144,Main Line,Howrah,DOWN
37122,Katwa - Howrah Local,Katwa,Howrah,08:45,12:16,12:31,15,211,144,Main Line,Howrah,DOWN
37124,Katwa - Howrah Local,Katwa,Howrah,09:21,12:55,13:11,16,214,144,Main Line,Howrah,DOWN
37126,Katwa - Howrah Local,Katwa,Howrah,09:54,13:25,13:35,10,211,144,Main Line,Howrah,DOWN
37128,Katwa - Howrah Local,Katwa,Howrah,10:28,13:54,14:10,16,206,144,Main Line,Howrah,DOWN
37130,Katwa - Howrah Local,Katwa,Howrah,11:02,14:30,14:48,18,208,144,Main Line,Howrah,DOWN
37132,Katwa - Howrah Local,Katwa,Howrah,11:39,15:06,15:11,5,207,144,Main Line,Howrah,DOWN
37134,Katwa - Howrah Local,Katwa,Howrah,12:14,15:44,15:57,13,210,144,Main Line,Howrah,DOWN
37136,Katwa - Howrah Local,Katwa,Howrah,12:47,16:19,16:25,6,212,144,Main Line,Howrah,DOWN
37138,Katwa - Howrah Local,Katwa,Howrah,13:21,16:52,16:58,6,211,144,Main Line,Howrah,DOWN
37140,Katwa - Howrah Local,Katwa,Howrah,13:55,17:23,17:35,12,208,144,Main Line,Howrah,DOWN
37142,Katwa - Howrah Local,Katwa,Howrah,14:32,18:01,18:08,7,209,144,Main Line,Howrah,DOWN
37144,Katwa - Howrah Local,Katwa,Howrah,15:08,18:34,18:42,8,206,144,Main Line,Howrah,DOWN
37146,Katwa - Howrah Local,Katwa,Howrah,15:45,19:12,19:27,15,207,144,Main Line,Howrah,DOWN
37148,Katwa - Howrah Local,Katwa,Howrah,16:19,19:51,20:03,12,212,144,Main Line,Howrah,DOWN
37150,Katwa - Howrah Local,Katwa,Howrah,16:56,20:22,20:36,14,206,144,Main Line,Howrah,DOWN
37152,Katwa - Howrah Local,Katwa,Howrah,17:30,20:57,21:00,3,207,144,Main Line,Howrah,DOWN
37154,Katwa - Howrah Local,Katwa,Howrah,18:06,21:32,21:40,8,206,144,Main Line,Howrah,DOWN
37156,Katwa - Howrah Local,Katwa,Howrah,18:39,22:06,22:11,5,207,144,Main Line,Howrah,DOWN
37158,Katwa - Howrah Local,Katwa,Howrah,19:13,22:43,22:52,9,210,144,Main Line,Howrah,DOWN
37160,Katwa - Howrah Local,Katwa,Howrah,19:50,23:23,23:37,14,213,144,Main Line,Howrah,DOWN
37162,Katwa - Howrah Local,Katwa,Howrah,20:26,23:55,00:10,15,209,144,Main Line,Howrah,DOWN
37164,Katwa - Howrah Local,Katwa,Howrah,21:00,00:30,00:41,11,210,144,Main Line,Howrah,DOWN
37166,Katwa - Howrah Local,Katwa,Howrah,21:34,01:07,01:19,12,213,144,Main Line,Howrah,DOWN
37168,Katwa - Howrah Local,Katwa,Howrah,22:11,01:40,01:43,3,209,144,Main Line,Howrah,DOWN
37170,Katwa - Howrah Local,Katwa,Howrah,22:47,02:13,02:23,10,206,144,Main Line,Howrah,DOWN
37172,Katwa - Howrah Local,Katwa,Howrah,23:21,02:49,03:07,18,208,144,Main Line,Howrah,DOWN
37102,Masagram - Howrah Local,Masagram,Howrah,03:00,04:42,04:46,4,102,72,Chord Line,Howrah,DOWN
37104,Masagram - Howrah Local,Masagram,Howrah,03:35,05:24,05:31,7,109,72,Chord Line,Howrah,DOWN
37106,Masagram - Howrah Local,Masagram,Howrah,04:12,05:59,06:05,6,107,72,Chord Line,Howrah,DOWN
37108,Masagram - Howrah Local,Masagram,Howrah,04:48,06:34,06:40,6,106,72,Chord Line,Howrah,DOWN
37110,Masagram - Howrah Local,Masagram,Howrah,05:22,07:07,07:23,16,105,72,Chord Line,Howrah,DOWN
37112,Masagram - Howrah Local,Masagram,Howrah,05:55,07:40,07:58,18,105,72,Chord Line,Howrah,DOWN
37114,Masagram - Howrah Local,Masagram,Howrah,06:32,08:21,08:31,10,109,72,Chord Line,Howrah,DOWN
37116,Masagram - Howrah Local,Masagram,Howrah,07:08,08:52,08:56,4,104,72,Chord Line,Howrah,DOWN
37118,Masagram - Howrah Local,Masagram,Howrah,07:43,09:30,09:48,18,107,72,Chord Line,Howrah,DOWN
37120,Masagram - Howrah Local,Masagram,Howrah,08:19,10:08,10:19,11,109,72,Chord Line,Howrah,DOWN
37122,Masagram - Howrah Local,Masagram,Howrah,08:54,10:43,10:47,4,109,72,Chord Line,Howrah,DOWN
37124,Masagram - Howrah Local,Masagram,Howrah,09:30,11:11,11:30,19,101,72,Chord Line,Howrah,DOWN
37126,Masagram - Howrah Local,Masagram,Howrah,10:04,11:47,12:06,19,103,72,Chord Line,Howrah,DOWN
37128,Masagram - Howrah Local,Masagram,Howrah,10:41,12:29,12:47,18,108,72,Chord Line,Howrah,DOWN
37130,Masagram - Howrah Local,Masagram,Howrah,11:18,13:06,13:10,4,108,72,Chord Line,Howrah,DOWN
37132,Masagram - Howrah Local,Masagram,Howrah,11:52,13:41,13:45,4,109,72,Chord Line,Howrah,DOWN
37134,Masagram - Howrah Local,Masagram,Howrah,12:27,14:14,14:21,7,107,72,Chord Line,Howrah,DOWN
37136,Masagram - Howrah Local,Masagram,Howrah,13:04,14:45,14:59,14,101,72,Chord Line,Howrah,DOWN
37138,Masagram - Howrah Local,Masagram,Howrah,13:41,15:25,15:41,16,104,72,Chord Line,Howrah,DOWN
37140,Masagram - Howrah Local,Masagram,Howrah,14:18,16:06,16:16,10,108,72,Chord Line,Howrah,DOWN
37142,Masagram - Howrah Local,Masagram,Howrah,14:53,16:37,16:42,5,104,72,Chord Line,Howrah,DOWN
37144,Masagram - Howrah Local,Masagram,Howrah,15:27,17:12,17:27,15,105,72,Chord Line,Howrah,DOWN
37146,Masagram - Howrah Local,Masagram,Howrah,16:01,17:48,17:54,6,107,72,Chord Line,Howrah,DOWN
37148,Masagram - Howrah Local,Masagram,Howrah,16:37,18:19,18:22,3,102,72,Chord Line,Howrah,DOWN
37150,Masagram - Howrah Local,Masagram,Howrah,17:12,18:59,19:11,12,107,72,Chord Line,Howrah,DOWN
37152,Masagram - Howrah Local,Masagram,Howrah,17:46,19:31,19:41,10,105,72,Chord Line,Howrah,DOWN
37154,Masagram - Howrah Local,Masagram,Howrah,18:21,20:06,20:10,4,105,72,Chord Line,Howrah,DOWN
37156,Masagram - Howrah Local,Masagram,Howrah,18:55,20:39,20:49,10,104,72,Chord Line,Howrah,DOWN
37158,Masagram - Howrah Local,Masagram,Howrah,19:32,21:16,21:20,4,104,72,Chord Line,Howrah,DOWN
37160,Masagram - Howrah Local,Masagram,Howrah,20:08,21:51,21:54,3,103,72,Chord Line,Howrah,DOWN
37162,Masagram - Howrah Local,Masagram,Howrah,20:41,22:22,22:35,13,101,72,Chord Line,Howrah,DOWN
37164,Masagram - Howrah Local,Masagram,Howrah,21:15,23:00,23:11,11,105,72,Chord Line,Howrah,DOWN
37166,Masagram - Howrah Local,Masagram,Howrah,21:49,23:37,23:47,10,108,72,Chord Line,Howrah,DOWN
37168,Masagram - Howrah Local,Masagram,Howrah,22:25,00:12,00:28,16,107,72,Chord Line,Howrah,DOWN
37170,Masagram - Howrah Local,Masagram,Howrah,23:02,00:43,00:52,9,101,72,Chord Line,Howrah,DOWN
37172,Masagram - Howrah Local,Masagram,Howrah,23:38,01:21,01:27,6,103,72,Chord Line,Howrah,DOWN
37102,Shrirampur - Howrah Local,Shrirampur,Howrah,03:00,03:35,03:47,12,35,20,Main Line,Howrah,DOWN
37104,Shrirampur - Howrah Local,Shrirampur,Howrah,03:16,03:55,03:58,3,39,20,Main Line,Howrah,DOWN
37106,Shrirampur - Howrah Local,Shrirampur,Howrah,03:33,04:07,04:23,16,34,20,Main Line,Howrah,DOWN
37108,Shrirampur - Howrah Local,Shrirampur,Howrah,03:50,04:26,04:33,7,36,20,Main Line,Howrah,DOWN
37110,Shrirampur - Howrah Local,Shrirampur,Howrah,04:03,04:42,04:51,9,39,20,Main Line,Howrah,DOWN
37112,Shrirampur - Howrah Local,Shrirampur,Howrah,04:16,04:47,04:53,6,31,20,Main Line,Howrah,DOWN
37114,Shrirampur - Howrah Local,Shrirampur,Howrah,04:31,05:08,05:25,17,37,20,Main Line,Howrah,DOWN
37116,Shrirampur - Howrah Local,Shrirampur,Howrah,04:44,05:22,05:41,19,38,20,Main Line,Howrah,DOWN
37118,Shrirampur - Howrah Local,Shrirampur,Howrah,04:59,05:30,05:37,7,31,20,Main Line,Howrah,DOWN
37120,Shrirampur - Howrah Local,Shrirampur,Howrah,05:16,05:52,05:58,6,36,20,Main Line,Howrah,DOWN
37122,Shrirampur - Howrah Local,Shrirampur,Howrah,05:31,06:10,06:27,17,39,20,Main Line,Howrah,DOWN
37124,Shrirampur - Howrah Local,Shrirampur,Howrah,05:45,06:24,06:38,14,39,20,Main Line,Howrah,DOWN
37126,Shrirampur - Howrah Local,Shrirampur,Howrah,05:58,06:31,06:37,6,33,20,Main Line,Howrah,DOWN
37128,Shrirampur - Howrah Local,Shrirampur,Howrah,06:12,06:46,07:00,14,34,20,Main Line,Howrah,DOWN
37130,Shrirampur - Howrah Local,Shrirampur,Howrah,06:27,06:59,07:17,18,32,20,Main Line,Howrah,DOWN
37132,Shrirampur - Howrah Local,Shrirampur,Howrah,06:44,07:18,07:37,19,34,20,Main Line,Howrah,DOWN
37134,Shrirampur - Howrah Local,Shrirampur,Howrah,07:00,07:36,07:45,9,36,20,Main Line,Howrah,DOWN
37136,Shrirampur - Howrah Local,Shrirampur,Howrah,07:14,07:49,08:03,14,35,20,Main Line,Howrah,DOWN
37138,Shrirampur - Howrah Local,Shrirampur,Howrah,07:29,08:06,08:10,4,37,20,Main Line,Howrah,DOWN
37140,Shrirampur - Howrah Local,Shrirampur,Howrah,07:46,08:17,08:26,9,31,20,Main Line,Howrah,DOWN
37142,Shrirampur - Howrah Local,Shrirampur,Howrah,08:01,08:37,08:40,3,36,20,Main Line,Howrah,DOWN
37144,Shrirampur - Howrah Local,Shrirampur,Howrah,08:14,08:52,09:01,9,38,20,Main Line,Howrah,DOWN
37146,Shrirampur - Howrah Local,Shrirampur,Howrah,08:29,09:08,09:22,14,39,20,Main Line,Howrah,DOWN
37148,Shrirampur - Howrah Local,Shrirampur,Howrah,08:45,09:17,09:31,14,32,20,Main Line,Howrah,DOWN
37150,Shrirampur - Howrah Local,Shrirampur,Howrah,09:02,09:41,09:43,2,39,20,Main Line,Howrah,DOWN
37152,Shrirampur - Howrah Local,Shrirampur,Howrah,09:18,09:53,10:00,7,35,20,Main Line,Howrah,DOWN
37154,Shrirampur - Howrah Local,Shrirampur,Howrah,09:35,10:11,10:28,17,36,20,Main Line,Howrah,DOWN
37156,Shrirampur - Howrah Local,Shrirampur,Howrah,09:51,10:25,10:34,9,34,20,Main Line,Howrah,DOWN
37158,Shrirampur - Howrah Local,Shrirampur,Howrah,10:04,10:36,10:38,2,32,20,Main Line,Howrah,DOWN
37160,Shrirampur - Howrah Local,Shrirampur,Howrah,10:20,10:57,11:14,17,37,20,Main Line,Howrah,DOWN
37162,Shrirampur - Howrah Local,Shrirampur,Howrah,10:33,11:08,11:18,10,35,20,Main Line,Howrah,DOWN
37164,Shrirampur - Howrah Local,Shrirampur,Howrah,10:47,11:19,11:33,14,32,20,Main Line,Howrah,DOWN
37166,Shrirampur - Howrah Local,Shrirampur,Howrah,11:00,11:35,11:47,12,35,20,Main Line,Howrah,DOWN
37168,Shrirampur - Howrah Local,Shrirampur,Howrah,11:14,11:47,12:01,14,33,20,Main Line,Howrah,DOWN
37170,Shrirampur - Howrah Local,Shrirampur,Howrah,11:27,12:00,12:11,11,33,20,Main Line,Howrah,DOWN
37172,Shrirampur - Howrah Local,Shrirampur,Howrah,11:43,12:22,12:27,5,39,20,Main Line,Howrah,DOWN
37174,Shrirampur - Howrah Local,Shrirampur,Howrah,11:57,12:32,12:39,7,35,20,Main Line,Howrah,DOWN
37176,Shrirampur - Howrah Local,Shrirampur,Howrah,12:10,12:49,12:57,8,39,20,Main Line,Howrah,DOWN
37178,Shrirampur - Howrah Local,Shrirampur,Howrah,12:26,13:04,13:10,6,38,20,Main Line,Howrah,DOWN
37180,Shrirampur - Howrah Local,Shrirampur,Howrah,12:40,13:17,13:29,12,37,20,Main Line,Howrah,DOWN
37182,Shrirampur - Howrah Local,Shrirampur,Howrah,12:55,13:26,13:40,14,31,20,Main Line,Howrah,DOWN
37184,Shrirampur - Howrah Local,Shrirampur,Howrah,13:11,13:45,13:56,11,34,20,Main Line,Howrah,DOWN
37186,Shrirampur - Howrah Local,Shrirampur,Howrah,13:26,13:57,14:08,11,31,20,Main Line,Howrah,DOWN
37188,Shrirampur - Howrah Local,Shrirampur,Howrah,13:39,14:18,14:30,12,39,20,Main Line,Howrah,DOWN
37190,Shrirampur - Howrah Local,Shrirampur,Howrah,13:53,14:30,14:38,8,37,20,Main Line,Howrah,DOWN
37192,Shrirampur - Howrah Local,Shrirampur,Howrah,14:08,14:44,15:03,19,36,20,Main Line,Howrah,DOWN
37194,Shrirampur - Howrah Local,Shrirampur,Howrah,14:25,15:03,15:08,5,38,20,Main Line,Howrah,DOWN
37196,Shrirampur - Howrah Local,Shrirampur,Howrah,14:40,15:19,15:22,3,39,20,Main Line,Howrah,DOWN
37198,Shrirampur - Howrah Local,Shrirampur,Howrah,14:57,15:35,15:50,15,38,20,Main Line,Howrah,DOWN
37200,Shrirampur - Howrah Local,Shrirampur,Howrah,15:14,15:49,16:03,14,35,20,Main Line,Howrah,DOWN
37202,Shrirampur - Howrah Local,Shrirampur,Howrah,15:30,16:03,16:16,13,33,20,Main Line,Howrah,DOWN
37204,Shrirampur - Howrah Local,Shrirampur,Howrah,15:47,16:20,16:28,8,33,20,Main Line,Howrah,DOWN
37206,Shrirampur - Howrah Local,Shrirampur,Howrah,16:02,16:36,16:39,3,34,20,Main Line,Howrah,DOWN
37208,Shrirampur - Howrah Local,Shrirampur,Howrah,16:17,16:53,17:07,14,36,20,Main Line,Howrah,DOWN
37210,Shrirampur - Howrah Local,Shrirampur,Howrah,16:33,17:04,17:19,15,31,20,Main Line,Howrah,DOWN
37212,Shrirampur - Howrah Local,Shrirampur,Howrah,16:48,17:24,17:42,18,36,20,Main Line,Howrah,DOWN
37214,Shrirampur - Howrah Local,Shrirampur,Howrah,17:02,17:40,17:50,10,38,20,Main Line,Howrah,DOWN
37216,Shrirampur - Howrah Local,Shrirampur,Howrah,17:17,17:50,18:08,18,33,20,Main Line,Howrah,DOWN
37218,Shrirampur - Howrah Local,Shrirampur,Howrah,17:31,18:06,18:15,9,35,20,Main Line,Howrah,DOWN
37220,Shrirampur - Howrah Local,Shrirampur,Howrah,17:48,18:21,18:24,3,33,20,Main Line,Howrah,DOWN
37222,Shrirampur - Howrah Local,Shrirampur,Howrah,18:02,18:35,18:49,14,33,20,Main Line,Howrah,DOWN
37224,Shrirampur - Howrah Local,Shrirampur,Howrah,18:16,18:48,18:52,4,32,20,Main Line,Howrah,DOWN
37226,Shrirampur - Howrah Local,Shrirampur,Howrah,18:30,19:06,19:23,17,36,20,Main Line,Howrah,DOWN
37228,Shrirampur - Howrah Local,Shrirampur,Howrah,18:43,19:16,19:23,7,33,20,Main Line,Howrah,DOWN
37230,Shrirampur - Howrah Local,Shrirampur,Howrah,19:00,19:35,19:43,8,35,20,Main Line,Howrah,DOWN
37232,Shrirampur - Howrah Local,Shrirampur,Howrah,19:16,19:49,20:00,11,33,20,Main Line,Howrah,DOWN
37234,Shrirampur - Howrah Local,Shrirampur,Howrah,19:31,20:10,20:20,10,39,20,Main Line,Howrah,DOWN
37236,Shrirampur - Howrah Local,Shrirampur,Howrah,19:45,20:21,20:24,3,36,20,Main Line,Howrah,DOWN
37238,Shrirampur - Howrah Local,Shrirampur,Howrah,19:58,20:31,20:47,16,33,20,Main Line,Howrah,DOWN
37240,Shrirampur - Howrah Local,Shrirampur,Howrah,20:13,20:51,20:57,6,38,20,Main Line,Howrah,DOWN
37242,Shrirampur - Howrah Local,Shrirampur,Howrah,20:28,21:01,21:06,5,33,20,Main Line,Howrah,DOWN
37244,Shrirampur - Howrah Local,Shrirampur,Howrah,20:45,21:20,21:25,5,35,20,Main Line,Howrah,DOWN
37246,Shrirampur - Howrah Local,Shrirampur,Howrah,21:02,21:33,21:52,19,31,20,Main Line,Howrah,DOWN
37248,Shrirampur - Howrah Local,Shrirampur,Howrah,21:15,21:53,21:58,5,38,20,Main Line,Howrah,DOWN
37250,Shrirampur - Howrah Local,Shrirampur,Howrah,21:31,22:09,22:27,18,38,20,Main Line,Howrah,DOWN
37252,Shrirampur - Howrah Local,Shrirampur,Howrah,21:45,22:18,22:31,13,33,20,Main Line,Howrah,DOWN
37254,Shrirampur - Howrah Local,Shrirampur,Howrah,22:00,22:39,22:57,18,39,20,Main Line,Howrah,DOWN
37256,Shrirampur - Howrah Local,Shrirampur,Howrah,22:13,22:49,23:00,11,36,20,Main Line,Howrah,DOWN
37258,Shrirampur - Howrah Local,Shrirampur,Howrah,22:30,23:08,23:10,2,38,20,Main Line,Howrah,DOWN
37260,Shrirampur - Howrah Local,Shrirampur,Howrah,22:45,23:18,23:37,19,33,20,Main Line,Howrah,DOWN
37262,Shrirampur - Howrah Local,Shrirampur,Howrah,23:00,23:38,23:57,19,38,20,Main Line,Howrah,DOWN
37264,Shrirampur - Howrah Local,Shrirampur,Howrah,23:17,23:49,00:04,15,32,20,Main Line,Howrah,DOWN
37266,Shrirampur - Howrah Local,Shrirampur,Howrah,23:32,00:03,00:19,16,31,20,Main Line,Howrah,DOWN
37268,Shrirampur - Howrah Local,Shrirampur,Howrah,23:48,00:27,00:40,13,39,20,Main Line,Howrah,DOWN
37102,Tarakeswar - Howrah Local,Tarakeswar,Howrah,03:00,04:28,04:33,5,88,57,Tarakeswar Line,Howrah,DOWN
37104,Tarakeswar - Howrah Local,Tarakeswar,Howrah,03:19,04:52,04:56,4,93,57,Tarakeswar Line,Howrah,DOWN
37106,Tarakeswar - Howrah Local,Tarakeswar,Howrah,03:39,05:10,05:23,13,91,57,Tarakeswar Line,Howrah,DOWN
37108,Tarakeswar - Howrah Local,Tarakeswar,Howrah,03:59,05:30,05:38,8,91,57,Tarakeswar Line,Howrah,DOWN
37110,Tarakeswar - Howrah Local,Tarakeswar,Howrah,04:17,05:51,06:03,12,94,57,Tarakeswar Line,Howrah,DOWN
37112,Tarakeswar - Howrah Local,Tarakeswar,Howrah,04:34,06:07,06:09,2,93,57,Tarakeswar Line,Howrah,DOWN
37114,Tarakeswar - Howrah Local,Tarakeswar,Howrah,04:50,06:18,06:25,7,88,57,Tarakeswar Line,Howrah,DOWN
37116,Tarakeswar - Howrah Local,Tarakeswar,Howrah,05:10,06:43,06:59,16,93,57,Tarakeswar Line,Howrah,DOWN
37118,Tarakeswar - Howrah Local,Tarakeswar,Howrah,05:26,06:59,07:15,16,93,57,Tarakeswar Line,Howrah,DOWN
37120,Tarakeswar - Howrah Local,Tarakeswar,Howrah,05:42,07:15,07:27,12,93,57,Tarakeswar Line,Howrah,DOWN
37122,Tarakeswar - Howrah Local,Tarakeswar,Howrah,06:00,07:29,07:32,3,89,57,Tarakeswar Line,Howrah,DOWN
37124,Tarakeswar - Howrah Local,Tarakeswar,Howrah,06:19,07:47,08:02,15,88,57,Tarakeswar Line,Howrah,DOWN
37126,Tarakeswar - Howrah Local,Tarakeswar,Howrah,06:36,08:06,08:09,3,90,57,Tarakeswar Line,Howrah,DOWN
37128,Tarakeswar - Howrah Local,Tarakeswar,Howrah,06:56,08:28,08:33,5,92,57,Tarakeswar Line,Howrah,DOWN
37130,Tarakeswar - Howrah Local,Tarakeswar,Howrah,07:14,08:45,09:03,18,91,57,Tarakeswar Line,Howrah,DOWN
37132,Tarakeswar - Howrah Local,Tarakeswar,Howrah,07:31,09:04,09:08,4,93,57,Tarakeswar Line,Howrah,DOWN
37134,Tarakeswar - Howrah Local,Tarakeswar,Howrah,07:49,09:15,09:29,14,86,57,Tarakeswar Line,Howrah,DOWN
37136,Tarakeswar - Howrah Local,Tarakeswar,Howrah,08:08,09:41,09:51,10,93,57,Tarakeswar Line,Howrah,DOWN
37138,Tarakeswar - Howrah Local,Tarakeswar,Howrah,08:24,09:55,10:03,8,91,57,Tarakeswar Line,Howrah,DOWN
37140,Tarakeswar - Howrah Local,Tarakeswar,Howrah,08:40,10:13,10:29,16,93,57,Tarakeswar Line,Howrah,DOWN
37142,Tarakeswar - Howrah Local,Tarakeswar,Howrah,08:59,10:29,10:41,12,90,57,Tarakeswar Line,Howrah,DOWN
37144,Tarakeswar - Howrah Local,Tarakeswar,Howrah,09:16,10:44,10:47,3,88,57,Tarakeswar Line,Howrah,DOWN
37146,Tarakeswar - Howrah Local,Tarakeswar,Howrah,09:34,11:01,11:17,16,87,57,Tarakeswar Line,Howrah,DOWN
37148,Tarakeswar - Howrah Local,Tarakeswar,Howrah,09:54,11:21,11:36,15,87,57,Tarakeswar Line,Howrah,DOWN
37150,Tarakeswar - Howrah Local,Tarakeswar,Howrah,10:13,11:47,11:59,12,94,57,Tarakeswar Line,Howrah,DOWN
37152,Tarakeswar - Howrah Local,Tarakeswar,Howrah,10:31,12:01,12:05,4,90,57,Tarakeswar Line,Howrah,DOWN
37154,Tarakeswar - Howrah Local,Tarakeswar,Howrah,10:47,12:20,12:38,18,93,57,Tarakeswar Line,Howrah,DOWN
37156,Tarakeswar - Howrah Local,Tarakeswar,Howrah,11:07,12:39,12:52,13,92,57,Tarakeswar Line,Howrah,DOWN
37158,Tarakeswar - Howrah Local,Tarakeswar,Howrah,11:26,12:55,13:11,16,89,57,Tarakeswar Line,Howrah,DOWN
37160,Tarakeswar - Howrah Local,Tarakeswar,Howrah,11:43,13:11,13:28,17,88,57,Tarakeswar Line,Howrah,DOWN
37162,Tarakeswar - Howrah Local,Tarakeswar,Howrah,12:03,13:35,13:41,6,92,57,Tarakeswar Line,Howrah,DOWN
37164,Tarakeswar - Howrah Local,Tarakeswar,Howrah,12:22,13:53,14:00,7,91,57,Tarakeswar Line,Howrah,DOWN
37166,Tarakeswar - Howrah Local,Tarakeswar,Howrah,12:38,14:10,14:16,6,92,57,Tarakeswar Line,Howrah,DOWN
37168,Tarakeswar - Howrah Local,Tarakeswar,Howrah,12:55,14:26,14:30,4,91,57,Tarakeswar Line,Howrah,DOWN
37170,Tarakeswar - Howrah Local,Tarakeswar,Howrah,13:14,14:43,14:45,2,89,57,Tarakeswar Line,Howrah,DOWN
37172,Tarakeswar - Howrah Local,Tarakeswar,Howrah,13:34,15:01,15:08,7,87,57,Tarakeswar Line,Howrah,DOWN
37174,Tarakeswar - Howrah Local,Tarakeswar,Howrah,13:51,15:24,15:40,16,93,57,Tarakeswar Line,Howrah,DOWN
37176,Tarakeswar - Howrah Local,Tarakeswar,Howrah,14:11,15:44,15:47,3,93,57,Tarakeswar Line,Howrah,DOWN
37178,Tarakeswar - Howrah Local,Tarakeswar,Howrah,14:27,16:01,16:05,4,94,57,Tarakeswar Line,Howrah,DOWN
37180,Tarakeswar - Howrah Local,Tarakeswar,Howrah,14:45,16:18,16:36,18,93,57,Tarakeswar Line,Howrah,DOWN
37182,Tarakeswar - Howrah Local,Tarakeswar,Howrah,15:01,16:31,16:44,13,90,57,Tarakeswar Line,Howrah,DOWN
37184,Tarakeswar - Howrah Local,Tarakeswar,Howrah,15:18,16:45,17:04,19,87,57,Tarakeswar Line,Howrah,DOWN
37186,Tarakeswar - Howrah Local,Tarakeswar,Howrah,15:37,17:04,17:20,16,87,57,Tarakeswar Line,Howrah,DOWN
37188,Tarakeswar - Howrah Local,Tarakeswar,Howrah,15:57,17:29,17:42,13,92,57,Tarakeswar Line,Howrah,DOWN
37190,Tarakeswar - Howrah Local,Tarakeswar,Howrah,16:17,17:50,18:07,17,93,57,Tarakeswar Line,Howrah,DOWN
37192,Tarakeswar - Howrah Local,Tarakeswar,Howrah,16:35,18:02,18:11,9,87,57,Tarakeswar Line,Howrah,DOWN
37194,Tarakeswar - Howrah Local,Tarakeswar,Howrah,16:51,18:19,18:34,15,88,57,Tarakeswar Line,Howrah,DOWN
37196,Tarakeswar - Howrah Local,Tarakeswar,Howrah,17:08,18:34,18:52,18,86,57,Tarakeswar Line,Howrah,DOWN
37198,Tarakeswar - Howrah Local,Tarakeswar,Howrah,17:28,18:56,19:05,9,88,57,Tarakeswar Line,Howrah,DOWN
37200,Tarakeswar - Howrah Local,Tarakeswar,Howrah,17:45,19:19,19:35,16,94,57,Tarakeswar Line,Howrah,DOWN
37202,Tarakeswar - Howrah Local,Tarakeswar,Howrah,18:04,19:36,19:51,15,92,57,Tarakeswar Line,Howrah,DOWN
37204,Tarakeswar - Howrah Local,Tarakeswar,Howrah,18:22,19:55,20:14,19,93,57,Tarakeswar Line,Howrah,DOWN
37206,Tarakeswar - Howrah Local,Tarakeswar,Howrah,18:42,20:11,20:19,8,89,57,Tarakeswar Line,Howrah,DOWN
37208,Tarakeswar - Howrah Local,Tarakeswar,Howrah,18:59,20:29,20:33,4,90,57,Tarakeswar Line,Howrah,DOWN
37210,Tarakeswar - Howrah Local,Tarakeswar,Howrah,19:17,20:47,21:00,13,90,57,Tarakeswar Line,Howrah,DOWN
37212,Tarakeswar - Howrah Local,Tarakeswar,Howrah,19:37,21:08,21:12,4,91,57,Tarakeswar Line,Howrah,DOWN
37214,Tarakeswar - Howrah Local,Tarakeswar,Howrah,19:56,21:22,21:37,15,86,57,Tarakeswar Line,Howrah,DOWN
37216,Tarakeswar - Howrah Local,Tarakeswar,Howrah,20:12,21:46,22:02,16,94,57,Tarakeswar Line,Howrah,DOWN
37218,Tarakeswar - Howrah Local,Tarakeswar,Howrah,20:32,22:00,22:15,15,88,57,Tarakeswar Line,Howrah,DOWN
37220,Tarakeswar - Howrah Local,Tarakeswar,Howrah,20:51,22:17,22:25,8,86,57,Tarakeswar Line,Howrah,DOWN
37222,Tarakeswar - Howrah Local,Tarakeswar,Howrah,21:09,22:43,23:01,18,94,57,Tarakeswar Line,Howrah,DOWN
37224,Tarakeswar - Howrah Local,Tarakeswar,Howrah,21:27,22:53,23:06,13,86,57,Tarakeswar Line,Howrah,DOWN
37226,Tarakeswar - Howrah Local,Tarakeswar,Howrah,21:43,23:14,23:19,5,91,57,Tarakeswar Line,Howrah,DOWN
37228,Tarakeswar - Howrah Local,Tarakeswar,Howrah,22:03,23:33,23:43,10,90,57,Tarakeswar Line,Howrah,DOWN
37230,Tarakeswar - Howrah Local,Tarakeswar,Howrah,22:19,23:48,23:55,7,89,57,Tarakeswar Line,Howrah,DOWN
37232,Tarakeswar - Howrah Local,Tarakeswar,Howrah,22:35,00:07,00:24,17,92,57,Tarakeswar Line,Howrah,DOWN
37234,Tarakeswar - Howrah Local,Tarakeswar,Howrah,22:54,00:26,00:29,3,92,57,Tarakeswar Line,Howrah,DOWN
37236,Tarakeswar - Howrah Local,Tarakeswar,Howrah,23:12,00:44,00:53,9,92,57,Tarakeswar Line,Howrah,DOWN
37238,Tarakeswar - Howrah Local,Tarakeswar,Howrah,23:31,01:05,01:17,12,94,57,Tarakeswar Line,Howrah,DOWN
37240,Tarakeswar - Howrah Local,Tarakeswar,Howrah,23:50,01:18,01:32,14,88,57,Tarakeswar Line,Howrah,DOWN
31102,Bangaon - Sealdah Local,Bangaon,Sealdah,03:00,05:08,05:26,18,128,77,Bangaon Line,Sealdah,DOWN
31104,Bangaon - Sealdah Local,Bangaon,Sealdah,03:15,05:18,05:27,9,123,77,Bangaon Line,Sealdah,DOWN
31106,Bangaon - Sealdah Local,Bangaon,Sealdah,03:28,05:34,05:53,19,126,77,Bangaon Line,Sealdah,DOWN
31108,Bangaon - Sealdah Local,Bangaon,Sealdah,03:45,05:51,06:10,19,126,77,Bangaon Line,Sealdah,DOWN
31110,Bangaon - Sealdah Local,Bangaon,Sealdah,04:01,06:05,06:20,15,124,77,Bangaon Line,Sealdah,DOWN
31112,Bangaon - Sealdah Local,Bangaon,Sealdah,04:16,06:17,06:33,16,121,77,Bangaon Line,Sealdah,DOWN
31114,Bangaon - Sealdah Local,Bangaon,Sealdah,04:29,06:37,06:44,7,128,77,Bangaon Line,Sealdah,DOWN
31116,Bangaon - Sealdah Local,Bangaon,Sealdah,04:43,06:50,07:02,12,127,77,Bangaon Line,Sealdah,DOWN
31118,Bangaon - Sealdah Local,Bangaon,Sealdah,05:00,07:02,07:16,14,122,77,Bangaon Line,Sealdah,DOWN
31120,Bangaon - Sealdah Local,Bangaon,Sealdah,05:17,07:22,07:24,2,125,77,Bangaon Line,Sealdah,DOWN
31122,Bangaon - Sealdah Local,Bangaon,Sealdah,05:32,07:36,07:43,7,124,77,Bangaon Line,Sealdah,DOWN
31124,Bangaon - Sealdah Local,Bangaon,Sealdah,05:48,07:53,08:03,10,125,77,Bangaon Line,Sealdah,DOWN
31126,Bangaon - Sealdah Local,Bangaon,Sealdah,06:05,08:09,08:18,9,124,77,Bangaon Line,Sealdah,DOWN
31128,Bangaon - Sealdah Local,Bangaon,Sealdah,06:21,08:24,08:36,12,123,77,Bangaon Line,Sealdah,DOWN
31130,Bangaon - Sealdah Local,Bangaon,Sealdah,06:34,08:42,08:52,10,128,77,Bangaon Line,Sealdah,DOWN
31132,Bangaon - Sealdah Local,Bangaon,Sealdah,06:47,08:55,09:13,18,128,77,Bangaon Line,Sealdah,DOWN
31134,Bangaon - Sealdah Local,Bangaon,Sealdah,07:01,09:07,09:20,13,126,77,Bangaon Line,Sealdah,DOWN
31136,Bangaon - Sealdah Local,Bangaon,Sealdah,07:14,09:16,09:31,15,122,77,Bangaon Line,Sealdah,DOWN
31138,Bangaon - Sealdah Local,Bangaon,Sealdah,07:29,09:38,09:54,16,129,77,Bangaon Line,Sealdah,DOWN
31140,Bangaon - Sealdah Local,Bangaon,Sealdah,07:46,09:51,10:08,17,125,77,Bangaon Line,Sealdah,DOWN
31142,Bangaon - Sealdah Local,Bangaon,Sealdah,08:01,10:04,10:06,2,123,77,Bangaon Line,Sealdah,DOWN
31144,Bangaon - Sealdah Local,Bangaon,Sealdah,08:15,10:24,10:35,11,129,77,Bangaon Line,Sealdah,DOWN
31146,Bangaon - Sealdah Local,Bangaon,Sealdah,08:30,10:32,10:41,9,122,77,Bangaon Line,Sealdah,DOWN
31148,Bangaon - Sealdah Local,Bangaon,Sealdah,08:44,10:47,11:06,19,123,77,Bangaon Line,Sealdah,DOWN
31150,Bangaon - Sealdah Local,Bangaon,Sealdah,08:58,11:06,11:08,2,128,77,Bangaon Line,Sealdah,DOWN
31152,Bangaon - Sealdah Local,Bangaon,Sealdah,09:12,11:18,11:21,3,126,77,Bangaon Line,Sealdah,DOWN
31154,Bangaon - Sealdah Local,Bangaon,Sealdah,09:25,11:31,11:33,2,126,77,Bangaon Line,Sealdah,DOWN
31156,Bangaon - Sealdah Local,Bangaon,Sealdah,09:42,11:51,11:53,2,129,77,Bangaon Line,Sealdah,DOWN
31158,Bangaon - Sealdah Local,Bangaon,Sealdah,09:58,12:00,12:10,10,122,77,Bangaon Line,Sealdah,DOWN
31160,Bangaon - Sealdah Local,Bangaon,Sealdah,10:12,12:17,12:31,14,125,77,Bangaon Line,Sealdah,DOWN
31162,Bangaon - Sealdah Local,Bangaon,Sealdah,10:25,12:33,12:35,2,128,77,Bangaon Line,Sealdah,DOWN
31164,Bangaon - Sealdah Local,Bangaon,Sealdah,10:41,12:48,13:02,14,127,77,Bangaon Line,Sealdah,DOWN
31166,Bangaon - Sealdah Local,Bangaon,Sealdah,10:58,13:00,13:08,8,122,77,Bangaon Line,Sealdah,DOWN
31168,Bangaon - Sealdah Local,Bangaon,Sealdah,11:14,13:20,13:23,3,126,77,Bangaon Line,Sealdah,DOWN
31170,Bangaon - Sealdah Local,Bangaon,Sealdah,11:28,13:36,13:43,7,128,77,Bangaon Line,Sealdah,DOWN
31172,Bangaon - Sealdah Local,Bangaon,Sealdah,11:41,13:50,13:58,8,129,77,Bangaon Line,Sealdah,DOWN
31174,Bangaon - Sealdah Local,Bangaon,Sealdah,11:57,14:00,14:15,15,123,77,Bangaon Line,Sealdah,DOWN
31176,Bangaon - Sealdah Local,Bangaon,Sealdah,12:12,14:15,14:34,19,123,77,Bangaon Line,Sealdah,DOWN
31178,Bangaon - Sealdah Local,Bangaon,Sealdah,12:29,14:36,14:52,16,127,77,Bangaon Line,Sealdah,DOWN
31180,Bangaon - Sealdah Local,Bangaon,Sealdah,12:43,14:44,14:47,3,121,77,Bangaon Line,Sealdah,DOWN
31182,Bangaon - Sealdah Local,Bangaon,Sealdah,13:00,15:09,15:20,11,129,77,Bangaon Line,Sealdah,DOWN
31184,Bangaon - Sealdah Local,Bangaon,Sealdah,13:13,15:18,15:31,13,125,77,Bangaon Line,Sealdah,DOWN
31186,Bangaon - Sealdah Local,Bangaon,Sealdah,13:27,15:30,15:48,18,123,77,Bangaon Line,Sealdah,DOWN
31188,Bangaon - Sealdah Local,Bangaon,Sealdah,13:41,15:45,15:54,9,124,77,Bangaon Line,Sealdah,DOWN
31190,Bangaon - Sealdah Local,Bangaon,Sealdah,13:56,16:05,16:17,12,129,77,Bangaon Line,Sealdah,DOWN
31192,Bangaon - Sealdah Local,Bangaon,Sealdah,14:11,16:13,16:17,4,122,77,Bangaon Line,Sealdah,DOWN
31194,Bangaon - Sealdah Local,Bangaon,Sealdah,14:26,16:30,16:37,7,124,77,Bangaon Line,Sealdah,DOWN
31196,Bangaon - Sealdah Local,Bangaon,Sealdah,14:41,16:46,16:56,10,125,77,Bangaon Line,Sealdah,DOWN
31198,Bangaon - Sealdah Local,Bangaon,Sealdah,14:58,17:03,17:10,7,125,77,Bangaon Line,Sealdah,DOWN
31200,Bangaon - Sealdah Local,Bangaon,Sealdah,15:12,17:21,17:31,10,129,77,Bangaon Line,Sealdah,DOWN
31202,Bangaon - Sealdah Local,Bangaon,Sealdah,15:29,17:38,17:46,8,129,77,Bangaon Line,Sealdah,DOWN
31204,Bangaon - Sealdah Local,Bangaon,Sealdah,15:42,17:45,17:55,10,123,77,Bangaon Line,Sealdah,DOWN
31206,Bangaon - Sealdah Local,Bangaon,Sealdah,15:56,18:02,18:21,19,126,77,Bangaon Line,Sealdah,DOWN
31208,Bangaon - Sealdah Local,Bangaon,Sealdah,16:10,18:11,18:24,13,121,77,Bangaon Line,Sealdah,DOWN
31210,Bangaon - Sealdah Local,Bangaon,Sealdah,16:27,18:29,18:38,9,122,77,Bangaon Line,Sealdah,DOWN
31212,Bangaon - Sealdah Local,Bangaon,Sealdah,16:40,18:45,18:54,9,125,77,Bangaon Line,Sealdah,DOWN
31214,Bangaon - Sealdah Local,Bangaon,Sealdah,16:53,19:00,19:19,19,127,77,Bangaon Line,Sealdah,DOWN
31216,Bangaon - Sealdah Local,Bangaon,Sealdah,17:07,19:08,19:24,16,121,77,Bangaon Line,Sealdah,DOWN
31218,Bangaon - Sealdah Local,Bangaon,Sealdah,17:24,19:33,19:41,8,129,77,Bangaon Line,Sealdah,DOWN
31220,Bangaon - Sealdah Local,Bangaon,Sealdah,17:40,19:45,19:57,12,125,77,Bangaon Line,Sealdah,DOWN
31222,Bangaon - Sealdah Local,Bangaon,Sealdah,17:55,19:59,20:16,17,124,77,Bangaon Line,Sealdah,DOWN
31224,Bangaon - Sealdah Local,Bangaon,Sealdah,18:11,20:16,20:21,5,125,77,Bangaon Line,Sealdah,DOWN
31226,Bangaon - Sealdah Local,Bangaon,Sealdah,18:27,20:29,20:36,7,122,77,Bangaon Line,Sealdah,DOWN
31228,Bangaon - Sealdah Local,Bangaon,Sealdah,18:43,20:46,20:50,4,123,77,Bangaon Line,Sealdah,DOWN
31230,Bangaon - Sealdah Local,Bangaon,Sealdah,18:56,21:03,21:13,10,127,77,Bangaon Line,Sealdah,DOWN
31232,Bangaon - Sealdah Local,Bangaon,Sealdah,19:12,21:20,21:31,11,128,77,Bangaon Line,Sealdah,DOWN
31234,Bangaon - Sealdah Local,Bangaon,Sealdah,19:28,21:34,21:49,15,126,77,Bangaon Line,Sealdah,DOWN
31236,Bangaon - Sealdah Local,Bangaon,Sealdah,19:42,21:45,21:57,12,123,77,Bangaon Line,Sealdah,DOWN
31238,Bangaon - Sealdah Local,Bangaon,Sealdah,19:59,22:05,22:24,19,126,77,Bangaon Line,Sealdah,DOWN
31240,Bangaon - Sealdah Local,Bangaon,Sealdah,20:14,22:21,22:34,13,127,77,Bangaon Line,Sealdah,DOWN
31242,Bangaon - Sealdah Local,Bangaon,Sealdah,20:29,22:35,22:48,13,126,77,Bangaon Line,Sealdah,DOWN
31244,Bangaon - Sealdah Local,Bangaon,Sealdah,20:43,22:52,23:06,14,129,77,Bangaon Line,Sealdah,DOWN
31246,Bangaon - Sealdah Local,Bangaon,Sealdah,21:00,23:06,23:20,14,126,77,Bangaon Line,Sealdah,DOWN
31248,Bangaon - Sealdah Local,Bangaon,Sealdah,21:13,23:21,23:36,15,128,77,Bangaon Line,Sealdah,DOWN
31250,Bangaon - Sealdah Local,Bangaon,Sealdah,21:27,23:32,23:37,5,125,77,Bangaon Line,Sealdah,DOWN
31252,Bangaon - Sealdah Local,Bangaon,Sealdah,21:40,23:44,23:58,14,124,77,Bangaon Line,Sealdah,DOWN
31254,Bangaon - Sealdah Local,Bangaon,Sealdah,21:56,23:58,00:07,9,122,77,Bangaon Line,Sealdah,DOWN
31256,Bangaon - Sealdah Local,Bangaon,Sealdah,22:10,00:15,00:28,13,125,77,Bangaon Line,Sealdah,DOWN
31258,Bangaon - Sealdah Local,Bangaon,Sealdah,22:23,00:30,00:49,19,127,77,Bangaon Line,Sealdah,DOWN
31260,Bangaon - Sealdah Local,Bangaon,Sealdah,22:39,00:42,00:49,7,123,77,Bangaon Line,Sealdah,DOWN
31262,Bangaon - Sealdah Local,Bangaon,Sealdah,22:53,00:59,01:18,19,126,77,Bangaon Line,Sealdah,DOWN
31264,Bangaon - Sealdah Local,Bangaon,Sealdah,23:08,01:11,01:17,6,123,77,Bangaon Line,Sealdah,DOWN
31266,Bangaon - Sealdah Local,Bangaon,Sealdah,23:22,01:31,01:41,10,129,77,Bangaon Line,Sealdah,DOWN
31268,Bangaon - Sealdah Local,Bangaon,Sealdah,23:38,01:46,01:50,4,128,77,Bangaon Line,Sealdah,DOWN
31270,Bangaon - Sealdah Local,Bangaon,Sealdah,23:54,02:02,02:13,11,128,77,Bangaon Line,Sealdah,DOWN
31102,Barrackpore - Sealdah Local,Barrackpore,Sealdah,03:00,03:38,03:42,4,38,22,Main Line,Sealdah,DOWN
31104,Barrackpore - Sealdah Local,Barrackpore,Sealdah,03:16,04:00,04:16,16,44,22,Main Line,Sealdah,DOWN
31106,Barrackpore - Sealdah Local,Barrackpore,Sealdah,03:29,04:05,04:07,2,36,22,Main Line,Sealdah,DOWN
31108,Barrackpore - Sealdah Local,Barrackpore,Sealdah,03:44,04:26,04:34,8,42,22,Main Line,Sealdah,DOWN
31110,Barrackpore - Sealdah Local,Barrackpore,Sealdah,03:57,04:34,04:47,13,37,22,Main Line,Sealdah,DOWN
31112,Barrackpore - Sealdah Local,Barrackpore,Sealdah,04:11,04:53,05:11,18,42,22,Main Line,Sealdah,DOWN
31114,Barrackpore - Sealdah Local,Barrackpore,Sealdah,04:26,05:02,05:08,6,36,22,Main Line,Sealdah,DOWN
31116,Barrackpore - Sealdah Local,Barrackpore,Sealdah,04:41,05:24,05:29,5,43,22,Main Line,Sealdah,DOWN
31118,Barrackpore - Sealdah Local,Barrackpore,Sealdah,04:56,05:35,05:48,13,39,22,Main Line,Sealdah,DOWN
31120,Barrackpore - Sealdah Local,Barrackpore,Sealdah,05:12,05:56,06:15,19,44,22,Main Line,Sealdah,DOWN
31122,Barrackpore - Sealdah Local,Barrackpore,Sealdah,05:27,06:09,06:27,18,42,22,Main Line,Sealdah,DOWN
31124,Barrackpore - Sealdah Local,Barrackpore,Sealdah,05:43,06:25,06:35,10,42,22,Main Line,Sealdah,DOWN
31126,Barrackpore - Sealdah Local,Barrackpore,Sealdah,05:57,06:37,06:42,5,40,22,Main Line,Sealdah,DOWN
31128,Barrackpore - Sealdah Local,Barrackpore,Sealdah,06:10,06:47,06:50,3,37,22,Main Line,Sealdah,DOWN
31130,Barrackpore - Sealdah Local,Barrackpore,Sealdah,06:24,07:04,07:09,5,40,22,Main Line,Sealdah,DOWN
31132,Barrackpore - Sealdah Local,Barrackpore,Sealdah,06:37,07:19,07:22,3,42,22,Main Line,Sealdah,DOWN
31134,Barrackpore - Sealdah Local,Barrackpore,Sealdah,06:51,07:33,07:49,16,42,22,Main Line,Sealdah,DOWN
31136,Barrackpore - Sealdah Local,Barrackpore,Sealdah,07:05,07:46,07:49,3,41,22,Main Line,Sealdah,DOWN
31138,Barrackpore - Sealdah Local,Barrackpore,Sealdah,07:20,07:57,08:02,5,37,22,Main Line,Sealdah,DOWN
31140,Barrackpore - Sealdah Local,Barrackpore,Sealdah,07:33,08:13,08:20,7,40,22,Main Line,Sealdah,DOWN
31142,Barrackpore - Sealdah Local,Barrackpore,Sealdah,07:46,08:27,08:35,8,41,22,Main Line,Sealdah,DOWN
31144,Barrackpore - Sealdah Local,Barrackpore,Sealdah,08:02,08:39,08:50,11,37,22,Main Line,Sealdah,DOWN
31146,Barrackpore - Sealdah Local,Barrackpore,Sealdah,08:17,08:54,09:07,13,37,22,Main Line,Sealdah,DOWN
31148,Barrackpore - Sealdah Local,Barrackpore,Sealdah,08:31,09:13,09:17,4,42,22,Main Line,Sealdah,DOWN
31150,Barrackpore - Sealdah Local,Barrackpore,Sealdah,08:45,09:29,09:43,14,44,22,Main Line,Sealdah,DOWN
31152,Barrackpore - Sealdah Local,Barrackpore,Sealdah,09:01,09:45,10:04,19,44,22,Main Line,Sealdah,DOWN
31154,Barrackpore - Sealdah Local,Barrackpore,Sealdah,09:18,09:55,10:04,9,37,22,Main Line,Sealdah,DOWN
31156,Barrackpore - Sealdah Local,Barrackpore,Sealdah,09:34,10:11,10:27,16,37,22,Main Line,Sealdah,DOWN
31158,Barrackpore - Sealdah Local,Barrackpore,Sealdah,09:47,10:31,10:33,2,44,22,Main Line,Sealdah,DOWN
31160,Barrackpore - Sealdah Local,Barrackpore,Sealdah,10:02,10:43,10:47,4,41,22,Main Line,Sealdah,DOWN
31162,Barrackpore - Sealdah Local,Barrackpore,Sealdah,10:15,10:51,11:00,9,36,22,Main Line,Sealdah,DOWN
31164,Barrackpore - Sealdah Local,Barrackpore,Sealdah,10:31,11:13,11:18,5,42,22,Main Line,Sealdah,DOWN
31166,Barrackpore - Sealdah Local,Barrackpore,Sealdah,10:46,11:23,11:40,17,37,22,Main Line,Sealdah,DOWN
31168,Barrackpore - Sealdah Local,Barrackpore,Sealdah,11:02,11:41,11:52,11,39,22,Main Line,Sealdah,DOWN
31170,Barrackpore - Sealdah Local,Barrackpore,Sealdah,11:19,12:03,12:16,13,44,22,Main Line,Sealdah,DOWN
31172,Barrackpore - Sealdah Local,Barrackpore,Sealdah,11:36,12:18,12:33,15,42,22,Main Line,Sealdah,DOWN
31174,Barrackpore - Sealdah Local,Barrackpore,Sealdah,11:50,12:28,12:43,15,38,22,Main Line,Sealdah,DOWN
31176,Barrackpore - Sealdah Local,Barrackpore,Sealdah,12:04,12:44,12:47,3,40,22,Main Line,Sealdah,DOWN
31178,Barrackpore - Sealdah Local,Barrackpore,Sealdah,12:19,13:02,13:08,6,43,22,Main Line,Sealdah,DOWN
31180,Barrackpore - Sealdah Local,Barrackpore,Sealdah,12:34,13:11,13:17,6,37,22,Main Line,Sealdah,DOWN
31182,Barrackpore - Sealdah Local,Barrackpore,Sealdah,12:48,13:30,13:37,7,42,22,Main Line,Sealdah,DOWN
31184,Barrackpore - Sealdah Local,Barrackpore,Sealdah,13:02,13:44,13:58,14,42,22,Main Line,Sealdah,DOWN
31186,Barrackpore - Sealdah Local,Barrackpore,Sealdah,13:17,14:00,14:10,10,43,22,Main Line,Sealdah,DOWN
31188,Barrackpore - Sealdah Local,Barrackpore,Sealdah,13:32,14:13,14:29,16,41,22,Main Line,Sealdah,DOWN
31190,Barrackpore - Sealdah Local,Barrackpore,Sealdah,13:45,14:24,14:39,15,39,22,Main Line,Sealdah,DOWN
31192,Barrackpore - Sealdah Local,Barrackpore,Sealdah,14:00,14:39,14:47,8,39,22,Main Line,Sealdah,DOWN
31194,Barrackpore - Sealdah Local,Barrackpore,Sealdah,14:16,14:53,14:56,3,37,22,Main Line,Sealdah,DOWN
31196,Barrackpore - Sealdah Local,Barrackpore,Sealdah,14:32,15:12,15:20,8,40,22,Main Line,Sealdah,DOWN
31198,Barrackpore - Sealdah Local,Barrackpore,Sealdah,14:46,15:28,15:35,7,42,22,Main Line,Sealdah,DOWN
31200,Barrackpore - Sealdah Local,Barrackpore,Sealdah,14:59,15:41,15:59,18,42,22,Main Line,Sealdah,DOWN
31202,Barrackpore - Sealdah Local,Barrackpore,Sealdah,15:14,15:57,16:00,3,43,22,Main Line,Sealdah,DOWN
31204,Barrackpore - Sealdah Local,Barrackpore,Sealdah,15:29,16:11,16:15,4,42,22,Main Line,Sealdah,DOWN
31206,Barrackpore - Sealdah Local,Barrackpore,Sealdah,15:44,16:22,16:28,6,38,22,Main Line,Sealdah,DOWN
31208,Barrackpore - Sealdah Local,Barrackpore,Sealdah,16:01,16:42,16:48,6,41,22,Main Line,Sealdah,DOWN
31210,Barrackpore - Sealdah Local,Barrackpore,Sealdah,16:16,16:55,16:57,2,39,22,Main Line,Sealdah,DOWN
31212,Barrackpore - Sealdah Local,Barrackpore,Sealdah,16:33,17:14,17:23,9,41,22,Main Line,Sealdah,DOWN
31214,Barrackpore - Sealdah Local,Barrackpore,Sealdah,16:49,17:31,17:44,13,42,22,Main Line,Sealdah,DOWN
31216,Barrackpore - Sealdah Local,Barrackpore,Sealdah,17:03,17:43,17:48,5,40,22,Main Line,Sealdah,DOWN
31218,Barrackpore - Sealdah Local,Barrackpore,Sealdah,17:18,17:57,18:11,14,39,22,Main Line,Sealdah,DOWN
31220,Barrackpore - Sealdah Local,Barrackpore,Sealdah,17:34,18:16,18:32,16,42,22,Main Line,Sealdah,DOWN
31222,Barrackpore - Sealdah Local,Barrackpore,Sealdah,17:49,18:31,18:43,12,42,22,Main Line,Sealdah,DOWN
31224,Barrackpore - Sealdah Local,Barrackpore,Sealdah,18:04,18:41,18:52,11,37,22,Main Line,Sealdah,DOWN
31226,Barrackpore - Sealdah Local,Barrackpore,Sealdah,18:19,18:58,19:02,4,39,22,Main Line,Sealdah,DOWN
31228,Barrackpore - Sealdah Local,Barrackpore,Sealdah,18:36,19:20,19:35,15,44,22,Main Line,Sealdah,DOWN
31230,Barrackpore - Sealdah Local,Barrackpore,Sealdah,18:53,19:37,19:54,17,44,22,Main Line,Sealdah,DOWN
31232,Barrackpore - Sealdah Local,Barrackpore,Sealdah,19:07,19:50,20:01,11,43,22,Main Line,Sealdah,DOWN
31234,Barrackpore - Sealdah Local,Barrackpore,Sealdah,19:20,20:03,20:14,11,43,22,Main Line,Sealdah,DOWN
31236,Barrackpore - Sealdah Local,Barrackpore,Sealdah,19:34,20:11,20:24,13,37,22,Main Line,Sealdah,DOWN
31238,Barrackpore - Sealdah Local,Barrackpore,Sealdah,19:49,20:32,20:42,10,43,22,Main Line,Sealdah,DOWN
31240,Barrackpore - Sealdah Local,Barrackpore,Sealdah,20:05,20:45,20:47,2,40,22,Main Line,Sealdah,DOWN
31242,Barrackpore - Sealdah Local,Barrackpore,Sealdah,20:19,20:59,21:05,6,40,22,Main Line,Sealdah,DOWN
31244,Barrackpore - Sealdah Local,Barrackpore,Sealdah,20:33,21:15,21:24,9,42,22,Main Line,Sealdah,DOWN
31246,Barrackpore - Sealdah Local,Barrackpore,Sealdah,20:47,21:24,21:36,12,37,22,Main Line,Sealdah,DOWN
31248,Barrackpore - Sealdah Local,Barrackpore,Sealdah,21:03,21:46,21:59,13,43,22,Main Line,Sealdah,DOWN
31250,Barrackpore - Sealdah Local,Barrackpore,Sealdah,21:19,22:01,22:03,2,42,22,Main Line,Sealdah,DOWN
31252,Barrackpore - Sealdah Local,Barrackpore,Sealdah,21:36,22:20,22:32,12,44,22,Main Line,Sealdah,DOWN
31254,Barrackpore - Sealdah Local,Barrackpore,Sealdah,21:53,22:37,22:43,6,44,22,Main Line,Sealdah,DOWN
31256,Barrackpore - Sealdah Local,Barrackpore,Sealdah,22:09,22:50,23:06,16,41,22,Main Line,Sealdah,DOWN
31258,Barrackpore - Sealdah Local,Barrackpore,Sealdah,22:22,22:59,23:05,6,37,22,Main Line,Sealdah,DOWN
31260,Barrackpore - Sealdah Local,Barrackpore,Sealdah,22:39,23:18,23:31,13,39,22,Main Line,Sealdah,DOWN
31262,Barrackpore - Sealdah Local,Barrackpore,Sealdah,22:52,23:30,23:36,6,38,22,Main Line,Sealdah,DOWN
31264,Barrackpore - Sealdah Local,Barrackpore,Sealdah,23:07,23:43,00:01,18,36,22,Main Line,Sealdah,DOWN
31266,Barrackpore - Sealdah Local,Barrackpore,Sealdah,23:24,00:06,00:24,18,42,22,Main Line,Sealdah,DOWN
31268,Barrackpore - Sealdah Local,Barrackpore,Sealdah,23:41,00:23,00:36,13,42,22,Main Line,Sealdah,DOWN
31102,Baruipur - Sealdah Local,Baruipur,Sealdah,03:00,03:52,04:08,16,52,25,South Line,Sealdah,DOWN
31104,Baruipur - Sealdah Local,Baruipur,Sealdah,03:11,04:05,04:21,16,54,25,South Line,Sealdah,DOWN
31106,Baruipur - Sealdah Local,Baruipur,Sealdah,03:24,04:10,04:17,7,46,25,South Line,Sealdah,DOWN
31108,Baruipur - Sealdah Local,Baruipur,Sealdah,03:36,04:24,04:37,13,48,25,South Line,Sealdah,DOWN
31110,Baruipur - Sealdah Local,Baruipur,Sealdah,03:50,04:40,04:59,19,50,25,South Line,Sealdah,DOWN
31112,Baruipur - Sealdah Local,Baruipur,Sealdah,04:00,04:52,05:07,15,52,25,South Line,Sealdah,DOWN
31114,Baruipur - Sealdah Local,Baruipur,Sealdah,04:14,05:08,05:11,3,54,25,South Line,Sealdah,DOWN
31116,Baruipur - Sealdah Local,Baruipur,Sealdah,04:25,05:11,05:21,10,46,25,South Line,Sealdah,DOWN
31118,Baruipur - Sealdah Local,Baruipur,Sealdah,04:39,05:28,05:34,6,49,25,South Line,Sealdah,DOWN
31120,Baruipur - Sealdah Local,Baruipur,Sealdah,04:50,05:36,05:38,2,46,25,South Line,Sealdah,DOWN
31122,Baruipur - Sealdah Local,Baruipur,Sealdah,05:01,05:47,05:51,4,46,25,South Line,Sealdah,DOWN
31124,Baruipur - Sealdah Local,Baruipur,Sealdah,05:12,05:58,06:05,7,46,25,South Line,Sealdah,DOWN
31126,Baruipur - Sealdah Local,Baruipur,Sealdah,05:25,06:14,06:20,6,49,25,South Line,Sealdah,DOWN
31128,Baruipur - Sealdah Local,Baruipur,Sealdah,05:37,06:28,06:34,6,51,25,South Line,Sealdah,DOWN
31130,Baruipur - Sealdah Local,Baruipur,Sealdah,05:49,06:43,06:45,2,54,25,South Line,Sealdah,DOWN
31132,Baruipur - Sealdah Local,Baruipur,Sealdah,06:02,06:49,07:07,18,47,25,South Line,Sealdah,DOWN
31134,Baruipur - Sealdah Local,Baruipur,Sealdah,06:15,07:04,07:19,15,49,25,South Line,Sealdah,DOWN
31136,Baruipur - Sealdah Local,Baruipur,Sealdah,06:25,07:18,07:31,13,53,25,South Line,Sealdah,DOWN
31138,Baruipur - Sealdah Local,Baruipur,Sealdah,06:37,07:30,07:41,11,53,25,South Line,Sealdah,DOWN
31140,Baruipur - Sealdah Local,Baruipur,Sealdah,06:51,07:44,08:03,19,53,25,South Line,Sealdah,DOWN
31142,Baruipur - Sealdah Local,Baruipur,Sealdah,07:02,07:56,08:08,12,54,25,South Line,Sealdah,DOWN
31144,Baruipur - Sealdah Local,Baruipur,Sealdah,07:16,08:07,08:10,3,51,25,South Line,Sealdah,DOWN
31146,Baruipur - Sealdah Local,Baruipur,Sealdah,07:28,08:18,08:37,19,50,25,South Line,Sealdah,DOWN
31148,Baruipur - Sealdah Local,Baruipur,Sealdah,07:39,08:29,08:37,8,50,25,South Line,Sealdah,DOWN
31150,Baruipur - Sealdah Local,Baruipur,Sealdah,07:49,08:41,08:57,16,52,25,South Line,Sealdah,DOWN
31152,Baruipur - Sealdah Local,Baruipur,Sealdah,07:59,08:47,08:59,12,48,25,South Line,Sealdah,DOWN
31154,Baruipur - Sealdah Local,Baruipur,Sealdah,08:09,08:58,09:17,19,49,25,South Line,Sealdah,DOWN
31156,Baruipur - Sealdah Local,Baruipur,Sealdah,08:23,09:12,09:25,13,49,25,South Line,Sealdah,DOWN
31158,Baruipur - Sealdah Local,Baruipur,Sealdah,08:34,09:24,09:31,7,50,25,South Line,Sealdah,DOWN
31160,Baruipur - Sealdah Local,Baruipur,Sealdah,08:45,09:39,09:53,14,54,25,South Line,Sealdah,DOWN
31162,Baruipur - Sealdah Local,Baruipur,Sealdah,08:58,09:44,10:01,17,46,25,South Line,Sealdah,DOWN
31164,Baruipur - Sealdah Local,Baruipur,Sealdah,09:08,09:56,10:15,19,48,25,South Line,Sealdah,DOWN
31166,Baruipur - Sealdah Local,Baruipur,Sealdah,09:21,10:07,10:18,11,46,25,South Line,Sealdah,DOWN
31168,Baruipur - Sealdah Local,Baruipur,Sealdah,09:32,10:22,10:31,9,50,25,South Line,Sealdah,DOWN
31170,Baruipur - Sealdah Local,Baruipur,Sealdah,09:43,10:33,10:52,19,50,25,South Line,Sealdah,DOWN
31172,Baruipur - Sealdah Local,Baruipur,Sealdah,09:57,10:49,10:51,2,52,25,South Line,Sealdah,DOWN
31174,Baruipur - Sealdah Local,Baruipur,Sealdah,10:09,11:00,11:09,9,51,25,South Line,Sealdah,DOWN
31176,Baruipur - Sealdah Local,Baruipur,Sealdah,10:22,11:12,11:19,7,50,25,South Line,Sealdah,DOWN
31178,Baruipur - Sealdah Local,Baruipur,Sealdah,10:35,11:28,11:34,6,53,25,South Line,Sealdah,DOWN
31180,Baruipur - Sealdah Local,Baruipur,Sealdah,10:46,11:40,11:56,16,54,25,South Line,Sealdah,DOWN
31182,Baruipur - Sealdah Local,Baruipur,Sealdah,10:58,11:50,12:06,16,52,25,South Line,Sealdah,DOWN
31184,Baruipur - Sealdah Local,Baruipur,Sealdah,11:12,11:59,12:02,3,47,25,South Line,Sealdah,DOWN
31186,Baruipur - Sealdah Local,Baruipur,Sealdah,11:26,12:20,12:22,2,54,25,South Line,Sealdah,DOWN
31188,Baruipur - Sealdah Local,Baruipur,Sealdah,11:36,12:30,12:42,12,54,25,South Line,Sealdah,DOWN
31190,Baruipur - Sealdah Local,Baruipur,Sealdah,11:48,12:38,12:49,11,50,25,South Line,Sealdah,DOWN
31192,Baruipur - Sealdah Local,Baruipur,Sealdah,12:02,12:49,13:08,19,47,25,South Line,Sealdah,DOWN
31194,Baruipur - Sealdah Local,Baruipur,Sealdah,12:14,13:01,13:20,19,47,25,South Line,Sealdah,DOWN
31196,Baruipur - Sealdah Local,Baruipur,Sealdah,12:27,13:17,13:35,18,50,25,South Line,Sealdah,DOWN
31198,Baruipur - Sealdah Local,Baruipur,Sealdah,12:39,13:29,13:38,9,50,25,South Line,Sealdah,DOWN
31200,Baruipur - Sealdah Local,Baruipur,Sealdah,12:51,13:41,13:57,16,50,25,South Line,Sealdah,DOWN
31202,Baruipur - Sealdah Local,Baruipur,Sealdah,13:03,13:51,14:00,9,48,25,South Line,Sealdah,DOWN
31204,Baruipur - Sealdah Local,Baruipur,Sealdah,13:14,14:03,14:21,18,49,25,South Line,Sealdah,DOWN
31206,Baruipur - Sealdah Local,Baruipur,Sealdah,13:28,14:20,14:33,13,52,25,South Line,Sealdah,DOWN
31208,Baruipur - Sealdah Local,Baruipur,Sealdah,13:38,14:26,14:35,9,48,25,South Line,Sealdah,DOWN
31210,Baruipur - Sealdah Local,Baruipur,Sealdah,13:50,14:43,14:58,15,53,25,South Line,Sealdah,DOWN
31212,Baruipur - Sealdah Local,Baruipur,Sealdah,14:00,14:50,14:55,5,50,25,South Line,Sealdah,DOWN
31214,Baruipur - Sealdah Local,Baruipur,Sealdah,14:12,15:04,15:06,2,52,25,South Line,Sealdah,DOWN
31216,Baruipur - Sealdah Local,Baruipur,Sealdah,14:25,15:11,15:13,2,46,25,South Line,Sealdah,DOWN
31218,Baruipur - Sealdah Local,Baruipur,Sealdah,14:38,15:27,15:44,17,49,25,South Line,Sealdah,DOWN
31220,Baruipur - Sealdah Local,Baruipur,Sealdah,14:52,15:41,15:56,15,49,25,South Line,Sealdah,DOWN
31222,Baruipur - Sealdah Local,Baruipur,Sealdah,15:04,15:57,16:14,17,53,25,South Line,Sealdah,DOWN
31224,Baruipur - Sealdah Local,Baruipur,Sealdah,15:18,16:12,16:18,6,54,25,South Line,Sealdah,DOWN
31226,Baruipur - Sealdah Local,Baruipur,Sealdah,15:30,16:18,16:28,10,48,25,South Line,Sealdah,DOWN
31228,Baruipur - Sealdah Local,Baruipur,Sealdah,15:42,16:30,16:33,3,48,25,South Line,Sealdah,DOWN
31230,Baruipur - Sealdah Local,Baruipur,Sealdah,15:56,16:43,17:02,19,47,25,South Line,Sealdah,DOWN
31232,Baruipur - Sealdah Local,Baruipur,Sealdah,16:08,16:56,17:03,7,48,25,South Line,Sealdah,DOWN
31234,Baruipur - Sealdah Local,Baruipur,Sealdah,16:21,17:15,17:25,10,54,25,South Line,Sealdah,DOWN
31236,Baruipur - Sealdah Local,Baruipur,Sealdah,16:33,17:24,17:26,2,51,25,South Line,Sealdah,DOWN
31238,Baruipur - Sealdah Local,Baruipur,Sealdah,16:44,17:33,17:43,10,49,25,South Line,Sealdah,DOWN
31240,Baruipur - Sealdah Local,Baruipur,Sealdah,16:54,17:43,18:00,17,49,25,South Line,Sealdah,DOWN
31242,Baruipur - Sealdah Local,Baruipur,Sealdah,17:06,17:58,18:12,14,52,25,South Line,Sealdah,DOWN
31244,Baruipur - Sealdah Local,Baruipur,Sealdah,17:18,18:09,18:19,10,51,25,South Line,Sealdah,DOWN
31246,Baruipur - Sealdah Local,Baruipur,Sealdah,17:30,18:20,18:34,14,50,25,South Line,Sealdah,DOWN
31248,Baruipur - Sealdah Local,Baruipur,Sealdah,17:42,18:29,18:39,10,47,25,South Line,Sealdah,DOWN
31250,Baruipur - Sealdah Local,Baruipur,Sealdah,17:55,18:41,18:53,12,46,25,South Line,Sealdah,DOWN
31252,Baruipur - Sealdah Local,Baruipur,Sealdah,18:08,18:55,19:00,5,47,25,South Line,Sealdah,DOWN
31254,Baruipur - Sealdah Local,Baruipur,Sealdah,18:22,19:11,19:14,3,49,25,South Line,Sealdah,DOWN
31256,Baruipur - Sealdah Local,Baruipur,Sealdah,18:35,19:22,19:29,7,47,25,South Line,Sealdah,DOWN
31258,Baruipur - Sealdah Local,Baruipur,Sealdah,18:49,19:43,19:58,15,54,25,South Line,Sealdah,DOWN
31260,Baruipur - Sealdah Local,Baruipur,Sealdah,19:02,19:54,19:59,5,52,25,South Line,Sealdah,DOWN
31262,Baruipur - Sealdah Local,Baruipur,Sealdah,19:14,20:02,20:09,7,48,25,South Line,Sealdah,DOWN
31264,Baruipur - Sealdah Local,Baruipur,Sealdah,19:24,20:13,20:20,7,49,25,South Line,Sealdah,DOWN
31266,Baruipur - Sealdah Local,Baruipur,Sealdah,19:35,20:27,20:30,3,52,25,South Line,Sealdah,DOWN
31268,Baruipur - Sealdah Local,Baruipur,Sealdah,19:47,20:40,20:59,19,53,25,South Line,Sealdah,DOWN
31270,Baruipur - Sealdah Local,Baruipur,Sealdah,20:01,20:52,21:06,14,51,25,South Line,Sealdah,DOWN
31272,Baruipur - Sealdah Local,Baruipur,Sealdah,20:12,20:59,21:09,10,47,25,South Line,Sealdah,DOWN
31274,Baruipur - Sealdah Local,Baruipur,Sealdah,20:23,21:14,21:28,14,51,25,South Line,Sealdah,DOWN
31276,Baruipur - Sealdah Local,Baruipur,Sealdah,20:36,21:27,21:39,12,51,25,South Line,Sealdah,DOWN
31278,Baruipur - Sealdah Local,Baruipur,Sealdah,20:47,21:33,21:35,2,46,25,South Line,Sealdah,DOWN
31280,Baruipur - Sealdah Local,Baruipur,Sealdah,20:57,21:47,21:55,8,50,25,South Line,Sealdah,DOWN
31282,Baruipur - Sealdah Local,Baruipur,Sealdah,21:10,21:58,22:14,16,48,25,South Line,Sealdah,DOWN
31284,Baruipur - Sealdah Local,Baruipur,Sealdah,21:21,22:09,22:11,2,48,25,South Line,Sealdah,DOWN
31286,Baruipur - Sealdah Local,Baruipur,Sealdah,21:35,22:22,22:35,13,47,25,South Line,Sealdah,DOWN
31288,Baruipur - Sealdah Local,Baruipur,Sealdah,21:48,22:40,22:48,8,52,25,South Line,Sealdah,DOWN
31290,Baruipur - Sealdah Local,Baruipur,Sealdah,21:59,22:51,23:07,16,52,25,South Line,Sealdah,DOWN
31292,Baruipur - Sealdah Local,Baruipur,Sealdah,22:12,23:05,23:07,2,53,25,South Line,Sealdah,DOWN
31294,Baruipur - Sealdah Local,Baruipur,Sealdah,22:25,23:11,23:29,18,46,25,South Line,Sealdah,DOWN
31296,Baruipur - Sealdah Local,Baruipur,Sealdah,22:38,23:32,23:50,18,54,25,South Line,Sealdah,DOWN
31298,Baruipur - Sealdah Local,Baruipur,Sealdah,22:48,23:39,23:43,4,51,25,South Line,Sealdah,DOWN
31300,Baruipur - Sealdah Local,Baruipur,Sealdah,22:59,23:50,00:03,13,51,25,South Line,Sealdah,DOWN
31302,Baruipur - Sealdah Local,Baruipur,Sealdah,23:09,23:58,00:05,7,49,25,South Line,Sealdah,DOWN
31304,Baruipur - Sealdah Local,Baruipur,Sealdah,23:23,00:09,00:21,12,46,25,South Line,Sealdah,DOWN
31306,Baruipur - Sealdah Local,Baruipur,Sealdah,23:33,00:22,00:26,4,49,25,South Line,Sealdah,DOWN
31308,Baruipur - Sealdah Local,Baruipur,Sealdah,23:44,00:34,00:43,9,50,25,South Line,Sealdah,DOWN
31102,Budge Budge - Sealdah Local,Budge Budge,Sealdah,03:00,03:55,04:10,15,55,26,South Line,Sealdah,DOWN
31104,Budge Budge - Sealdah Local,Budge Budge,Sealdah,03:14,04:12,04:27,15,58,26,South Line,Sealdah,DOWN
31106,Budge Budge - Sealdah Local,Budge Budge,Sealdah,03:27,04:23,04:34,11,56,26,South Line,Sealdah,DOWN
31108,Budge Budge - Sealdah Local,Budge Budge,Sealdah,03:42,04:40,04:43,3,58,26,South Line,Sealdah,DOWN
31110,Budge Budge - Sealdah Local,Budge Budge,Sealdah,03:55,04:49,05:04,15,54,26,South Line,Sealdah,DOWN
31112,Budge Budge - Sealdah Local,Budge Budge,Sealdah,04:08,05:04,05:14,10,56,26,South Line,Sealdah,DOWN
31114,Budge Budge - Sealdah Local,Budge Budge,Sealdah,04:22,05:19,05:23,4,57,26,South Line,Sealdah,DOWN
31116,Budge Budge - Sealdah Local,Budge Budge,Sealdah,04:39,05:32,05:41,9,53,26,South Line,Sealdah,DOWN
31118,Budge Budge - Sealdah Local,Budge Budge,Sealdah,04:53,05:47,06:04,17,54,26,South Line,Sealdah,DOWN
31120,Budge Budge - Sealdah Local,Budge Budge,Sealdah,05:07,06:03,06:06,3,56,26,South Line,Sealdah,DOWN
31122,Budge Budge - Sealdah Local,Budge Budge,Sealdah,05:20,06:15,06:22,7,55,26,South Line,Sealdah,DOWN
31124,Budge Budge - Sealdah Local,Budge Budge,Sealdah,05:37,06:36,06:49,13,59,26,South Line,Sealdah,DOWN
31126,Budge Budge - Sealdah Local,Budge Budge,Sealdah,05:54,06:50,06:56,6,56,26,South Line,Sealdah,DOWN
31128,Budge Budge - Sealdah Local,Budge Budge,Sealdah,06:08,07:03,07:06,3,55,26,South Line,Sealdah,DOWN
31130,Budge Budge - Sealdah Local,Budge Budge,Sealdah,06:23,07:18,07:35,17,55,26,South Line,Sealdah,DOWN
31132,Budge Budge - Sealdah Local,Budge Budge,Sealdah,06:40,07:32,07:38,6,52,26,South Line,Sealdah,DOWN
31134,Budge Budge - Sealdah Local,Budge Budge,Sealdah,06:57,07:54,08:10,16,57,26,South Line,Sealdah,DOWN
31136,Budge Budge - Sealdah Local,Budge Budge,Sealdah,07:11,08:06,08:19,13,55,26,South Line,Sealdah,DOWN
31138,Budge Budge - Sealdah Local,Budge Budge,Sealdah,07:24,08:17,08:22,5,53,26,South Line,Sealdah,DOWN
31140,Budge Budge - Sealdah Local,Budge Budge,Sealdah,07:38,08:31,08:47,16,53,26,South Line,Sealdah,DOWN
31142,Budge Budge - Sealdah Local,Budge Budge,Sealdah,07:52,08:46,08:58,12,54,26,South Line,Sealdah,DOWN
31144,Budge Budge - Sealdah Local,Budge Budge,Sealdah,08:07,09:05,09:22,17,58,26,South Line,Sealdah,DOWN
31146,Budge Budge - Sealdah Local,Budge Budge,Sealdah,08:23,09:18,09:25,7,55,26,South Line,Sealdah,DOWN
31148,Budge Budge - Sealdah Local,Budge Budge,Sealdah,08:37,09:34,09:49,15,57,26,South Line,Sealdah,DOWN
31150,Budge Budge - Sealdah Local,Budge Budge,Sealdah,08:53,09:45,10:04,19,52,26,South Line,Sealdah,DOWN
31152,Budge Budge - Sealdah Local,Budge Budge,Sealdah,09:09,10:06,10:19,13,57,26,South Line,Sealdah,DOWN
31154,Budge Budge - Sealdah Local,Budge Budge,Sealdah,09:22,10:17,10:29,12,55,26,South Line,Sealdah,DOWN
31156,Budge Budge - Sealdah Local,Budge Budge,Sealdah,09:39,10:37,10:51,14,58,26,South Line,Sealdah,DOWN
31158,Budge Budge - Sealdah Local,Budge Budge,Sealdah,09:54,10:50,11:02,12,56,26,South Line,Sealdah,DOWN
31160,Budge Budge - Sealdah Local,Budge Budge,Sealdah,10:10,11:01,11:18,17,51,26,South Line,Sealdah,DOWN
31162,Budge Budge - Sealdah Local,Budge Budge,Sealdah,10:27,11:25,11:41,16,58,26,South Line,Sealdah,DOWN
31164,Budge Budge - Sealdah Local,Budge Budge,Sealdah,10:40,11:32,11:48,16,52,26,South Line,Sealdah,DOWN
31166,Budge Budge - Sealdah Local,Budge Budge,Sealdah,10:55,11:52,11:57,5,57,26,South Line,Sealdah,DOWN
31168,Budge Budge - Sealdah Local,Budge Budge,Sealdah,11:12,12:09,12:21,12,57,26,South Line,Sealdah,DOWN
31170,Budge Budge - Sealdah Local,Budge Budge,Sealdah,11:26,12:24,12:40,16,58,26,South Line,Sealdah,DOWN
31172,Budge Budge - Sealdah Local,Budge Budge,Sealdah,11:40,12:36,12:41,5,56,26,South Line,Sealdah,DOWN
31174,Budge Budge - Sealdah Local,Budge Budge,Sealdah,11:55,12:51,13:05,14,56,26,South Line,Sealdah,DOWN
31176,Budge Budge - Sealdah Local,Budge Budge,Sealdah,12:10,13:03,13:06,3,53,26,South Line,Sealdah,DOWN
31178,Budge Budge - Sealdah Local,Budge Budge,Sealdah,12:27,13:25,13:40,15,58,26,South Line,Sealdah,DOWN
31180,Budge Budge - Sealdah Local,Budge Budge,Sealdah,12:44,13:35,13:40,5,51,26,South Line,Sealdah,DOWN
31182,Budge Budge - Sealdah Local,Budge Budge,Sealdah,12:59,13:51,14:08,17,52,26,South Line,Sealdah,DOWN
31184,Budge Budge - Sealdah Local,Budge Budge,Sealdah,13:12,14:03,14:18,15,51,26,South Line,Sealdah,DOWN
31186,Budge Budge - Sealdah Local,Budge Budge,Sealdah,13:28,14:21,14:37,16,53,26,South Line,Sealdah,DOWN
31188,Budge Budge - Sealdah Local,Budge Budge,Sealdah,13:41,14:39,14:43,4,58,26,South Line,Sealdah,DOWN
31190,Budge Budge - Sealdah Local,Budge Budge,Sealdah,13:57,14:54,15:03,9,57,26,South Line,Sealdah,DOWN
31192,Budge Budge - Sealdah Local,Budge Budge,Sealdah,14:10,15:03,15:20,17,53,26,South Line,Sealdah,DOWN
31194,Budge Budge - Sealdah Local,Budge Budge,Sealdah,14:24,15:17,15:28,11,53,26,South Line,Sealdah,DOWN
31196,Budge Budge - Sealdah Local,Budge Budge,Sealdah,14:39,15:31,15:36,5,52,26,South Line,Sealdah,DOWN
31198,Budge Budge - Sealdah Local,Budge Budge,Sealdah,14:54,15:49,16:08,19,55,26,South Line,Sealdah,DOWN
31200,Budge Budge - Sealdah Local,Budge Budge,Sealdah,15:09,16:05,16:08,3,56,26,South Line,Sealdah,DOWN
31202,Budge Budge - Sealdah Local,Budge Budge,Sealdah,15:22,16:13,16:31,18,51,26,South Line,Sealdah,DOWN
31204,Budge Budge - Sealdah Local,Budge Budge,Sealdah,15:36,16:31,16:45,14,55,26,South Line,Sealdah,DOWN
31206,Budge Budge - Sealdah Local,Budge Budge,Sealdah,15:52,16:49,16:54,5,57,26,South Line,Sealdah,DOWN
31208,Budge Budge - Sealdah Local,Budge Budge,Sealdah,16:06,16:58,17:10,12,52,26,South Line,Sealdah,DOWN
31210,Budge Budge - Sealdah Local,Budge Budge,Sealdah,16:19,17:13,17:21,8,54,26,South Line,Sealdah,DOWN
31212,Budge Budge - Sealdah Local,Budge Budge,Sealdah,16:32,17:24,17:37,13,52,26,South Line,Sealdah,DOWN
31214,Budge Budge - Sealdah Local,Budge Budge,Sealdah,16:48,17:42,17:53,11,54,26,South Line,Sealdah,DOWN
31216,Budge Budge - Sealdah Local,Budge Budge,Sealdah,17:02,18:00,18:08,8,58,26,South Line,Sealdah,DOWN
31218,Budge Budge - Sealdah Local,Budge Budge,Sealdah,17:19,18:10,18:24,14,51,26,South Line,Sealdah,DOWN
31220,Budge Budge - Sealdah Local,Budge Budge,Sealdah,17:32,18:24,18:32,8,52,26,South Line,Sealdah,DOWN
31222,Budge Budge - Sealdah Local,Budge Budge,Sealdah,17:47,18:40,18:58,18,53,26,South Line,Sealdah,DOWN
31224,Budge Budge - Sealdah Local,Budge Budge,Sealdah,18:03,18:55,19:06,11,52,26,South Line,Sealdah,DOWN
31226,Budge Budge - Sealdah Local,Budge Budge,Sealdah,18:19,19:16,19:27,11,57,26,South Line,Sealdah,DOWN
31228,Budge Budge - Sealdah Local,Budge Budge,Sealdah,18:33,19:25,19:30,5,52,26,South Line,Sealdah,DOWN
31230,Budge Budge - Sealdah Local,Budge Budge,Sealdah,18:46,19:42,19:47,5,56,26,South Line,Sealdah,DOWN
31232,Budge Budge - Sealdah Local,Budge Budge,Sealdah,18:59,19:54,20:02,8,55,26,South Line,Sealdah,DOWN
31234,Budge Budge - Sealdah Local,Budge Budge,Sealdah,19:14,20:11,20:13,2,57,26,South Line,Sealdah,DOWN
31236,Budge Budge - Sealdah Local,Budge Budge,Sealdah,19:28,20:21,20:34,13,53,26,South Line,Sealdah,DOWN
31238,Budge Budge - Sealdah Local,Budge Budge,Sealdah,19:42,20:41,20:55,14,59,26,South Line,Sealdah,DOWN
31240,Budge Budge - Sealdah Local,Budge Budge,Sealdah,19:55,20:46,20:57,11,51,26,South Line,Sealdah,DOWN
31242,Budge Budge - Sealdah Local,Budge Budge,Sealdah,20:12,21:05,21:21,16,53,26,South Line,Sealdah,DOWN
31244,Budge Budge - Sealdah Local,Budge Budge,Sealdah,20:29,21:25,21:39,14,56,26,South Line,Sealdah,DOWN
31246,Budge Budge - Sealdah Local,Budge Budge,Sealdah,20:45,21:38,21:48,10,53,26,South Line,Sealdah,DOWN
31248,Budge Budge - Sealdah Local,Budge Budge,Sealdah,20:59,21:57,22:07,10,58,26,South Line,Sealdah,DOWN
31250,Budge Budge - Sealdah Local,Budge Budge,Sealdah,21:15,22:07,22:23,16,52,26,South Line,Sealdah,DOWN
31252,Budge Budge - Sealdah Local,Budge Budge,Sealdah,21:29,22:22,22:33,11,53,26,South Line,Sealdah,DOWN
31254,Budge Budge - Sealdah Local,Budge Budge,Sealdah,21:42,22:39,22:50,11,57,26,South Line,Sealdah,DOWN
31256,Budge Budge - Sealdah Local,Budge Budge,Sealdah,21:55,22:52,23:01,9,57,26,South Line,Sealdah,DOWN
31258,Budge Budge - Sealdah Local,Budge Budge,Sealdah,22:10,23:03,23:20,17,53,26,South Line,Sealdah,DOWN
31260,Budge Budge - Sealdah Local,Budge Budge,Sealdah,22:25,23:20,23:38,18,55,26,South Line,Sealdah,DOWN
31262,Budge Budge - Sealdah Local,Budge Budge,Sealdah,22:39,23:33,23:39,6,54,26,South Line,Sealdah,DOWN
31264,Budge Budge - Sealdah Local,Budge Budge,Sealdah,22:52,23:47,23:52,5,55,26,South Line,Sealdah,DOWN
31266,Budge Budge - Sealdah Local,Budge Budge,Sealdah,23:09,00:04,00:23,19,55,26,South Line,Sealdah,DOWN
31268,Budge Budge - Sealdah Local,Budge Budge,Sealdah,23:22,00:21,00:26,5,59,26,South Line,Sealdah,DOWN
31270,Budge Budge - Sealdah Local,Budge Budge,Sealdah,23:36,00:35,00:43,8,59,26,South Line,Sealdah,DOWN
31272,Budge Budge - Sealdah Local,Budge Budge,Sealdah,23:53,00:50,01:01,11,57,26,South Line,Sealdah,DOWN
31102,Canning - Sealdah Local,Canning,Sealdah,03:00,04:18,04:37,19,78,45,South Line,Sealdah,DOWN
31104,Canning - Sealdah Local,Canning,Sealdah,03:24,04:43,04:48,5,79,45,South Line,Sealdah,DOWN
31106,Canning - Sealdah Local,Canning,Sealdah,03:51,05:08,05:19,11,77,45,South Line,Sealdah,DOWN
31108,Canning - Sealdah Local,Canning,Sealdah,04:14,05:33,05:35,2,79,45,South Line,Sealdah,DOWN
31110,Canning - Sealdah Local,Canning,Sealdah,04:39,05:53,06:12,19,74,45,South Line,Sealdah,DOWN
31112,Canning - Sealdah Local,Canning,Sealdah,05:02,06:15,06:21,6,73,45,South Line,Sealdah,DOWN
31114,Canning - Sealdah Local,Canning,Sealdah,05:29,06:42,06:58,16,73,45,South Line,Sealdah,DOWN
31116,Canning - Sealdah Local,Canning,Sealdah,05:56,07:09,07:27,18,73,45,South Line,Sealdah,DOWN
31118,Canning - Sealdah Local,Canning,Sealdah,06:22,07:35,07:39,4,73,45,South Line,Sealdah,DOWN
31120,Canning - Sealdah Local,Canning,Sealdah,06:46,08:02,08:15,13,76,45,South Line,Sealdah,DOWN
31122,Canning - Sealdah Local,Canning,Sealdah,07:12,08:26,08:29,3,74,45,South Line,Sealdah,DOWN
31124,Canning - Sealdah Local,Canning,Sealdah,07:35,08:49,08:51,2,74,45,South Line,Sealdah,DOWN
31126,Canning - Sealdah Local,Canning,Sealdah,08:01,09:16,09:34,18,75,45,South Line,Sealdah,DOWN
31128,Canning - Sealdah Local,Canning,Sealdah,08:24,09:38,09:55,17,74,45,South Line,Sealdah,DOWN
31130,Canning - Sealdah Local,Canning,Sealdah,08:49,10:03,10:09,6,74,45,South Line,Sealdah,DOWN
31132,Canning - Sealdah Local,Canning,Sealdah,09:12,10:28,10:44,16,76,45,South Line,Sealdah,DOWN
31134,Canning - Sealdah Local,Canning,Sealdah,09:39,10:57,11:01,4,78,45,South Line,Sealdah,DOWN
31136,Canning - Sealdah Local,Canning,Sealdah,10:05,11:16,11:24,8,71,45,South Line,Sealdah,DOWN
31138,Canning - Sealdah Local,Canning,Sealdah,10:31,11:47,11:59,12,76,45,South Line,Sealdah,DOWN
31140,Canning - Sealdah Local,Canning,Sealdah,10:54,12:13,12:24,11,79,45,South Line,Sealdah,DOWN
31142,Canning - Sealdah Local,Canning,Sealdah,11:17,12:32,12:42,10,75,45,South Line,Sealdah,DOWN
31144,Canning - Sealdah Local,Canning,Sealdah,11:42,13:01,13:16,15,79,45,South Line,Sealdah,DOWN
31146,Canning - Sealdah Local,Canning,Sealdah,12:09,13:22,13:36,14,73,45,South Line,Sealdah,DOWN
31148,Canning - Sealdah Local,Canning,Sealdah,12:36,13:53,13:56,3,77,45,South Line,Sealdah,DOWN
31150,Canning - Sealdah Local,Canning,Sealdah,13:02,14:14,14:18,4,72,45,South Line,Sealdah,DOWN
31152,Canning - Sealdah Local,Canning,Sealdah,13:27,14:42,14:50,8,75,45,South Line,Sealdah,DOWN
31154,Canning - Sealdah Local,Canning,Sealdah,13:54,15:08,15:27,19,74,45,South Line,Sealdah,DOWN
31156,Canning - Sealdah Local,Canning,Sealdah,14:20,15:37,15:41,4,77,45,South Line,Sealdah,DOWN
31158,Canning - Sealdah Local,Canning,Sealdah,14:47,16:03,16:14,11,76,45,South Line,Sealdah,DOWN
31160,Canning - Sealdah Local,Canning,Sealdah,15:12,16:30,16:38,8,78,45,South Line,Sealdah,DOWN
31162,Canning - Sealdah Local,Canning,Sealdah,15:38,16:49,16:59,10,71,45,South Line,Sealdah,DOWN
31164,Canning - Sealdah Local,Canning,Sealdah,16:05,17:18,17:36,18,73,45,South Line,Sealdah,DOWN
31166,Canning - Sealdah Local,Canning,Sealdah,16:32,17:45,17:57,12,73,45,South Line,Sealdah,DOWN
31168,Canning - Sealdah Local,Canning,Sealdah,16:58,18:10,18:18,8,72,45,South Line,Sealdah,DOWN
31170,Canning - Sealdah Local,Canning,Sealdah,17:22,18:37,18:52,15,75,45,South Line,Sealdah,DOWN
31172,Canning - Sealdah Local,Canning,Sealdah,17:49,19:02,19:07,5,73,45,South Line,Sealdah,DOWN
31174,Canning - Sealdah Local,Canning,Sealdah,18:13,19:26,19:33,7,73,45,South Line,Sealdah,DOWN
31176,Canning - Sealdah Local,Canning,Sealdah,18:37,19:49,20:00,11,72,45,South Line,Sealdah,DOWN
31178,Canning - Sealdah Local,Canning,Sealdah,19:02,20:19,20:27,8,77,45,South Line,Sealdah,DOWN
31180,Canning - Sealdah Local,Canning,Sealdah,19:26,20:38,20:52,14,72,45,South Line,Sealdah,DOWN
31182,Canning - Sealdah Local,Canning,Sealdah,19:51,21:09,21:24,15,78,45,South Line,Sealdah,DOWN
31184,Canning - Sealdah Local,Canning,Sealdah,20:17,21:31,21:36,5,74,45,South Line,Sealdah,DOWN
31186,Canning - Sealdah Local,Canning,Sealdah,20:43,21:56,22:05,9,73,45,South Line,Sealdah,DOWN
31188,Canning - Sealdah Local,Canning,Sealdah,21:10,22:21,22:27,6,71,45,South Line,Sealdah,DOWN
31190,Canning - Sealdah Local,Canning,Sealdah,21:36,22:47,22:49,2,71,45,South Line,Sealdah,DOWN
31192,Canning - Sealdah Local,Canning,Sealdah,22:00,23:13,23:18,5,73,45,South Line,Sealdah,DOWN
31194,Canning - Sealdah Local,Canning,Sealdah,22:24,23:43,23:47,4,79,45,South Line,Sealdah,DOWN
31196,Canning - Sealdah Local,Canning,Sealdah,22:48,00:01,00:11,10,73,45,South Line,Sealdah,DOWN
31198,Canning - Sealdah Local,Canning,Sealdah,23:11,00:24,00:33,9,73,45,South Line,Sealdah,DOWN
31200,Canning - Sealdah Local,Canning,Sealdah,23:34,00:47,00:49,2,73,45,South Line,Sealdah,DOWN
31102,Dankuni - Sealdah Local,Dankuni,Sealdah,03:00,03:41,03:48,7,41,22,Chord Link,Sealdah,DOWN
31104,Dankuni - Sealdah Local,Dankuni,Sealdah,03:22,04:10,04:20,10,48,22,Chord Link,Sealdah,DOWN
31106,Dankuni - Sealdah Local,Dankuni,Sealdah,03:40,04:25,04:33,8,45,22,Chord Link,Sealdah,DOWN
31108,Dankuni - Sealdah Local,Dankuni,Sealdah,03:58,04:41,04:46,5,43,22,Chord Link,Sealdah,DOWN
31110,Dankuni - Sealdah Local,Dankuni,Sealdah,04:19,05:06,05:20,14,47,22,Chord Link,Sealdah,DOWN
31112,Dankuni - Sealdah Local,Dankuni,Sealdah,04:38,05:25,05:43,18,47,22,Chord Link,Sealdah,DOWN
31114,Dankuni - Sealdah Local,Dankuni,Sealdah,04:58,05:45,05:48,3,47,22,Chord Link,Sealdah,DOWN
31116,Dankuni - Sealdah Local,Dankuni,Sealdah,05:19,06:01,06:07,6,42,22,Chord Link,Sealdah,DOWN
31118,Dankuni - Sealdah Local,Dankuni,Sealdah,05:40,06:23,06:36,13,43,22,Chord Link,Sealdah,DOWN
31120,Dankuni - Sealdah Local,Dankuni,Sealdah,06:02,06:44,06:53,9,42,22,Chord Link,Sealdah,DOWN
31122,Dankuni - Sealdah Local,Dankuni,Sealdah,06:22,07:11,07:18,7,49,22,Chord Link,Sealdah,DOWN
31124,Dankuni - Sealdah Local,Dankuni,Sealdah,06:41,07:30,07:39,9,49,22,Chord Link,Sealdah,DOWN
31126,Dankuni - Sealdah Local,Dankuni,Sealdah,07:02,07:46,08:05,19,44,22,Chord Link,Sealdah,DOWN
31128,Dankuni - Sealdah Local,Dankuni,Sealdah,07:21,08:02,08:06,4,41,22,Chord Link,Sealdah,DOWN
31130,Dankuni - Sealdah Local,Dankuni,Sealdah,07:39,08:27,08:40,13,48,22,Chord Link,Sealdah,DOWN
31132,Dankuni - Sealdah Local,Dankuni,Sealdah,07:59,08:46,08:50,4,47,22,Chord Link,Sealdah,DOWN
31134,Dankuni - Sealdah Local,Dankuni,Sealdah,08:21,09:08,09:15,7,47,22,Chord Link,Sealdah,DOWN
31136,Dankuni - Sealdah Local,Dankuni,Sealdah,08:43,09:27,09:30,3,44,22,Chord Link,Sealdah,DOWN
31138,Dankuni - Sealdah Local,Dankuni,Sealdah,09:02,09:48,10:01,13,46,22,Chord Link,Sealdah,DOWN
31140,Dankuni - Sealdah Local,Dankuni,Sealdah,09:23,10:08,10:11,3,45,22,Chord Link,Sealdah,DOWN
31142,Dankuni - Sealdah Local,Dankuni,Sealdah,09:42,10:24,10:31,7,42,22,Chord Link,Sealdah,DOWN
31144,Dankuni - Sealdah Local,Dankuni,Sealdah,10:01,10:48,11:06,18,47,22,Chord Link,Sealdah,DOWN
31146,Dankuni - Sealdah Local,Dankuni,Sealdah,10:19,11:00,11:04,4,41,22,Chord Link,Sealdah,DOWN
31148,Dankuni - Sealdah Local,Dankuni,Sealdah,10:41,11:25,11:28,3,44,22,Chord Link,Sealdah,DOWN
31150,Dankuni - Sealdah Local,Dankuni,Sealdah,11:00,11:42,11:51,9,42,22,Chord Link,Sealdah,DOWN
31152,Dankuni - Sealdah Local,Dankuni,Sealdah,11:18,11:59,12:12,13,41,22,Chord Link,Sealdah,DOWN
31154,Dankuni - Sealdah Local,Dankuni,Sealdah,11:40,12:21,12:26,5,41,22,Chord Link,Sealdah,DOWN
31156,Dankuni - Sealdah Local,Dankuni,Sealdah,12:01,12:42,12:48,6,41,22,Chord Link,Sealdah,DOWN
31158,Dankuni - Sealdah Local,Dankuni,Sealdah,12:20,13:08,13:22,14,48,22,Chord Link,Sealdah,DOWN
31160,Dankuni - Sealdah Local,Dankuni,Sealdah,12:41,13:30,13:46,16,49,22,Chord Link,Sealdah,DOWN
31162,Dankuni - Sealdah Local,Dankuni,Sealdah,13:00,13:41,13:58,17,41,22,Chord Link,Sealdah,DOWN
31164,Dankuni - Sealdah Local,Dankuni,Sealdah,13:19,14:08,14:19,11,49,22,Chord Link,Sealdah,DOWN
31166,Dankuni - Sealdah Local,Dankuni,Sealdah,13:38,14:22,14:39,17,44,22,Chord Link,Sealdah,DOWN
31168,Dankuni - Sealdah Local,Dankuni,Sealdah,13:58,14:44,14:57,13,46,22,Chord Link,Sealdah,DOWN
31170,Dankuni - Sealdah Local,Dankuni,Sealdah,14:20,15:06,15:24,18,46,22,Chord Link,Sealdah,DOWN
31172,Dankuni - Sealdah Local,Dankuni,Sealdah,14:42,15:27,15:44,17,45,22,Chord Link,Sealdah,DOWN
31174,Dankuni - Sealdah Local,Dankuni,Sealdah,15:01,15:50,16:03,13,49,22,Chord Link,Sealdah,DOWN
31176,Dankuni - Sealdah Local,Dankuni,Sealdah,15:20,16:07,16:16,9,47,22,Chord Link,Sealdah,DOWN
31178,Dankuni - Sealdah Local,Dankuni,Sealdah,15:39,16:24,16:28,4,45,22,Chord Link,Sealdah,DOWN
31180,Dankuni - Sealdah Local,Dankuni,Sealdah,15:59,16:48,17:05,17,49,22,Chord Link,Sealdah,DOWN
31182,Dankuni - Sealdah Local,Dankuni,Sealdah,16:17,17:00,17:14,14,43,22,Chord Link,Sealdah,DOWN
31184,Dankuni - Sealdah Local,Dankuni,Sealdah,16:39,17:28,17:37,9,49,22,Chord Link,Sealdah,DOWN
31186,Dankuni - Sealdah Local,Dankuni,Sealdah,17:00,17:41,17:47,6,41,22,Chord Link,Sealdah,DOWN
31188,Dankuni - Sealdah Local,Dankuni,Sealdah,17:21,18:08,18:17,9,47,22,Chord Link,Sealdah,DOWN
31190,Dankuni - Sealdah Local,Dankuni,Sealdah,17:41,18:27,18:40,13,46,22,Chord Link,Sealdah,DOWN
31192,Dankuni - Sealdah Local,Dankuni,Sealdah,18:03,18:50,18:52,2,47,22,Chord Link,Sealdah,DOWN
31194,Dankuni - Sealdah Local,Dankuni,Sealdah,18:24,19:09,19:16,7,45,22,Chord Link,Sealdah,DOWN
31196,Dankuni - Sealdah Local,Dankuni,Sealdah,18:43,19:26,19:45,19,43,22,Chord Link,Sealdah,DOWN
31198,Dankuni - Sealdah Local,Dankuni,Sealdah,19:04,19:52,20:01,9,48,22,Chord Link,Sealdah,DOWN
31200,Dankuni - Sealdah Local,Dankuni,Sealdah,19:26,20:10,20:18,8,44,22,Chord Link,Sealdah,DOWN
31202,Dankuni - Sealdah Local,Dankuni,Sealdah,19:45,20:28,20:30,2,43,22,Chord Link,Sealdah,DOWN
31204,Dankuni - Sealdah Local,Dankuni,Sealdah,20:05,20:46,21:03,17,41,22,Chord Link,Sealdah,DOWN
31206,Dankuni - Sealdah Local,Dankuni,Sealdah,20:26,21:13,21:26,13,47,22,Chord Link,Sealdah,DOWN
31208,Dankuni - Sealdah Local,Dankuni,Sealdah,20:48,21:37,21:44,7,49,22,Chord Link,Sealdah,DOWN
31210,Dankuni - Sealdah Local,Dankuni,Sealdah,21:09,21:52,21:55,3,43,22,Chord Link,Sealdah,DOWN
31212,Dankuni - Sealdah Local,Dankuni,Sealdah,21:31,22:15,22:30,15,44,22,Chord Link,Sealdah,DOWN
31214,Dankuni - Sealdah Local,Dankuni,Sealdah,21:52,22:36,22:41,5,44,22,Chord Link,Sealdah,DOWN
31216,Dankuni - Sealdah Local,Dankuni,Sealdah,22:12,22:54,22:56,2,42,22,Chord Link,Sealdah,DOWN
31218,Dankuni - Sealdah Local,Dankuni,Sealdah,22:32,23:18,23:37,19,46,22,Chord Link,Sealdah,DOWN
31220,Dankuni - Sealdah Local,Dankuni,Sealdah,22:53,23:42,23:56,14,49,22,Chord Link,Sealdah,DOWN
31222,Dankuni - Sealdah Local,Dankuni,Sealdah,23:11,23:52,23:55,3,41,22,Chord Link,Sealdah,DOWN
31224,Dankuni - Sealdah Local,Dankuni,Sealdah,23:30,00:17,00:27,10,47,22,Chord Link,Sealdah,DOWN
31226,Dankuni - Sealdah Local,Dankuni,Sealdah,23:50,00:31,00:34,3,41,22,Chord Link,Sealdah,DOWN
31102,Diamond Harbour - Sealdah Local,Diamond Harbour,Sealdah,03:00,04:37,04:47,10,97,60,South Line,Sealdah,DOWN
31104,Diamond Harbour - Sealdah Local,Diamond Harbour,Sealdah,03:20,04:57,04:59,2,97,60,South Line,Sealdah,DOWN
31106,Diamond Harbour - Sealdah Local,Diamond Harbour,Sealdah,03:41,05:13,05:25,12,92,60,South Line,Sealdah,DOWN
31108,Diamond Harbour - Sealdah Local,Diamond Harbour,Sealdah,04:00,05:31,05:35,4,91,60,South Line,Sealdah,DOWN
31110,Diamond Harbour - Sealdah Local,Diamond Harbour,Sealdah,04:19,05:51,05:56,5,92,60,South Line,Sealdah,DOWN
31112,Diamond Harbour - Sealdah Local,Diamond Harbour,Sealdah,04:38,06:16,06:35,19,98,60,South Line,Sealdah,DOWN
31114,Diamond Harbour - Sealdah Local,Diamond Harbour,Sealdah,04:59,06:37,06:44,7,98,60,South Line,Sealdah,DOWN
31116,Diamond Harbour - Sealdah Local,Diamond Harbour,Sealdah,05:21,06:58,07:02,4,97,60,South Line,Sealdah,DOWN
31118,Diamond Harbour - Sealdah Local,Diamond Harbour,Sealdah,05:40,07:11,07:23,12,91,60,South Line,Sealdah,DOWN
31120,Diamond Harbour - Sealdah Local,Diamond Harbour,Sealdah,06:00,07:38,07:54,16,98,60,South Line,Sealdah,DOWN
31122,Diamond Harbour - Sealdah Local,Diamond Harbour,Sealdah,06:19,07:51,07:57,6,92,60,South Line,Sealdah,DOWN
31124,Diamond Harbour - Sealdah Local,Diamond Harbour,Sealdah,06:40,08:18,08:29,11,98,60,South Line,Sealdah,DOWN
31126,Diamond Harbour - Sealdah Local,Diamond Harbour,Sealdah,07:01,08:33,08:46,13,92,60,South Line,Sealdah,DOWN
31128,Diamond Harbour - Sealdah Local,Diamond Harbour,Sealdah,07:19,08:55,09:11,16,96,60,South Line,Sealdah,DOWN
31130,Diamond Harbour - Sealdah Local,Diamond Harbour,Sealdah,07:39,09:18,09:36,18,99,60,South Line,Sealdah,DOWN
31132,Diamond Harbour - Sealdah Local,Diamond Harbour,Sealdah,07:57,09:31,09:42,11,94,60,South Line,Sealdah,DOWN
31134,Diamond Harbour - Sealdah Local,Diamond Harbour,Sealdah,08:19,09:58,10:05,7,99,60,South Line,Sealdah,DOWN
31136,Diamond Harbour - Sealdah Local,Diamond Harbour,Sealdah,08:39,10:11,10:30,19,92,60,South Line,Sealdah,DOWN
31138,Diamond Harbour - Sealdah Local,Diamond Harbour,Sealdah,09:01,10:35,10:49,14,94,60,South Line,Sealdah,DOWN
31140,Diamond Harbour - Sealdah Local,Diamond Harbour,Sealdah,09:22,10:58,11:02,4,96,60,South Line,Sealdah,DOWN
31142,Diamond Harbour - Sealdah Local,Diamond Harbour,Sealdah,09:43,11:16,11:27,11,93,60,South Line,Sealdah,DOWN
31144,Diamond Harbour - Sealdah Local,Diamond Harbour,Sealdah,10:04,11:35,11:50,15,91,60,South Line,Sealdah,DOWN
31146,Diamond Harbour - Sealdah Local,Diamond Harbour,Sealdah,10:26,11:59,12:06,7,93,60,South Line,Sealdah,DOWN
31148,Diamond Harbour - Sealdah Local,Diamond Harbour,Sealdah,10:44,12:22,12:26,4,98,60,South Line,Sealdah,DOWN
31150,Diamond Harbour - Sealdah Local,Diamond Harbour,Sealdah,11:06,12:39,12:56,17,93,60,South Line,Sealdah,DOWN
31152,Diamond Harbour - Sealdah Local,Diamond Harbour,Sealdah,11:27,13:05,13:13,8,98,60,South Line,Sealdah,DOWN
31154,Diamond Harbour - Sealdah Local,Diamond Harbour,Sealdah,11:45,13:19,13:34,15,94,60,South Line,Sealdah,DOWN
31156,Diamond Harbour - Sealdah Local,Diamond Harbour,Sealdah,12:05,13:40,13:50,10,95,60,South Line,Sealdah,DOWN
31158,Diamond Harbour - Sealdah Local,Diamond Harbour,Sealdah,12:25,14:04,14:20,16,99,60,South Line,Sealdah,DOWN
31160,Diamond Harbour - Sealdah Local,Diamond Harbour,Sealdah,12:43,14:22,14:26,4,99,60,South Line,Sealdah,DOWN
31162,Diamond Harbour - Sealdah Local,Diamond Harbour,Sealdah,13:02,14:39,14:42,3,97,60,South Line,Sealdah,DOWN
31164,Diamond Harbour - Sealdah Local,Diamond Harbour,Sealdah,13:23,14:55,14:58,3,92,60,South Line,Sealdah,DOWN
31166,Diamond Harbour - Sealdah Local,Diamond Harbour,Sealdah,13:42,15:20,15:24,4,98,60,South Line,Sealdah,DOWN
31168,Diamond Harbour - Sealdah Local,Diamond Harbour,Sealdah,14:03,15:41,16:00,19,98,60,South Line,Sealdah,DOWN
31170,Diamond Harbour - Sealdah Local,Diamond Harbour,Sealdah,14:25,16:03,16:18,15,98,60,South Line,Sealdah,DOWN
31172,Diamond Harbour - Sealdah Local,Diamond Harbour,Sealdah,14:43,16:19,16:38,19,96,60,South Line,Sealdah,DOWN
31174,Diamond Harbour - Sealdah Local,Diamond Harbour,Sealdah,15:04,16:42,16:53,11,98,60,South Line,Sealdah,DOWN
31176,Diamond Harbour - Sealdah Local,Diamond Harbour,Sealdah,15:22,16:54,16:57,3,92,60,South Line,Sealdah,DOWN
31178,Diamond Harbour - Sealdah Local,Diamond Harbour,Sealdah,15:40,17:17,17:19,2,97,60,South Line,Sealdah,DOWN
31180,Diamond Harbour - Sealdah Local,Diamond Harbour,Sealdah,16:01,17:40,17:45,5,99,60,South Line,Sealdah,DOWN
31182,Diamond Harbour - Sealdah Local,Diamond Harbour,Sealdah,16:19,17:50,18:05,15,91,60,South Line,Sealdah,DOWN
31184,Diamond Harbour - Sealdah Local,Diamond Harbour,Sealdah,16:41,18:16,18:18,2,95,60,South Line,Sealdah,DOWN
31186,Diamond Harbour - Sealdah Local,Diamond Harbour,Sealdah,16:59,18:38,18:53,15,99,60,South Line,Sealdah,DOWN
31188,Diamond Harbour - Sealdah Local,Diamond Harbour,Sealdah,17:21,18:59,19:16,17,98,60,South Line,Sealdah,DOWN
31190,Diamond Harbour - Sealdah Local,Diamond Harbour,Sealdah,17:40,19:16,19:31,15,96,60,South Line,Sealdah,DOWN
31192,Diamond Harbour - Sealdah Local,Diamond Harbour,Sealdah,18:00,19:34,19:38,4,94,60,South Line,Sealdah,DOWN
31194,Diamond Harbour - Sealdah Local,Diamond Harbour,Sealdah,18:18,19:54,19:58,4,96,60,South Line,Sealdah,DOWN
31196,Diamond Harbour - Sealdah Local,Diamond Harbour,Sealdah,18:39,20:17,20:27,10,98,60,South Line,Sealdah,DOWN
31198,Diamond Harbour - Sealdah Local,Diamond Harbour,Sealdah,19:01,20:39,20:46,7,98,60,South Line,Sealdah,DOWN
31200,Diamond Harbour - Sealdah Local,Diamond Harbour,Sealdah,19:21,20:53,21:07,14,92,60,South Line,Sealdah,DOWN
31202,Diamond Harbour - Sealdah Local,Diamond Harbour,Sealdah,19:39,21:10,21:13,3,91,60,South Line,Sealdah,DOWN
31204,Diamond Harbour - Sealdah Local,Diamond Harbour,Sealdah,19:58,21:34,21:43,9,96,60,South Line,Sealdah,DOWN
31206,Diamond Harbour - Sealdah Local,Diamond Harbour,Sealdah,20:18,21:57,22:00,3,99,60,South Line,Sealdah,DOWN
31208,Diamond Harbour - Sealdah Local,Diamond Harbour,Sealdah,20:38,22:14,22:19,5,96,60,South Line,Sealdah,DOWN
31210,Diamond Harbour - Sealdah Local,Diamond Harbour,Sealdah,21:00,22:31,22:47,16,91,60,South Line,Sealdah,DOWN
31212,Diamond Harbour - Sealdah Local,Diamond Harbour,Sealdah,21:18,22:56,23:01,5,98,60,South Line,Sealdah,DOWN
31214,Diamond Harbour - Sealdah Local,Diamond Harbour,Sealdah,21:37,23:14,23:28,14,97,60,South Line,Sealdah,DOWN
31216,Diamond Harbour - Sealdah Local,Diamond Harbour,Sealdah,21:56,23:31,23:44,13,95,60,South Line,Sealdah,DOWN
31218,Diamond Harbour - Sealdah Local,Diamond Harbour,Sealdah,22:14,23:48,00:02,14,94,60,South Line,Sealdah,DOWN
31220,Diamond Harbour - Sealdah Local,Diamond Harbour,Sealdah,22:36,00:08,00:23,15,92,60,South Line,Sealdah,DOWN
31222,Diamond Harbour - Sealdah Local,Diamond Harbour,Sealdah,22:55,00:29,00:48,19,94,60,South Line,Sealdah,DOWN
31224,Diamond Harbour - Sealdah Local,Diamond Harbour,Sealdah,23:16,00:50,00:57,7,94,60,South Line,Sealdah,DOWN
31226,Diamond Harbour - Sealdah Local,Diamond Harbour,Sealdah,23:37,01:09,01:21,12,92,60,South Line,Sealdah,DOWN
31102,Gede - Sealdah Local,Gede,Sealdah,03:00,05:46,05:49,3,166,117,Main Line,Sealdah,DOWN
31104,Gede - Sealdah Local,Gede,Sealdah,03:34,06:18,06:24,6,164,117,Main Line,Sealdah,DOWN
31106,Gede - Sealdah Local,Gede,Sealdah,04:10,06:53,06:56,3,163,117,Main Line,Sealdah,DOWN
31108,Gede - Sealdah Local,Gede,Sealdah,04:44,07:26,07:37,11,162,117,Main Line,Sealdah,DOWN
31110,Gede - Sealdah Local,Gede,Sealdah,05:18,08:00,08:03,3,162,117,Main Line,Sealdah,DOWN
31112,Gede - Sealdah Local,Gede,Sealdah,05:53,08:42,08:54,12,169,117,Main Line,Sealdah,DOWN
31114,Gede - Sealdah Local,Gede,Sealdah,06:30,09:11,09:30,19,161,117,Main Line,Sealdah,DOWN
31116,Gede - Sealdah Local,Gede,Sealdah,07:07,09:50,10:06,16,163,117,Main Line,Sealdah,DOWN
31118,Gede - Sealdah Local,Gede,Sealdah,07:42,10:29,10:39,10,167,117,Main Line,Sealdah,DOWN
31120,Gede - Sealdah Local,Gede,Sealdah,08:19,11:02,11:12,10,163,117,Main Line,Sealdah,DOWN
31122,Gede - Sealdah Local,Gede,Sealdah,08:53,11:36,11:40,4,163,117,Main Line,Sealdah,DOWN
31124,Gede - Sealdah Local,Gede,Sealdah,09:27,12:08,12:18,10,161,117,Main Line,Sealdah,DOWN
31126,Gede - Sealdah Local,Gede,Sealdah,10:03,12:49,13:04,15,166,117,Main Line,Sealdah,DOWN
31128,Gede - Sealdah Local,Gede,Sealdah,10:39,13:27,13:35,8,168,117,Main Line,Sealdah,DOWN
31130,Gede - Sealdah Local,Gede,Sealdah,11:13,13:58,14:15,17,165,117,Main Line,Sealdah,DOWN
31132,Gede - Sealdah Local,Gede,Sealdah,11:50,14:34,14:51,17,164,117,Main Line,Sealdah,DOWN
31134,Gede - Sealdah Local,Gede,Sealdah,12:26,15:10,15:12,2,164,117,Main Line,Sealdah,DOWN
31136,Gede - Sealdah Local,Gede,Sealdah,13:03,15:51,15:56,5,168,117,Main Line,Sealdah,DOWN
31138,Gede - Sealdah Local,Gede,Sealdah,13:38,16:24,16:29,5,166,117,Main Line,Sealdah,DOWN
31140,Gede - Sealdah Local,Gede,Sealdah,14:12,17:00,17:08,8,168,117,Main Line,Sealdah,DOWN
31142,Gede - Sealdah Local,Gede,Sealdah,14:49,17:34,17:43,9,165,117,Main Line,Sealdah,DOWN
31144,Gede - Sealdah Local,Gede,Sealdah,15:25,18:14,18:32,18,169,117,Main Line,Sealdah,DOWN
31146,Gede - Sealdah Local,Gede,Sealdah,16:01,18:48,18:54,6,167,117,Main Line,Sealdah,DOWN
31148,Gede - Sealdah Local,Gede,Sealdah,16:38,19:22,19:30,8,164,117,Main Line,Sealdah,DOWN
31150,Gede - Sealdah Local,Gede,Sealdah,17:12,19:55,20:00,5,163,117,Main Line,Sealdah,DOWN
31152,Gede - Sealdah Local,Gede,Sealdah,17:49,20:30,20:37,7,161,117,Main Line,Sealdah,DOWN
31154,Gede - Sealdah Local,Gede,Sealdah,18:24,21:10,21:18,8,166,117,Main Line,Sealdah,DOWN
31156,Gede - Sealdah Local,Gede,Sealdah,19:00,21:42,22:01,19,162,117,Main Line,Sealdah,DOWN
31158,Gede - Sealdah Local,Gede,Sealdah,19:37,22:19,22:25,6,162,117,Main Line,Sealdah,DOWN
31160,Gede - Sealdah Local,Gede,Sealdah,20:14,22:56,23:00,4,162,117,Main Line,Sealdah,DOWN
31162,Gede - Sealdah Local,Gede,Sealdah,20:49,23:34,23:42,8,165,117,Main Line,Sealdah,DOWN
31164,Gede - Sealdah Local,Gede,Sealdah,21:23,00:12,00:27,15,169,117,Main Line,Sealdah,DOWN
31166,Gede - Sealdah Local,Gede,Sealdah,21:59,00:46,00:54,8,167,117,Main Line,Sealdah,DOWN
31168,Gede - Sealdah Local,Gede,Sealdah,22:33,01:17,01:23,6,164,117,Main Line,Sealdah,DOWN
31170,Gede - Sealdah Local,Gede,Sealdah,23:06,01:52,01:58,6,166,117,Main Line,Sealdah,DOWN
31172,Gede - Sealdah Local,Gede,Sealdah,23:42,02:29,02:32,3,167,117,Main Line,Sealdah,DOWN
31102,Hasnabad - Sealdah Local,Hasnabad,Sealdah,03:00,05:11,05:18,7,131,75,Bangaon Line,Sealdah,DOWN
31104,Hasnabad - Sealdah Local,Hasnabad,Sealdah,03:26,05:34,05:50,16,128,75,Bangaon Line,Sealdah,DOWN
31106,Hasnabad - Sealdah Local,Hasnabad,Sealdah,03:52,06:01,06:12,11,129,75,Bangaon Line,Sealdah,DOWN
31108,Hasnabad - Sealdah Local,Hasnabad,Sealdah,04:18,06:32,06:40,8,134,75,Bangaon Line,Sealdah,DOWN
31110,Hasnabad - Sealdah Local,Hasnabad,Sealdah,04:44,06:57,07:03,6,133,75,Bangaon Line,Sealdah,DOWN
31112,Hasnabad - Sealdah Local,Hasnabad,Sealdah,05:11,07:19,07:21,2,128,75,Bangaon Line,Sealdah,DOWN
31114,Hasnabad - Sealdah Local,Hasnabad,Sealdah,05:34,07:43,07:57,14,129,75,Bangaon Line,Sealdah,DOWN
31116,Hasnabad - Sealdah Local,Hasnabad,Sealdah,06:01,08:12,08:31,19,131,75,Bangaon Line,Sealdah,DOWN
31118,Hasnabad - Sealdah Local,Hasnabad,Sealdah,06:28,08:42,08:56,14,134,75,Bangaon Line,Sealdah,DOWN
31120,Hasnabad - Sealdah Local,Hasnabad,Sealdah,06:54,09:05,09:24,19,131,75,Bangaon Line,Sealdah,DOWN
31122,Hasnabad - Sealdah Local,Hasnabad,Sealdah,07:20,09:33,09:39,6,133,75,Bangaon Line,Sealdah,DOWN
31124,Hasnabad - Sealdah Local,Hasnabad,Sealdah,07:44,09:55,10:09,14,131,75,Bangaon Line,Sealdah,DOWN
31126,Hasnabad - Sealdah Local,Hasnabad,Sealdah,08:11,10:22,10:27,5,131,75,Bangaon Line,Sealdah,DOWN
31128,Hasnabad - Sealdah Local,Hasnabad,Sealdah,08:38,10:51,11:09,18,133,75,Bangaon Line,Sealdah,DOWN
31130,Hasnabad - Sealdah Local,Hasnabad,Sealdah,09:03,11:12,11:16,4,129,75,Bangaon Line,Sealdah,DOWN
31132,Hasnabad - Sealdah Local,Hasnabad,Sealdah,09:27,11:41,11:59,18,134,75,Bangaon Line,Sealdah,DOWN
31134,Hasnabad - Sealdah Local,Hasnabad,Sealdah,09:52,12:01,12:13,12,129,75,Bangaon Line,Sealdah,DOWN
31136,Hasnabad - Sealdah Local,Hasnabad,Sealdah,10:17,12:27,12:32,5,130,75,Bangaon Line,Sealdah,DOWN
31138,Hasnabad - Sealdah Local,Hasnabad,Sealdah,10:42,12:55,12:58,3,133,75,Bangaon Line,Sealdah,DOWN
31140,Hasnabad - Sealdah Local,Hasnabad,Sealdah,11:06,13:19,13:36,17,133,75,Bangaon Line,Sealdah,DOWN
31142,Hasnabad - Sealdah Local,Hasnabad,Sealdah,11:31,13:45,14:04,19,134,75,Bangaon Line,Sealdah,DOWN
31144,Hasnabad - Sealdah Local,Hasnabad,Sealdah,11:56,14:06,14:15,9,130,75,Bangaon Line,Sealdah,DOWN
31146,Hasnabad - Sealdah Local,Hasnabad,Sealdah,12:21,14:35,14:39,4,134,75,Bangaon Line,Sealdah,DOWN
31148,Hasnabad - Sealdah Local,Hasnabad,Sealdah,12:44,14:56,15:06,10,132,75,Bangaon Line,Sealdah,DOWN
31150,Hasnabad - Sealdah Local,Hasnabad,Sealdah,13:10,15:18,15:25,7,128,75,Bangaon Line,Sealdah,DOWN
31152,Hasnabad - Sealdah Local,Hasnabad,Sealdah,13:35,15:41,15:52,11,126,75,Bangaon Line,Sealdah,DOWN
31154,Hasnabad - Sealdah Local,Hasnabad,Sealdah,14:00,16:07,16:18,11,127,75,Bangaon Line,Sealdah,DOWN
31156,Hasnabad - Sealdah Local,Hasnabad,Sealdah,14:25,16:38,16:52,14,133,75,Bangaon Line,Sealdah,DOWN
31158,Hasnabad - Sealdah Local,Hasnabad,Sealdah,14:50,17:03,17:21,18,133,75,Bangaon Line,Sealdah,DOWN
31160,Hasnabad - Sealdah Local,Hasnabad,Sealdah,15:15,17:24,17:34,10,129,75,Bangaon Line,Sealdah,DOWN
31162,Hasnabad - Sealdah Local,Hasnabad,Sealdah,15:39,17:49,18:07,18,130,75,Bangaon Line,Sealdah,DOWN
31164,Hasnabad - Sealdah Local,Hasnabad,Sealdah,16:06,18:16,18:26,10,130,75,Bangaon Line,Sealdah,DOWN
31166,Hasnabad - Sealdah Local,Hasnabad,Sealdah,16:33,18:40,18:50,10,127,75,Bangaon Line,Sealdah,DOWN
31168,Hasnabad - Sealdah Local,Hasnabad,Sealdah,16:57,19:06,19:08,2,129,75,Bangaon Line,Sealdah,DOWN
31170,Hasnabad - Sealdah Local,Hasnabad,Sealdah,17:24,19:30,19:33,3,126,75,Bangaon Line,Sealdah,DOWN
31172,Hasnabad - Sealdah Local,Hasnabad,Sealdah,17:48,19:57,20:14,17,129,75,Bangaon Line,Sealdah,DOWN
31174,Hasnabad - Sealdah Local,Hasnabad,Sealdah,18:15,20:21,20:23,2,126,75,Bangaon Line,Sealdah,DOWN
31176,Hasnabad - Sealdah Local,Hasnabad,Sealdah,18:39,20:51,21:02,11,132,75,Bangaon Line,Sealdah,DOWN
31178,Hasnabad - Sealdah Local,Hasnabad,Sealdah,19:02,21:15,21:34,19,133,75,Bangaon Line,Sealdah,DOWN
31180,Hasnabad - Sealdah Local,Hasnabad,Sealdah,19:27,21:35,21:44,9,128,75,Bangaon Line,Sealdah,DOWN
31182,Hasnabad - Sealdah Local,Hasnabad,Sealdah,19:50,22:04,22:16,12,134,75,Bangaon Line,Sealdah,DOWN
31184,Hasnabad - Sealdah Local,Hasnabad,Sealdah,20:13,22:25,22:28,3,132,75,Bangaon Line,Sealdah,DOWN
31186,Hasnabad - Sealdah Local,Hasnabad,Sealdah,20:37,22:50,22:59,9,133,75,Bangaon Line,Sealdah,DOWN
31188,Hasnabad - Sealdah Local,Hasnabad,Sealdah,21:03,23:13,23:22,9,130,75,Bangaon Line,Sealdah,DOWN
31190,Hasnabad - Sealdah Local,Hasnabad,Sealdah,21:27,23:37,23:55,18,130,75,Bangaon Line,Sealdah,DOWN
31192,Hasnabad - Sealdah Local,Hasnabad,Sealdah,21:52,23:59,00:15,16,127,75,Bangaon Line,Sealdah,DOWN
31194,Hasnabad - Sealdah Local,Hasnabad,Sealdah,22:15,00:24,00:42,18,129,75,Bangaon Line,Sealdah,DOWN
31196,Hasnabad - Sealdah Local,Hasnabad,Sealdah,22:42,00:48,01:02,14,126,75,Bangaon Line,Sealdah,DOWN
31198,Hasnabad - Sealdah Local,Hasnabad,Sealdah,23:09,01:21,01:27,6,132,75,Bangaon Line,Sealdah,DOWN
31200,Hasnabad - Sealdah Local,Hasnabad,Sealdah,23:33,01:39,01:52,13,126,75,Bangaon Line,Sealdah,DOWN
31102,Kakdwip - Sealdah Local,Kakdwip,Sealdah,03:00,05:20,05:22,2,140,95,South Line,Sealdah,DOWN
31104,Kakdwip - Sealdah Local,Kakdwip,Sealdah,03:35,05:51,05:57,6,136,95,South Line,Sealdah,DOWN
31106,Kakdwip - Sealdah Local,Kakdwip,Sealdah,04:09,06:28,06:37,9,139,95,South Line,Sealdah,DOWN
31108,Kakdwip - Sealdah Local,Kakdwip,Sealdah,04:44,07:00,07:14,14,136,95,South Line,Sealdah,DOWN
31110,Kakdwip - Sealdah Local,Kakdwip,Sealdah,05:21,07:44,07:53,9,143,95,South Line,Sealdah,DOWN
31112,Kakdwip - Sealdah Local,Kakdwip,Sealdah,05:56,08:20,08:32,12,144,95,South Line,Sealdah,DOWN
31114,Kakdwip - Sealdah Local,Kakdwip,Sealdah,06:29,08:53,08:55,2,144,95,South Line,Sealdah,DOWN
31116,Kakdwip - Sealdah Local,Kakdwip,Sealdah,07:03,09:22,09:36,14,139,95,South Line,Sealdah,DOWN
31118,Kakdwip - Sealdah Local,Kakdwip,Sealdah,07:39,09:59,10:03,4,140,95,South Line,Sealdah,DOWN
31120,Kakdwip - Sealdah Local,Kakdwip,Sealdah,08:16,10:38,10:56,18,142,95,South Line,Sealdah,DOWN
31122,Kakdwip - Sealdah Local,Kakdwip,Sealdah,08:49,11:11,11:17,6,142,95,South Line,Sealdah,DOWN
31124,Kakdwip - Sealdah Local,Kakdwip,Sealdah,09:25,11:49,11:58,9,144,95,South Line,Sealdah,DOWN
31126,Kakdwip - Sealdah Local,Kakdwip,Sealdah,10:00,12:16,12:31,15,136,95,South Line,Sealdah,DOWN
31128,Kakdwip - Sealdah Local,Kakdwip,Sealdah,10:33,12:52,12:57,5,139,95,South Line,Sealdah,DOWN
31130,Kakdwip - Sealdah Local,Kakdwip,Sealdah,11:08,13:31,13:43,12,143,95,South Line,Sealdah,DOWN
31132,Kakdwip - Sealdah Local,Kakdwip,Sealdah,11:45,14:06,14:22,16,141,95,South Line,Sealdah,DOWN
31134,Kakdwip - Sealdah Local,Kakdwip,Sealdah,12:19,14:43,14:51,8,144,95,South Line,Sealdah,DOWN
31136,Kakdwip - Sealdah Local,Kakdwip,Sealdah,12:56,15:15,15:27,12,139,95,South Line,Sealdah,DOWN
31138,Kakdwip - Sealdah Local,Kakdwip,Sealdah,13:33,15:53,15:59,6,140,95,South Line,Sealdah,DOWN
31140,Kakdwip - Sealdah Local,Kakdwip,Sealdah,14:07,16:25,16:31,6,138,95,South Line,Sealdah,DOWN
31142,Kakdwip - Sealdah Local,Kakdwip,Sealdah,14:43,17:01,17:10,9,138,95,South Line,Sealdah,DOWN
31144,Kakdwip - Sealdah Local,Kakdwip,Sealdah,15:16,17:40,17:51,11,144,95,South Line,Sealdah,DOWN
31146,Kakdwip - Sealdah Local,Kakdwip,Sealdah,15:50,18:12,18:19,7,142,95,South Line,Sealdah,DOWN
31148,Kakdwip - Sealdah Local,Kakdwip,Sealdah,16:23,18:45,19:01,16,142,95,South Line,Sealdah,DOWN
31150,Kakdwip - Sealdah Local,Kakdwip,Sealdah,16:56,19:20,19:37,17,144,95,South Line,Sealdah,DOWN
31152,Kakdwip - Sealdah Local,Kakdwip,Sealdah,17:31,19:49,20:07,18,138,95,South Line,Sealdah,DOWN
31154,Kakdwip - Sealdah Local,Kakdwip,Sealdah,18:06,20:26,20:35,9,140,95,South Line,Sealdah,DOWN
31156,Kakdwip - Sealdah Local,Kakdwip,Sealdah,18:40,21:01,21:10,9,141,95,South Line,Sealdah,DOWN
31158,Kakdwip - Sealdah Local,Kakdwip,Sealdah,19:13,21:31,21:41,10,138,95,South Line,Sealdah,DOWN
31160,Kakdwip - Sealdah Local,Kakdwip,Sealdah,19:49,22:07,22:10,3,138,95,South Line,Sealdah,DOWN
31162,Kakdwip - Sealdah Local,Kakdwip,Sealdah,20:22,22:38,22:54,16,136,95,South Line,Sealdah,DOWN
31164,Kakdwip - Sealdah Local,Kakdwip,Sealdah,20:57,23:17,23:36,19,140,95,South Line,Sealdah,DOWN
31166,Kakdwip - Sealdah Local,Kakdwip,Sealdah,21:34,23:58,00:02,4,144,95,South Line,Sealdah,DOWN
31168,Kakdwip - Sealdah Local,Kakdwip,Sealdah,22:10,00:27,00:45,18,137,95,South Line,Sealdah,DOWN
31170,Kakdwip - Sealdah Local,Kakdwip,Sealdah,22:45,01:09,01:14,5,144,95,South Line,Sealdah,DOWN
31172,Kakdwip - Sealdah Local,Kakdwip,Sealdah,23:20,01:38,01:43,5,138,95,South Line,Sealdah,DOWN
31174,Kakdwip - Sealdah Local,Kakdwip,Sealdah,23:54,02:11,02:26,15,137,95,South Line,Sealdah,DOWN
31102,Kalyani Simanta - Sealdah Local,Kalyani Simanta,Sealdah,03:00,04:23,04:33,10,83,53,Main Line,Sealdah,DOWN
31104,Kalyani Simanta - Sealdah Local,Kalyani Simanta,Sealdah,03:20,04:42,04:52,10,82,53,Main Line,Sealdah,DOWN
31106,Kalyani Simanta - Sealdah Local,Kalyani Simanta,Sealdah,03:42,05:07,05:26,19,85,53,Main Line,Sealdah,DOWN
31108,Kalyani Simanta - Sealdah Local,Kalyani Simanta,Sealdah,04:01,05:22,05:33,11,81,53,Main Line,Sealdah,DOWN
31110,Kalyani Simanta - Sealdah Local,Kalyani Simanta,Sealdah,04:19,05:46,05:51,5,87,53,Main Line,Sealdah,DOWN
31112,Kalyani Simanta - Sealdah Local,Kalyani Simanta,Sealdah,04:39,06:03,06:16,13,84,53,Main Line,Sealdah,DOWN
31114,Kalyani Simanta - Sealdah Local,Kalyani Simanta,Sealdah,05:00,06:24,06:33,9,84,53,Main Line,Sealdah,DOWN
31116,Kalyani Simanta - Sealdah Local,Kalyani Simanta,Sealdah,05:18,06:43,06:46,3,85,53,Main Line,Sealdah,DOWN
31118,Kalyani Simanta - Sealdah Local,Kalyani Simanta,Sealdah,05:36,06:58,07:12,14,82,53,Main Line,Sealdah,DOWN
31120,Kalyani Simanta - Sealdah Local,Kalyani Simanta,Sealdah,05:58,07:19,07:36,17,81,53,Main Line,Sealdah,DOWN
31122,Kalyani Simanta - Sealdah Local,Kalyani Simanta,Sealdah,06:20,07:49,07:52,3,89,53,Main Line,Sealdah,DOWN
31124,Kalyani Simanta - Sealdah Local,Kalyani Simanta,Sealdah,06:40,08:06,08:18,12,86,53,Main Line,Sealdah,DOWN
31126,Kalyani Simanta - Sealdah Local,Kalyani Simanta,Sealdah,07:01,08:30,08:41,11,89,53,Main Line,Sealdah,DOWN
31128,Kalyani Simanta - Sealdah Local,Kalyani Simanta,Sealdah,07:19,08:40,08:56,16,81,53,Main Line,Sealdah,DOWN
31130,Kalyani Simanta - Sealdah Local,Kalyani Simanta,Sealdah,07:39,09:07,09:25,18,88,53,Main Line,Sealdah,DOWN
31132,Kalyani Simanta - Sealdah Local,Kalyani Simanta,Sealdah,08:00,09:27,09:36,9,87,53,Main Line,Sealdah,DOWN
31134,Kalyani Simanta - Sealdah Local,Kalyani Simanta,Sealdah,08:18,09:46,10:05,19,88,53,Main Line,Sealdah,DOWN
31136,Kalyani Simanta - Sealdah Local,Kalyani Simanta,Sealdah,08:38,10:05,10:15,10,87,53,Main Line,Sealdah,DOWN
31138,Kalyani Simanta - Sealdah Local,Kalyani Simanta,Sealdah,08:57,10:26,10:35,9,89,53,Main Line,Sealdah,DOWN
31140,Kalyani Simanta - Sealdah Local,Kalyani Simanta,Sealdah,09:16,10:45,11:00,15,89,53,Main Line,Sealdah,DOWN
31142,Kalyani Simanta - Sealdah Local,Kalyani Simanta,Sealdah,09:36,11:04,11:23,19,88,53,Main Line,Sealdah,DOWN
31144,Kalyani Simanta - Sealdah Local,Kalyani Simanta,Sealdah,09:57,11:22,11:35,13,85,53,Main Line,Sealdah,DOWN
31146,Kalyani Simanta - Sealdah Local,Kalyani Simanta,Sealdah,10:18,11:42,11:57,15,84,53,Main Line,Sealdah,DOWN
31148,Kalyani Simanta - Sealdah Local,Kalyani Simanta,Sealdah,10:38,12:03,12:21,18,85,53,Main Line,Sealdah,DOWN
31150,Kalyani Simanta - Sealdah Local,Kalyani Simanta,Sealdah,10:56,12:20,12:24,4,84,53,Main Line,Sealdah,DOWN
31152,Kalyani Simanta - Sealdah Local,Kalyani Simanta,Sealdah,11:17,12:44,12:52,8,87,53,Main Line,Sealdah,DOWN
31154,Kalyani Simanta - Sealdah Local,Kalyani Simanta,Sealdah,11:38,12:59,13:17,18,81,53,Main Line,Sealdah,DOWN
31156,Kalyani Simanta - Sealdah Local,Kalyani Simanta,Sealdah,11:58,13:24,13:37,13,86,53,Main Line,Sealdah,DOWN
31158,Kalyani Simanta - Sealdah Local,Kalyani Simanta,Sealdah,12:19,13:47,13:57,10,88,53,Main Line,Sealdah,DOWN
31160,Kalyani Simanta - Sealdah Local,Kalyani Simanta,Sealdah,12:38,14:04,14:20,16,86,53,Main Line,Sealdah,DOWN
31162,Kalyani Simanta - Sealdah Local,Kalyani Simanta,Sealdah,12:57,14:23,14:42,19,86,53,Main Line,Sealdah,DOWN
31164,Kalyani Simanta - Sealdah Local,Kalyani Simanta,Sealdah,13:17,14:42,14:56,14,85,53,Main Line,Sealdah,DOWN
31166,Kalyani Simanta - Sealdah Local,Kalyani Simanta,Sealdah,13:37,14:58,15:07,9,81,53,Main Line,Sealdah,DOWN
31168,Kalyani Simanta - Sealdah Local,Kalyani Simanta,Sealdah,13:59,15:23,15:38,15,84,53,Main Line,Sealdah,DOWN
31170,Kalyani Simanta - Sealdah Local,Kalyani Simanta,Sealdah,14:21,15:45,15:54,9,84,53,Main Line,Sealdah,DOWN
31172,Kalyani Simanta - Sealdah Local,Kalyani Simanta,Sealdah,14:39,16:07,16:22,15,88,53,Main Line,Sealdah,DOWN
31174,Kalyani Simanta - Sealdah Local,Kalyani Simanta,Sealdah,15:00,16:24,16:32,8,84,53,Main Line,Sealdah,DOWN
31176,Kalyani Simanta - Sealdah Local,Kalyani Simanta,Sealdah,15:22,16:50,17:03,13,88,53,Main Line,Sealdah,DOWN
31178,Kalyani Simanta - Sealdah Local,Kalyani Simanta,Sealdah,15:43,17:04,17:16,12,81,53,Main Line,Sealdah,DOWN
31180,Kalyani Simanta - Sealdah Local,Kalyani Simanta,Sealdah,16:04,17:29,17:41,12,85,53,Main Line,Sealdah,DOWN
31182,Kalyani Simanta - Sealdah Local,Kalyani Simanta,Sealdah,16:22,17:49,18:03,14,87,53,Main Line,Sealdah,DOWN
31184,Kalyani Simanta - Sealdah Local,Kalyani Simanta,Sealdah,16:41,18:06,18:25,19,85,53,Main Line,Sealdah,DOWN
31186,Kalyani Simanta - Sealdah Local,Kalyani Simanta,Sealdah,17:00,18:26,18:29,3,86,53,Main Line,Sealdah,DOWN
31188,Kalyani Simanta - Sealdah Local,Kalyani Simanta,Sealdah,17:22,18:51,19:07,16,89,53,Main Line,Sealdah,DOWN
31190,Kalyani Simanta - Sealdah Local,Kalyani Simanta,Sealdah,17:43,19:09,19:28,19,86,53,Main Line,Sealdah,DOWN
31192,Kalyani Simanta - Sealdah Local,Kalyani Simanta,Sealdah,18:05,19:34,19:50,16,89,53,Main Line,Sealdah,DOWN
31194,Kalyani Simanta - Sealdah Local,Kalyani Simanta,Sealdah,18:26,19:52,20:05,13,86,53,Main Line,Sealdah,DOWN
31196,Kalyani Simanta - Sealdah Local,Kalyani Simanta,Sealdah,18:46,20:11,20:25,14,85,53,Main Line,Sealdah,DOWN
31198,Kalyani Simanta - Sealdah Local,Kalyani Simanta,Sealdah,19:07,20:32,20:44,12,85,53,Main Line,Sealdah,DOWN
31200,Kalyani Simanta - Sealdah Local,Kalyani Simanta,Sealdah,19:27,20:49,20:55,6,82,53,Main Line,Sealdah,DOWN
31202,Kalyani Simanta - Sealdah Local,Kalyani Simanta,Sealdah,19:46,21:12,21:14,2,86,53,Main Line,Sealdah,DOWN
31204,Kalyani Simanta - Sealdah Local,Kalyani Simanta,Sealdah,20:05,21:34,21:38,4,89,53,Main Line,Sealdah,DOWN
31206,Kalyani Simanta - Sealdah Local,Kalyani Simanta,Sealdah,20:23,21:47,21:55,8,84,53,Main Line,Sealdah,DOWN
31208,Kalyani Simanta - Sealdah Local,Kalyani Simanta,Sealdah,20:42,22:10,22:23,13,88,53,Main Line,Sealdah,DOWN
31210,Kalyani Simanta - Sealdah Local,Kalyani Simanta,Sealdah,21:01,22:30,22:46,16,89,53,Main Line,Sealdah,DOWN
31212,Kalyani Simanta - Sealdah Local,Kalyani Simanta,Sealdah,21:21,22:46,22:52,6,85,53,Main Line,Sealdah,DOWN
31214,Kalyani Simanta - Sealdah Local,Kalyani Simanta,Sealdah,21:43,23:07,23:23,16,84,53,Main Line,Sealdah,DOWN
31216,Kalyani Simanta - Sealdah Local,Kalyani Simanta,Sealdah,22:01,23:25,23:34,9,84,53,Main Line,Sealdah,DOWN
31218,Kalyani Simanta - Sealdah Local,Kalyani Simanta,Sealdah,22:21,23:44,23:55,11,83,53,Main Line,Sealdah,DOWN
31220,Kalyani Simanta - Sealdah Local,Kalyani Simanta,Sealdah,22:41,00:02,00:19,17,81,53,Main Line,Sealdah,DOWN
31222,Kalyani Simanta - Sealdah Local,Kalyani Simanta,Sealdah,23:01,00:24,00:33,9,83,53,Main Line,Sealdah,DOWN
31224,Kalyani Simanta - Sealdah Local,Kalyani Simanta,Sealdah,23:23,00:44,00:46,2,81,53,Main Line,Sealdah,DOWN
31226,Kalyani Simanta - Sealdah Local,Kalyani Simanta,Sealdah,23:43,01:12,01:25,13,89,53,Main Line,Sealdah,DOWN
31102,Krishnanagar - Sealdah Local,Krishnanagar,Sealdah,03:00,05:23,05:29,6,143,100,Main Line,Sealdah,DOWN
31104,Krishnanagar - Sealdah Local,Krishnanagar,Sealdah,03:25,05:46,05:50,4,141,100,Main Line,Sealdah,DOWN
31106,Krishnanagar - Sealdah Local,Krishnanagar,Sealdah,03:48,06:09,06:11,2,141,100,Main Line,Sealdah,DOWN
31108,Krishnanagar - Sealdah Local,Krishnanagar,Sealdah,04:12,06:36,06:41,5,144,100,Main Line,Sealdah,DOWN
31110,Krishnanagar - Sealdah Local,Krishnanagar,Sealdah,04:37,07:03,07:12,9,146,100,Main Line,Sealdah,DOWN
31112,Krishnanagar - Sealdah Local,Krishnanagar,Sealdah,05:04,07:27,07:31,4,143,100,Main Line,Sealdah,DOWN
31114,Krishnanagar - Sealdah Local,Krishnanagar,Sealdah,05:27,07:48,07:59,11,141,100,Main Line,Sealdah,DOWN
31116,Krishnanagar - Sealdah Local,Krishnanagar,Sealdah,05:52,08:19,08:22,3,147,100,Main Line,Sealdah,DOWN
31118,Krishnanagar - Sealdah Local,Krishnanagar,Sealdah,06:16,08:38,08:50,12,142,100,Main Line,Sealdah,DOWN
31120,Krishnanagar - Sealdah Local,Krishnanagar,Sealdah,06:43,09:11,09:22,11,148,100,Main Line,Sealdah,DOWN
31122,Krishnanagar - Sealdah Local,Krishnanagar,Sealdah,07:06,09:32,09:47,15,146,100,Main Line,Sealdah,DOWN
31124,Krishnanagar - Sealdah Local,Krishnanagar,Sealdah,07:32,09:54,10:02,8,142,100,Main Line,Sealdah,DOWN
31126,Krishnanagar - Sealdah Local,Krishnanagar,Sealdah,07:59,10:28,10:31,3,149,100,Main Line,Sealdah,DOWN
31128,Krishnanagar - Sealdah Local,Krishnanagar,Sealdah,08:25,10:46,10:56,10,141,100,Main Line,Sealdah,DOWN
31130,Krishnanagar - Sealdah Local,Krishnanagar,Sealdah,08:49,11:14,11:31,17,145,100,Main Line,Sealdah,DOWN
31132,Krishnanagar - Sealdah Local,Krishnanagar,Sealdah,09:16,11:37,11:51,14,141,100,Main Line,Sealdah,DOWN
31134,Krishnanagar - Sealdah Local,Krishnanagar,Sealdah,09:42,12:10,12:20,10,148,100,Main Line,Sealdah,DOWN
31136,Krishnanagar - Sealdah Local,Krishnanagar,Sealdah,10:05,12:32,12:37,5,147,100,Main Line,Sealdah,DOWN
31138,Krishnanagar - Sealdah Local,Krishnanagar,Sealdah,10:31,12:59,13:10,11,148,100,Main Line,Sealdah,DOWN
31140,Krishnanagar - Sealdah Local,Krishnanagar,Sealdah,10:54,13:16,13:29,13,142,100,Main Line,Sealdah,DOWN
31142,Krishnanagar - Sealdah Local,Krishnanagar,Sealdah,11:20,13:46,14:04,18,146,100,Main Line,Sealdah,DOWN
31144,Krishnanagar - Sealdah Local,Krishnanagar,Sealdah,11:43,14:06,14:21,15,143,100,Main Line,Sealdah,DOWN
31146,Krishnanagar - Sealdah Local,Krishnanagar,Sealdah,12:10,14:33,14:48,15,143,100,Main Line,Sealdah,DOWN
31148,Krishnanagar - Sealdah Local,Krishnanagar,Sealdah,12:33,15:02,15:05,3,149,100,Main Line,Sealdah,DOWN
31150,Krishnanagar - Sealdah Local,Krishnanagar,Sealdah,12:58,15:25,15:37,12,147,100,Main Line,Sealdah,DOWN
31152,Krishnanagar - Sealdah Local,Krishnanagar,Sealdah,13:23,15:52,16:09,17,149,100,Main Line,Sealdah,DOWN
31154,Krishnanagar - Sealdah Local,Krishnanagar,Sealdah,13:50,16:18,16:25,7,148,100,Main Line,Sealdah,DOWN
31156,Krishnanagar - Sealdah Local,Krishnanagar,Sealdah,14:15,16:42,16:48,6,147,100,Main Line,Sealdah,DOWN
31158,Krishnanagar - Sealdah Local,Krishnanagar,Sealdah,14:42,17:04,17:09,5,142,100,Main Line,Sealdah,DOWN
31160,Krishnanagar - Sealdah Local,Krishnanagar,Sealdah,15:05,17:29,17:45,16,144,100,Main Line,Sealdah,DOWN
31162,Krishnanagar - Sealdah Local,Krishnanagar,Sealdah,15:32,18:00,18:05,5,148,100,Main Line,Sealdah,DOWN
31164,Krishnanagar - Sealdah Local,Krishnanagar,Sealdah,15:58,18:25,18:36,11,147,100,Main Line,Sealdah,DOWN
31166,Krishnanagar - Sealdah Local,Krishnanagar,Sealdah,16:22,18:50,18:54,4,148,100,Main Line,Sealdah,DOWN
31168,Krishnanagar - Sealdah Local,Krishnanagar,Sealdah,16:47,19:14,19:20,6,147,100,Main Line,Sealdah,DOWN
31170,Krishnanagar - Sealdah Local,Krishnanagar,Sealdah,17:13,19:39,19:46,7,146,100,Main Line,Sealdah,DOWN
31172,Krishnanagar - Sealdah Local,Krishnanagar,Sealdah,17:36,20:02,20:11,9,146,100,Main Line,Sealdah,DOWN
31174,Krishnanagar - Sealdah Local,Krishnanagar,Sealdah,18:02,20:28,20:36,8,146,100,Main Line,Sealdah,DOWN
31176,Krishnanagar - Sealdah Local,Krishnanagar,Sealdah,18:27,20:55,21:06,11,148,100,Main Line,Sealdah,DOWN
31178,Krishnanagar - Sealdah Local,Krishnanagar,Sealdah,18:51,21:13,21:20,7,142,100,Main Line,Sealdah,DOWN
31180,Krishnanagar - Sealdah Local,Krishnanagar,Sealdah,19:14,21:36,21:51,15,142,100,Main Line,Sealdah,DOWN
31182,Krishnanagar - Sealdah Local,Krishnanagar,Sealdah,19:37,21:59,22:04,5,142,100,Main Line,Sealdah,DOWN
31184,Krishnanagar - Sealdah Local,Krishnanagar,Sealdah,20:03,22:26,22:40,14,143,100,Main Line,Sealdah,DOWN
31186,Krishnanagar - Sealdah Local,Krishnanagar,Sealdah,20:28,22:49,23:07,18,141,100,Main Line,Sealdah,DOWN
31188,Krishnanagar - Sealdah Local,Krishnanagar,Sealdah,20:55,23:24,23:32,8,149,100,Main Line,Sealdah,DOWN
31190,Krishnanagar - Sealdah Local,Krishnanagar,Sealdah,21:22,23:48,23:53,5,146,100,Main Line,Sealdah,DOWN
31192,Krishnanagar - Sealdah Local,Krishnanagar,Sealdah,21:49,00:16,00:31,15,147,100,Main Line,Sealdah,DOWN
31194,Krishnanagar - Sealdah Local,Krishnanagar,Sealdah,22:12,00:39,00:43,4,147,100,Main Line,Sealdah,DOWN
31196,Krishnanagar - Sealdah Local,Krishnanagar,Sealdah,22:37,01:02,01:08,6,145,100,Main Line,Sealdah,DOWN
31198,Krishnanagar - Sealdah Local,Krishnanagar,Sealdah,23:00,01:25,01:42,17,145,100,Main Line,Sealdah,DOWN
31200,Krishnanagar - Sealdah Local,Krishnanagar,Sealdah,23:27,01:49,01:54,5,142,100,Main Line,Sealdah,DOWN
31202,Krishnanagar - Sealdah Local,Krishnanagar,Sealdah,23:52,02:21,02:24,3,149,100,Main Line,Sealdah,DOWN
31102,Lakshmikantapur - Sealdah Local,Lakshmikantapur,Sealdah,03:00,04:38,04:57,19,98,62,South Line,Sealdah,DOWN
31104,Lakshmikantapur - Sealdah Local,Lakshmikantapur,Sealdah,03:27,05:03,05:21,18,96,62,South Line,Sealdah,DOWN
31106,Lakshmikantapur - Sealdah Local,Lakshmikantapur,Sealdah,03:51,05:30,05:45,15,99,62,South Line,Sealdah,DOWN
31108,Lakshmikantapur - Sealdah Local,Lakshmikantapur,Sealdah,04:18,05:53,06:07,14,95,62,South Line,Sealdah,DOWN
31110,Lakshmikantapur - Sealdah Local,Lakshmikantapur,Sealdah,04:44,06:20,06:33,13,96,62,South Line,Sealdah,DOWN
31112,Lakshmikantapur - Sealdah Local,Lakshmikantapur,Sealdah,05:09,06:42,06:49,7,93,62,South Line,Sealdah,DOWN
31114,Lakshmikantapur - Sealdah Local,Lakshmikantapur,Sealdah,05:35,07:09,07:14,5,94,62,South Line,Sealdah,DOWN
31116,Lakshmikantapur - Sealdah Local,Lakshmikantapur,Sealdah,05:58,07:31,07:48,17,93,62,South Line,Sealdah,DOWN
31118,Lakshmikantapur - Sealdah Local,Lakshmikantapur,Sealdah,06:24,07:58,08:12,14,94,62,South Line,Sealdah,DOWN
31120,Lakshmikantapur - Sealdah Local,Lakshmikantapur,Sealdah,06:47,08:24,08:29,5,97,62,South Line,Sealdah,DOWN
31122,Lakshmikantapur - Sealdah Local,Lakshmikantapur,Sealdah,07:14,08:53,09:11,18,99,62,South Line,Sealdah,DOWN
31124,Lakshmikantapur - Sealdah Local,Lakshmikantapur,Sealdah,07:39,09:10,09:12,2,91,62,South Line,Sealdah,DOWN
31126,Lakshmikantapur - Sealdah Local,Lakshmikantapur,Sealdah,08:06,09:43,10:02,19,97,62,South Line,Sealdah,DOWN
31128,Lakshmikantapur - Sealdah Local,Lakshmikantapur,Sealdah,08:30,10:02,10:20,18,92,62,South Line,Sealdah,DOWN
31130,Lakshmikantapur - Sealdah Local,Lakshmikantapur,Sealdah,08:53,10:31,10:47,16,98,62,South Line,Sealdah,DOWN
31132,Lakshmikantapur - Sealdah Local,Lakshmikantapur,Sealdah,09:17,10:54,11:06,12,97,62,South Line,Sealdah,DOWN
31134,Lakshmikantapur - Sealdah Local,Lakshmikantapur,Sealdah,09:44,11:16,11:30,14,92,62,South Line,Sealdah,DOWN
31136,Lakshmikantapur - Sealdah Local,Lakshmikantapur,Sealdah,10:07,11:41,11:43,2,94,62,South Line,Sealdah,DOWN
31138,Lakshmikantapur - Sealdah Local,Lakshmikantapur,Sealdah,10:32,12:04,12:22,18,92,62,South Line,Sealdah,DOWN
31140,Lakshmikantapur - Sealdah Local,Lakshmikantapur,Sealdah,10:57,12:28,12:35,7,91,62,South Line,Sealdah,DOWN
31142,Lakshmikantapur - Sealdah Local,Lakshmikantapur,Sealdah,11:24,13:01,13:06,5,97,62,South Line,Sealdah,DOWN
31144,Lakshmikantapur - Sealdah Local,Lakshmikantapur,Sealdah,11:50,13:29,13:46,17,99,62,South Line,Sealdah,DOWN
31146,Lakshmikantapur - Sealdah Local,Lakshmikantapur,Sealdah,12:17,13:48,14:04,16,91,62,South Line,Sealdah,DOWN
31148,Lakshmikantapur - Sealdah Local,Lakshmikantapur,Sealdah,12:42,14:20,14:36,16,98,62,South Line,Sealdah,DOWN
31150,Lakshmikantapur - Sealdah Local,Lakshmikantapur,Sealdah,13:06,14:37,14:44,7,91,62,South Line,Sealdah,DOWN
31152,Lakshmikantapur - Sealdah Local,Lakshmikantapur,Sealdah,13:32,15:11,15:27,16,99,62,South Line,Sealdah,DOWN
31154,Lakshmikantapur - Sealdah Local,Lakshmikantapur,Sealdah,13:56,15:30,15:45,15,94,62,South Line,Sealdah,DOWN
31156,Lakshmikantapur - Sealdah Local,Lakshmikantapur,Sealdah,14:21,16:00,16:12,12,99,62,South Line,Sealdah,DOWN
31158,Lakshmikantapur - Sealdah Local,Lakshmikantapur,Sealdah,14:44,16:18,16:26,8,94,62,South Line,Sealdah,DOWN
31160,Lakshmikantapur - Sealdah Local,Lakshmikantapur,Sealdah,15:11,16:44,16:54,10,93,62,South Line,Sealdah,DOWN
31162,Lakshmikantapur - Sealdah Local,Lakshmikantapur,Sealdah,15:38,17:14,17:31,17,96,62,South Line,Sealdah,DOWN
31164,Lakshmikantapur - Sealdah Local,Lakshmikantapur,Sealdah,16:01,17:32,17:38,6,91,62,South Line,Sealdah,DOWN
31166,Lakshmikantapur - Sealdah Local,Lakshmikantapur,Sealdah,16:25,17:57,18:08,11,92,62,South Line,Sealdah,DOWN
31168,Lakshmikantapur - Sealdah Local,Lakshmikantapur,Sealdah,16:49,18:26,18:45,19,97,62,South Line,Sealdah,DOWN
31170,Lakshmikantapur - Sealdah Local,Lakshmikantapur,Sealdah,17:14,18:51,18:55,4,97,62,South Line,Sealdah,DOWN
31172,Lakshmikantapur - Sealdah Local,Lakshmikantapur,Sealdah,17:39,19:13,19:27,14,94,62,South Line,Sealdah,DOWN
31174,Lakshmikantapur - Sealdah Local,Lakshmikantapur,Sealdah,18:05,19:36,19:48,12,91,62,South Line,Sealdah,DOWN
31176,Lakshmikantapur - Sealdah Local,Lakshmikantapur,Sealdah,18:32,20:04,20:22,18,92,62,South Line,Sealdah,DOWN
31178,Lakshmikantapur - Sealdah Local,Lakshmikantapur,Sealdah,18:55,20:30,20:44,14,95,62,South Line,Sealdah,DOWN
31180,Lakshmikantapur - Sealdah Local,Lakshmikantapur,Sealdah,19:22,20:58,21:05,7,96,62,South Line,Sealdah,DOWN
31182,Lakshmikantapur - Sealdah Local,Lakshmikantapur,Sealdah,19:49,21:24,21:42,18,95,62,South Line,Sealdah,DOWN
31184,Lakshmikantapur - Sealdah Local,Lakshmikantapur,Sealdah,20:14,21:48,22:02,14,94,62,South Line,Sealdah,DOWN
31186,Lakshmikantapur - Sealdah Local,Lakshmikantapur,Sealdah,20:38,22:15,22:26,11,97,62,South Line,Sealdah,DOWN
31188,Lakshmikantapur - Sealdah Local,Lakshmikantapur,Sealdah,21:04,22:35,22:39,4,91,62,South Line,Sealdah,DOWN
31190,Lakshmikantapur - Sealdah Local,Lakshmikantapur,Sealdah,21:31,23:04,23:19,15,93,62,South Line,Sealdah,DOWN
31192,Lakshmikantapur - Sealdah Local,Lakshmikantapur,Sealdah,21:56,23:35,23:41,6,99,62,South Line,Sealdah,DOWN
31194,Lakshmikantapur - Sealdah Local,Lakshmikantapur,Sealdah,22:22,00:01,00:07,6,99,62,South Line,Sealdah,DOWN
31196,Lakshmikantapur - Sealdah Local,Lakshmikantapur,Sealdah,22:45,00:24,00:42,18,99,62,South Line,Sealdah,DOWN
31198,Lakshmikantapur - Sealdah Local,Lakshmikantapur,Sealdah,23:08,00:44,00:55,11,96,62,South Line,Sealdah,DOWN
31200,Lakshmikantapur - Sealdah Local,Lakshmikantapur,Sealdah,23:33,01:12,01:18,6,99,62,South Line,Sealdah,DOWN
31102,Majerhat - Sealdah Local,Majerhat,Sealdah,03:00,03:38,03:43,5,38,15,Circular Railway,Sealdah,DOWN
31104,Majerhat - Sealdah Local,Majerhat,Sealdah,03:31,04:08,04:15,7,37,15,Circular Railway,Sealdah,DOWN
31106,Majerhat - Sealdah Local,Majerhat,Sealdah,04:02,04:45,04:50,5,43,15,Circular Railway,Sealdah,DOWN
31108,Majerhat - Sealdah Local,Majerhat,Sealdah,04:34,05:10,05:18,8,36,15,Circular Railway,Sealdah,DOWN
31110,Majerhat - Sealdah Local,Majerhat,Sealdah,05:04,05:43,05:51,8,39,15,Circular Railway,Sealdah,DOWN
31112,Majerhat - Sealdah Local,Majerhat,Sealdah,05:32,06:09,06:28,19,37,15,Circular Railway,Sealdah,DOWN
31114,Majerhat - Sealdah Local,Majerhat,Sealdah,06:03,06:44,06:48,4,41,15,Circular Railway,Sealdah,DOWN
31116,Majerhat - Sealdah Local,Majerhat,Sealdah,06:33,07:13,07:15,2,40,15,Circular Railway,Sealdah,DOWN
31118,Majerhat - Sealdah Local,Majerhat,Sealdah,07:05,07:49,07:54,5,44,15,Circular Railway,Sealdah,DOWN
31120,Majerhat - Sealdah Local,Majerhat,Sealdah,07:34,08:13,08:20,7,39,15,Circular Railway,Sealdah,DOWN
31122,Majerhat - Sealdah Local,Majerhat,Sealdah,08:04,08:47,08:57,10,43,15,Circular Railway,Sealdah,DOWN
31124,Majerhat - Sealdah Local,Majerhat,Sealdah,08:34,09:15,09:30,15,41,15,Circular Railway,Sealdah,DOWN
31126,Majerhat - Sealdah Local,Majerhat,Sealdah,09:06,09:44,09:57,13,38,15,Circular Railway,Sealdah,DOWN
31128,Majerhat - Sealdah Local,Majerhat,Sealdah,09:36,10:18,10:23,5,42,15,Circular Railway,Sealdah,DOWN
31130,Majerhat - Sealdah Local,Majerhat,Sealdah,10:07,10:49,11:02,13,42,15,Circular Railway,Sealdah,DOWN
31132,Majerhat - Sealdah Local,Majerhat,Sealdah,10:36,11:17,11:28,11,41,15,Circular Railway,Sealdah,DOWN
31134,Majerhat - Sealdah Local,Majerhat,Sealdah,11:06,11:46,11:54,8,40,15,Circular Railway,Sealdah,DOWN
31136,Majerhat - Sealdah Local,Majerhat,Sealdah,11:37,12:15,12:19,4,38,15,Circular Railway,Sealdah,DOWN
31138,Majerhat - Sealdah Local,Majerhat,Sealdah,12:08,12:46,13:01,15,38,15,Circular Railway,Sealdah,DOWN
31140,Majerhat - Sealdah Local,Majerhat,Sealdah,12:40,13:19,13:30,11,39,15,Circular Railway,Sealdah,DOWN
31142,Majerhat - Sealdah Local,Majerhat,Sealdah,13:12,13:52,14:09,17,40,15,Circular Railway,Sealdah,DOWN
31144,Majerhat - Sealdah Local,Majerhat,Sealdah,13:40,14:24,14:41,17,44,15,Circular Railway,Sealdah,DOWN
31146,Majerhat - Sealdah Local,Majerhat,Sealdah,14:09,14:51,15:02,11,42,15,Circular Railway,Sealdah,DOWN
31148,Majerhat - Sealdah Local,Majerhat,Sealdah,14:40,15:18,15:32,14,38,15,Circular Railway,Sealdah,DOWN
31150,Majerhat - Sealdah Local,Majerhat,Sealdah,15:09,15:52,15:59,7,43,15,Circular Railway,Sealdah,DOWN
31152,Majerhat - Sealdah Local,Majerhat,Sealdah,15:38,16:16,16:29,13,38,15,Circular Railway,Sealdah,DOWN
31154,Majerhat - Sealdah Local,Majerhat,Sealdah,16:06,16:49,16:59,10,43,15,Circular Railway,Sealdah,DOWN
31156,Majerhat - Sealdah Local,Majerhat,Sealdah,16:37,17:21,17:35,14,44,15,Circular Railway,Sealdah,DOWN
31158,Majerhat - Sealdah Local,Majerhat,Sealdah,17:06,17:47,17:52,5,41,15,Circular Railway,Sealdah,DOWN
31160,Majerhat - Sealdah Local,Majerhat,Sealdah,17:38,18:18,18:30,12,40,15,Circular Railway,Sealdah,DOWN
31162,Majerhat - Sealdah Local,Majerhat,Sealdah,18:09,18:53,19:12,19,44,15,Circular Railway,Sealdah,DOWN
31164,Majerhat - Sealdah Local,Majerhat,Sealdah,18:39,19:15,19:27,12,36,15,Circular Railway,Sealdah,DOWN
31166,Majerhat - Sealdah Local,Majerhat,Sealdah,19:11,19:48,19:53,5,37,15,Circular Railway,Sealdah,DOWN
31168,Majerhat - Sealdah Local,Majerhat,Sealdah,19:42,20:18,20:37,19,36,15,Circular Railway,Sealdah,DOWN
31170,Majerhat - Sealdah Local,Majerhat,Sealdah,20:11,20:51,20:53,2,40,15,Circular Railway,Sealdah,DOWN
31172,Majerhat - Sealdah Local,Majerhat,Sealdah,20:40,21:17,21:25,8,37,15,Circular Railway,Sealdah,DOWN
31174,Majerhat - Sealdah Local,Majerhat,Sealdah,21:11,21:52,21:59,7,41,15,Circular Railway,Sealdah,DOWN
31176,Majerhat - Sealdah Local,Majerhat,Sealdah,21:42,22:23,22:39,16,41,15,Circular Railway,Sealdah,DOWN
31178,Majerhat - Sealdah Local,Majerhat,Sealdah,22:12,22:56,23:15,19,44,15,Circular Railway,Sealdah,DOWN
31180,Majerhat - Sealdah Local,Majerhat,Sealdah,22:42,23:22,23:34,12,40,15,Circular Railway,Sealdah,DOWN
31182,Majerhat - Sealdah Local,Majerhat,Sealdah,23:14,23:50,00:06,16,36,15,Circular Railway,Sealdah,DOWN
31184,Majerhat - Sealdah Local,Majerhat,Sealdah,23:44,00:21,00:38,17,37,15,Circular Railway,Sealdah,DOWN
31102,Naihati - Sealdah Local,Naihati,Sealdah,03:00,04:07,04:15,8,67,38,Main Line,Sealdah,DOWN
31104,Naihati - Sealdah Local,Naihati,Sealdah,03:10,04:18,04:29,11,68,38,Main Line,Sealdah,DOWN
31106,Naihati - Sealdah Local,Naihati,Sealdah,03:22,04:26,04:39,13,64,38,Main Line,Sealdah,DOWN
31108,Naihati - Sealdah Local,Naihati,Sealdah,03:31,04:35,04:50,15,64,38,Main Line,Sealdah,DOWN
31110,Naihati - Sealdah Local,Naihati,Sealdah,03:41,04:50,04:56,6,69,38,Main Line,Sealdah,DOWN
31112,Naihati - Sealdah Local,Naihati,Sealdah,03:49,04:55,05:14,19,66,38,Main Line,Sealdah,DOWN
31114,Naihati - Sealdah Local,Naihati,Sealdah,03:57,04:58,05:04,6,61,38,Main Line,Sealdah,DOWN
31116,Naihati - Sealdah Local,Naihati,Sealdah,04:05,05:13,05:17,4,68,38,Main Line,Sealdah,DOWN
31118,Naihati - Sealdah Local,Naihati,Sealdah,04:17,05:26,05:32,6,69,38,Main Line,Sealdah,DOWN
31120,Naihati - Sealdah Local,Naihati,Sealdah,04:29,05:30,05:48,18,61,38,Main Line,Sealdah,DOWN
31122,Naihati - Sealdah Local,Naihati,Sealdah,04:38,05:40,05:53,13,62,38,Main Line,Sealdah,DOWN
31124,Naihati - Sealdah Local,Naihati,Sealdah,04:50,05:52,06:02,10,62,38,Main Line,Sealdah,DOWN
31126,Naihati - Sealdah Local,Naihati,Sealdah,04:59,06:01,06:03,2,62,38,Main Line,Sealdah,DOWN
31128,Naihati - Sealdah Local,Naihati,Sealdah,05:11,06:18,06:37,19,67,38,Main Line,Sealdah,DOWN
31130,Naihati - Sealdah Local,Naihati,Sealdah,05:20,06:24,06:29,5,64,38,Main Line,Sealdah,DOWN
31132,Naihati - Sealdah Local,Naihati,Sealdah,05:28,06:29,06:40,11,61,38,Main Line,Sealdah,DOWN
31134,Naihati - Sealdah Local,Naihati,Sealdah,05:40,06:42,06:50,8,62,38,Main Line,Sealdah,DOWN
31136,Naihati - Sealdah Local,Naihati,Sealdah,05:52,07:01,07:03,2,69,38,Main Line,Sealdah,DOWN
31138,Naihati - Sealdah Local,Naihati,Sealdah,06:03,07:08,07:26,18,65,38,Main Line,Sealdah,DOWN
31140,Naihati - Sealdah Local,Naihati,Sealdah,06:13,07:19,07:22,3,66,38,Main Line,Sealdah,DOWN
31142,Naihati - Sealdah Local,Naihati,Sealdah,06:22,07:27,07:39,12,65,38,Main Line,Sealdah,DOWN
31144,Naihati - Sealdah Local,Naihati,Sealdah,06:31,07:34,07:44,10,63,38,Main Line,Sealdah,DOWN
31146,Naihati - Sealdah Local,Naihati,Sealdah,06:42,07:50,07:58,8,68,38,Main Line,Sealdah,DOWN
31148,Naihati - Sealdah Local,Naihati,Sealdah,06:52,07:54,08:12,18,62,38,Main Line,Sealdah,DOWN
31150,Naihati - Sealdah Local,Naihati,Sealdah,07:02,08:10,08:28,18,68,38,Main Line,Sealdah,DOWN
31152,Naihati - Sealdah Local,Naihati,Sealdah,07:10,08:12,08:15,3,62,38,Main Line,Sealdah,DOWN
31154,Naihati - Sealdah Local,Naihati,Sealdah,07:22,08:31,08:38,7,69,38,Main Line,Sealdah,DOWN
31156,Naihati - Sealdah Local,Naihati,Sealdah,07:30,08:39,08:54,15,69,38,Main Line,Sealdah,DOWN
31158,Naihati - Sealdah Local,Naihati,Sealdah,07:39,08:42,08:49,7,63,38,Main Line,Sealdah,DOWN
31160,Naihati - Sealdah Local,Naihati,Sealdah,07:49,08:51,08:54,3,62,38,Main Line,Sealdah,DOWN
31162,Naihati - Sealdah Local,Naihati,Sealdah,07:59,09:05,09:07,2,66,38,Main Line,Sealdah,DOWN
31164,Naihati - Sealdah Local,Naihati,Sealdah,08:08,09:11,09:22,11,63,38,Main Line,Sealdah,DOWN
31166,Naihati - Sealdah Local,Naihati,Sealdah,08:18,09:27,09:33,6,69,38,Main Line,Sealdah,DOWN
31168,Naihati - Sealdah Local,Naihati,Sealdah,08:29,09:38,09:41,3,69,38,Main Line,Sealdah,DOWN
31170,Naihati - Sealdah Local,Naihati,Sealdah,08:39,09:48,10:05,17,69,38,Main Line,Sealdah,DOWN
31172,Naihati - Sealdah Local,Naihati,Sealdah,08:47,09:49,09:52,3,62,38,Main Line,Sealdah,DOWN
31174,Naihati - Sealdah Local,Naihati,Sealdah,08:57,10:02,10:13,11,65,38,Main Line,Sealdah,DOWN
31176,Naihati - Sealdah Local,Naihati,Sealdah,09:06,10:08,10:11,3,62,38,Main Line,Sealdah,DOWN
31178,Naihati - Sealdah Local,Naihati,Sealdah,09:14,10:17,10:34,17,63,38,Main Line,Sealdah,DOWN
31180,Naihati - Sealdah Local,Naihati,Sealdah,09:26,10:31,10:48,17,65,38,Main Line,Sealdah,DOWN
31182,Naihati - Sealdah Local,Naihati,Sealdah,09:36,10:40,10:48,8,64,38,Main Line,Sealdah,DOWN
31184,Naihati - Sealdah Local,Naihati,Sealdah,09:48,10:52,11:05,13,64,38,Main Line,Sealdah,DOWN
31186,Naihati - Sealdah Local,Naihati,Sealdah,09:58,11:07,11:23,16,69,38,Main Line,Sealdah,DOWN
31188,Naihati - Sealdah Local,Naihati,Sealdah,10:08,11:13,11:22,9,65,38,Main Line,Sealdah,DOWN
31190,Naihati - Sealdah Local,Naihati,Sealdah,10:19,11:21,11:28,7,62,38,Main Line,Sealdah,DOWN
31192,Naihati - Sealdah Local,Naihati,Sealdah,10:27,11:32,11:43,11,65,38,Main Line,Sealdah,DOWN
31194,Naihati - Sealdah Local,Naihati,Sealdah,10:38,11:39,11:43,4,61,38,Main Line,Sealdah,DOWN
31196,Naihati - Sealdah Local,Naihati,Sealdah,10:46,11:49,12:07,18,63,38,Main Line,Sealdah,DOWN
31198,Naihati - Sealdah Local,Naihati,Sealdah,10:56,11:59,12:07,8,63,38,Main Line,Sealdah,DOWN
31200,Naihati - Sealdah Local,Naihati,Sealdah,11:06,12:15,12:20,5,69,38,Main Line,Sealdah,DOWN
31202,Naihati - Sealdah Local,Naihati,Sealdah,11:17,12:26,12:41,15,69,38,Main Line,Sealdah,DOWN
31204,Naihati - Sealdah Local,Naihati,Sealdah,11:28,12:30,12:46,16,62,38,Main Line,Sealdah,DOWN
31206,Naihati - Sealdah Local,Naihati,Sealdah,11:36,12:39,12:48,9,63,38,Main Line,Sealdah,DOWN
31208,Naihati - Sealdah Local,Naihati,Sealdah,11:44,12:45,13:01,16,61,38,Main Line,Sealdah,DOWN
31210,Naihati - Sealdah Local,Naihati,Sealdah,11:56,13:05,13:20,15,69,38,Main Line,Sealdah,DOWN
31212,Naihati - Sealdah Local,Naihati,Sealdah,12:06,13:13,13:23,10,67,38,Main Line,Sealdah,DOWN
31214,Naihati - Sealdah Local,Naihati,Sealdah,12:15,13:16,13:25,9,61,38,Main Line,Sealdah,DOWN
31216,Naihati - Sealdah Local,Naihati,Sealdah,12:24,13:30,13:48,18,66,38,Main Line,Sealdah,DOWN
31218,Naihati - Sealdah Local,Naihati,Sealdah,12:34,13:40,13:43,3,66,38,Main Line,Sealdah,DOWN
31220,Naihati - Sealdah Local,Naihati,Sealdah,12:42,13:46,13:50,4,64,38,Main Line,Sealdah,DOWN
31222,Naihati - Sealdah Local,Naihati,Sealdah,12:51,13:57,14:06,9,66,38,Main Line,Sealdah,DOWN
31224,Naihati - Sealdah Local,Naihati,Sealdah,12:59,14:06,14:19,13,67,38,Main Line,Sealdah,DOWN
31226,Naihati - Sealdah Local,Naihati,Sealdah,13:11,14:14,14:16,2,63,38,Main Line,Sealdah,DOWN
31228,Naihati - Sealdah Local,Naihati,Sealdah,13:23,14:26,14:37,11,63,38,Main Line,Sealdah,DOWN
31230,Naihati - Sealdah Local,Naihati,Sealdah,13:32,14:39,14:43,4,67,38,Main Line,Sealdah,DOWN
31232,Naihati - Sealdah Local,Naihati,Sealdah,13:41,14:44,14:51,7,63,38,Main Line,Sealdah,DOWN
31234,Naihati - Sealdah Local,Naihati,Sealdah,13:49,14:56,15:04,8,67,38,Main Line,Sealdah,DOWN
31236,Naihati - Sealdah Local,Naihati,Sealdah,13:59,15:04,15:23,19,65,38,Main Line,Sealdah,DOWN
31238,Naihati - Sealdah Local,Naihati,Sealdah,14:08,15:10,15:22,12,62,38,Main Line,Sealdah,DOWN
31240,Naihati - Sealdah Local,Naihati,Sealdah,14:17,15:18,15:24,6,61,38,Main Line,Sealdah,DOWN
31242,Naihati - Sealdah Local,Naihati,Sealdah,14:28,15:32,15:44,12,64,38,Main Line,Sealdah,DOWN
31244,Naihati - Sealdah Local,Naihati,Sealdah,14:39,15:47,16:00,13,68,38,Main Line,Sealdah,DOWN
31246,Naihati - Sealdah Local,Naihati,Sealdah,14:48,15:53,16:04,11,65,38,Main Line,Sealdah,DOWN
31248,Naihati - Sealdah Local,Naihati,Sealdah,14:58,16:02,16:11,9,64,38,Main Line,Sealdah,DOWN
31250,Naihati - Sealdah Local,Naihati,Sealdah,15:07,16:11,16:21,10,64,38,Main Line,Sealdah,DOWN
31252,Naihati - Sealdah Local,Naihati,Sealdah,15:15,16:21,16:26,5,66,38,Main Line,Sealdah,DOWN
31254,Naihati - Sealdah Local,Naihati,Sealdah,15:26,16:28,16:34,6,62,38,Main Line,Sealdah,DOWN
31256,Naihati - Sealdah Local,Naihati,Sealdah,15:36,16:42,16:51,9,66,38,Main Line,Sealdah,DOWN
31258,Naihati - Sealdah Local,Naihati,Sealdah,15:46,16:53,17:03,10,67,38,Main Line,Sealdah,DOWN
31260,Naihati - Sealdah Local,Naihati,Sealdah,15:58,17:04,17:20,16,66,38,Main Line,Sealdah,DOWN
31262,Naihati - Sealdah Local,Naihati,Sealdah,16:10,17:12,17:28,16,62,38,Main Line,Sealdah,DOWN
31264,Naihati - Sealdah Local,Naihati,Sealdah,16:18,17:21,17:38,17,63,38,Main Line,Sealdah,DOWN
31266,Naihati - Sealdah Local,Naihati,Sealdah,16:28,17:33,17:48,15,65,38,Main Line,Sealdah,DOWN
31268,Naihati - Sealdah Local,Naihati,Sealdah,16:40,17:42,17:51,9,62,38,Main Line,Sealdah,DOWN
31270,Naihati - Sealdah Local,Naihati,Sealdah,16:48,17:55,18:14,19,67,38,Main Line,Sealdah,DOWN
31272,Naihati - Sealdah Local,Naihati,Sealdah,17:00,18:06,18:17,11,66,38,Main Line,Sealdah,DOWN
31274,Naihati - Sealdah Local,Naihati,Sealdah,17:10,18:19,18:26,7,69,38,Main Line,Sealdah,DOWN
31276,Naihati - Sealdah Local,Naihati,Sealdah,17:21,18:28,18:41,13,67,38,Main Line,Sealdah,DOWN
31278,Naihati - Sealdah Local,Naihati,Sealdah,17:29,18:33,18:36,3,64,38,Main Line,Sealdah,DOWN
31280,Naihati - Sealdah Local,Naihati,Sealdah,17:41,18:42,18:50,8,61,38,Main Line,Sealdah,DOWN
31282,Naihati - Sealdah Local,Naihati,Sealdah,17:51,18:52,19:09,17,61,38,Main Line,Sealdah,DOWN
31284,Naihati - Sealdah Local,Naihati,Sealdah,18:02,19:11,19:15,4,69,38,Main Line,Sealdah,DOWN
31286,Naihati - Sealdah Local,Naihati,Sealdah,18:14,19:20,19:34,14,66,38,Main Line,Sealdah,DOWN
31288,Naihati - Sealdah Local,Naihati,Sealdah,18:23,19:25,19:29,4,62,38,Main Line,Sealdah,DOWN
31290,Naihati - Sealdah Local,Naihati,Sealdah,18:34,19:40,19:59,19,66,38,Main Line,Sealdah,DOWN
31292,Naihati - Sealdah Local,Naihati,Sealdah,18:44,19:49,20:01,12,65,38,Main Line,Sealdah,DOWN
31294,Naihati - Sealdah Local,Naihati,Sealdah,18:52,19:57,20:06,9,65,38,Main Line,Sealdah,DOWN
31296,Naihati - Sealdah Local,Naihati,Sealdah,19:04,20:10,20:17,7,66,38,Main Line,Sealdah,DOWN
31298,Naihati - Sealdah Local,Naihati,Sealdah,19:15,20:20,20:22,2,65,38,Main Line,Sealdah,DOWN
31300,Naihati - Sealdah Local,Naihati,Sealdah,19:26,20:29,20:31,2,63,38,Main Line,Sealdah,DOWN
31302,Naihati - Sealdah Local,Naihati,Sealdah,19:38,20:45,20:54,9,67,38,Main Line,Sealdah,DOWN
31304,Naihati - Sealdah Local,Naihati,Sealdah,19:47,20:50,20:56,6,63,38,Main Line,Sealdah,DOWN
31306,Naihati - Sealdah Local,Naihati,Sealdah,19:58,21:03,21:20,17,65,38,Main Line,Sealdah,DOWN
31308,Naihati - Sealdah Local,Naihati,Sealdah,20:10,21:19,21:31,12,69,38,Main Line,Sealdah,DOWN
31310,Naihati - Sealdah Local,Naihati,Sealdah,20:21,21:26,21:32,6,65,38,Main Line,Sealdah,DOWN
31312,Naihati - Sealdah Local,Naihati,Sealdah,20:29,21:33,21:38,5,64,38,Main Line,Sealdah,DOWN
31314,Naihati - Sealdah Local,Naihati,Sealdah,20:39,21:45,21:52,7,66,38,Main Line,Sealdah,DOWN
31316,Naihati - Sealdah Local,Naihati,Sealdah,20:50,21:58,22:13,15,68,38,Main Line,Sealdah,DOWN
31318,Naihati - Sealdah Local,Naihati,Sealdah,21:01,22:05,22:15,10,64,38,Main Line,Sealdah,DOWN
31320,Naihati - Sealdah Local,Naihati,Sealdah,21:12,22:20,22:33,13,68,38,Main Line,Sealdah,DOWN
31322,Naihati - Sealdah Local,Naihati,Sealdah,21:24,22:26,22:38,12,62,38,Main Line,Sealdah,DOWN
31324,Naihati - Sealdah Local,Naihati,Sealdah,21:33,22:42,22:57,15,69,38,Main Line,Sealdah,DOWN
31326,Naihati - Sealdah Local,Naihati,Sealdah,21:43,22:49,23:06,17,66,38,Main Line,Sealdah,DOWN
31328,Naihati - Sealdah Local,Naihati,Sealdah,21:55,22:59,23:01,2,64,38,Main Line,Sealdah,DOWN
31330,Naihati - Sealdah Local,Naihati,Sealdah,22:03,23:07,23:21,14,64,38,Main Line,Sealdah,DOWN
31332,Naihati - Sealdah Local,Naihati,Sealdah,22:13,23:16,23:30,14,63,38,Main Line,Sealdah,DOWN
31334,Naihati - Sealdah Local,Naihati,Sealdah,22:22,23:23,23:26,3,61,38,Main Line,Sealdah,DOWN
31336,Naihati - Sealdah Local,Naihati,Sealdah,22:30,23:38,23:43,5,68,38,Main Line,Sealdah,DOWN
31338,Naihati - Sealdah Local,Naihati,Sealdah,22:39,23:41,23:48,7,62,38,Main Line,Sealdah,DOWN
31340,Naihati - Sealdah Local,Naihati,Sealdah,22:51,23:58,00:04,6,67,38,Main Line,Sealdah,DOWN
31342,Naihati - Sealdah Local,Naihati,Sealdah,23:02,00:06,00:10,4,64,38,Main Line,Sealdah,DOWN
31344,Naihati - Sealdah Local,Naihati,Sealdah,23:14,00:22,00:24,2,68,38,Main Line,Sealdah,DOWN
31346,Naihati - Sealdah Local,Naihati,Sealdah,23:25,00:29,00:34,5,64,38,Main Line,Sealdah,DOWN
31348,Naihati - Sealdah Local,Naihati,Sealdah,23:36,00:37,00:40,3,61,38,Main Line,Sealdah,DOWN
31350,Naihati - Sealdah Local,Naihati,Sealdah,23:45,00:52,00:58,6,67,38,Main Line,Sealdah,DOWN
31352,Naihati - Sealdah Local,Naihati,Sealdah,23:53,00:56,01:00,4,63,38,Main Line,Sealdah,DOWN
31102,Namkhana - Sealdah Local,Namkhana,Sealdah,03:00,05:42,05:52,10,162,109,South Line,Sealdah,DOWN
31104,Namkhana - Sealdah Local,Namkhana,Sealdah,03:47,06:25,06:32,7,158,109,South Line,Sealdah,DOWN
31106,Namkhana - Sealdah Local,Namkhana,Sealdah,04:30,07:13,07:32,19,163,109,South Line,Sealdah,DOWN
31108,Namkhana - Sealdah Local,Namkhana,Sealdah,05:13,07:49,07:56,7,156,109,South Line,Sealdah,DOWN
31110,Namkhana - Sealdah Local,Namkhana,Sealdah,05:58,08:35,08:48,13,157,109,South Line,Sealdah,DOWN
31112,Namkhana - Sealdah Local,Namkhana,Sealdah,06:41,09:19,09:31,12,158,109,South Line,Sealdah,DOWN
31114,Namkhana - Sealdah Local,Namkhana,Sealdah,07:24,10:08,10:11,3,164,109,South Line,Sealdah,DOWN
31116,Namkhana - Sealdah Local,Namkhana,Sealdah,08:09,10:48,11:04,16,159,109,South Line,Sealdah,DOWN
31118,Namkhana - Sealdah Local,Namkhana,Sealdah,08:52,11:34,11:47,13,162,109,South Line,Sealdah,DOWN
31120,Namkhana - Sealdah Local,Namkhana,Sealdah,09:37,12:20,12:33,13,163,109,South Line,Sealdah,DOWN
31122,Namkhana - Sealdah Local,Namkhana,Sealdah,10:23,13:05,13:15,10,162,109,South Line,Sealdah,DOWN
31124,Namkhana - Sealdah Local,Namkhana,Sealdah,11:09,13:45,13:48,3,156,109,South Line,Sealdah,DOWN
31126,Namkhana - Sealdah Local,Namkhana,Sealdah,11:54,14:31,14:35,4,157,109,South Line,Sealdah,DOWN
31128,Namkhana - Sealdah Local,Namkhana,Sealdah,12:40,15:16,15:29,13,156,109,South Line,Sealdah,DOWN
31130,Namkhana - Sealdah Local,Namkhana,Sealdah,13:27,16:04,16:21,17,157,109,South Line,Sealdah,DOWN
31132,Namkhana - Sealdah Local,Namkhana,Sealdah,14:14,16:50,16:52,2,156,109,South Line,Sealdah,DOWN
31134,Namkhana - Sealdah Local,Namkhana,Sealdah,15:01,17:42,17:46,4,161,109,South Line,Sealdah,DOWN
31136,Namkhana - Sealdah Local,Namkhana,Sealdah,15:44,18:21,18:24,3,157,109,South Line,Sealdah,DOWN
31138,Namkhana - Sealdah Local,Namkhana,Sealdah,16:31,19:11,19:21,10,160,109,South Line,Sealdah,DOWN
31140,Namkhana - Sealdah Local,Namkhana,Sealdah,17:16,19:53,20:09,16,157,109,South Line,Sealdah,DOWN
31142,Namkhana - Sealdah Local,Namkhana,Sealdah,18:03,20:46,21:05,19,163,109,South Line,Sealdah,DOWN
31144,Namkhana - Sealdah Local,Namkhana,Sealdah,18:48,21:30,21:42,12,162,109,South Line,Sealdah,DOWN
31146,Namkhana - Sealdah Local,Namkhana,Sealdah,19:34,22:17,22:34,17,163,109,South Line,Sealdah,DOWN
31148,Namkhana - Sealdah Local,Namkhana,Sealdah,20:17,23:01,23:19,18,164,109,South Line,Sealdah,DOWN
31150,Namkhana - Sealdah Local,Namkhana,Sealdah,21:01,23:39,23:45,6,158,109,South Line,Sealdah,DOWN
31152,Namkhana - Sealdah Local,Namkhana,Sealdah,21:45,00:29,00:42,13,164,109,South Line,Sealdah,DOWN
31154,Namkhana - Sealdah Local,Namkhana,Sealdah,22:31,01:09,01:21,12,158,109,South Line,Sealdah,DOWN
31156,Namkhana - Sealdah Local,Namkhana,Sealdah,23:16,01:57,02:13,16,161,109,South Line,Sealdah,DOWN
31102,Ranaghat - Sealdah Local,Ranaghat,Sealdah,03:00,04:58,05:02,4,118,73,Main Line,Sealdah,DOWN
31104,Ranaghat - Sealdah Local,Ranaghat,Sealdah,03:16,05:10,05:12,2,114,73,Main Line,Sealdah,DOWN
31106,Ranaghat - Sealdah Local,Ranaghat,Sealdah,03:32,05:31,05:48,17,119,73,Main Line,Sealdah,DOWN
31108,Ranaghat - Sealdah Local,Ranaghat,Sealdah,03:48,05:45,05:48,3,117,73,Main Line,Sealdah,DOWN
31110,Ranaghat - Sealdah Local,Ranaghat,Sealdah,04:02,06:01,06:04,3,119,73,Main Line,Sealdah,DOWN
31112,Ranaghat - Sealdah Local,Ranaghat,Sealdah,04:16,06:08,06:12,4,112,73,Main Line,Sealdah,DOWN
31114,Ranaghat - Sealdah Local,Ranaghat,Sealdah,04:30,06:27,06:36,9,117,73,Main Line,Sealdah,DOWN
31116,Ranaghat - Sealdah Local,Ranaghat,Sealdah,04:45,06:44,07:00,16,119,73,Main Line,Sealdah,DOWN
31118,Ranaghat - Sealdah Local,Ranaghat,Sealdah,05:00,06:51,06:59,8,111,73,Main Line,Sealdah,DOWN
31120,Ranaghat - Sealdah Local,Ranaghat,Sealdah,05:15,07:10,07:17,7,115,73,Main Line,Sealdah,DOWN
31122,Ranaghat - Sealdah Local,Ranaghat,Sealdah,05:30,07:28,07:38,10,118,73,Main Line,Sealdah,DOWN
31124,Ranaghat - Sealdah Local,Ranaghat,Sealdah,05:47,07:45,07:47,2,118,73,Main Line,Sealdah,DOWN
31126,Ranaghat - Sealdah Local,Ranaghat,Sealdah,06:01,07:59,08:08,9,118,73,Main Line,Sealdah,DOWN
31128,Ranaghat - Sealdah Local,Ranaghat,Sealdah,06:18,08:14,08:18,4,116,73,Main Line,Sealdah,DOWN
31130,Ranaghat - Sealdah Local,Ranaghat,Sealdah,06:33,08:32,08:37,5,119,73,Main Line,Sealdah,DOWN
31132,Ranaghat - Sealdah Local,Ranaghat,Sealdah,06:50,08:48,09:04,16,118,73,Main Line,Sealdah,DOWN
31134,Ranaghat - Sealdah Local,Ranaghat,Sealdah,07:06,09:00,09:07,7,114,73,Main Line,Sealdah,DOWN
31136,Ranaghat - Sealdah Local,Ranaghat,Sealdah,07:21,09:18,09:34,16,117,73,Main Line,Sealdah,DOWN
31138,Ranaghat - Sealdah Local,Ranaghat,Sealdah,07:35,09:32,09:36,4,117,73,Main Line,Sealdah,DOWN
31140,Ranaghat - Sealdah Local,Ranaghat,Sealdah,07:49,09:45,10:00,15,116,73,Main Line,Sealdah,DOWN
31142,Ranaghat - Sealdah Local,Ranaghat,Sealdah,08:02,09:59,10:14,15,117,73,Main Line,Sealdah,DOWN
31144,Ranaghat - Sealdah Local,Ranaghat,Sealdah,08:18,10:11,10:16,5,113,73,Main Line,Sealdah,DOWN
31146,Ranaghat - Sealdah Local,Ranaghat,Sealdah,08:34,10:25,10:38,13,111,73,Main Line,Sealdah,DOWN
31148,Ranaghat - Sealdah Local,Ranaghat,Sealdah,08:50,10:49,11:07,18,119,73,Main Line,Sealdah,DOWN
31150,Ranaghat - Sealdah Local,Ranaghat,Sealdah,09:04,11:00,11:08,8,116,73,Main Line,Sealdah,DOWN
31152,Ranaghat - Sealdah Local,Ranaghat,Sealdah,09:21,11:19,11:29,10,118,73,Main Line,Sealdah,DOWN
31154,Ranaghat - Sealdah Local,Ranaghat,Sealdah,09:34,11:33,11:37,4,119,73,Main Line,Sealdah,DOWN
31156,Ranaghat - Sealdah Local,Ranaghat,Sealdah,09:47,11:38,11:52,14,111,73,Main Line,Sealdah,DOWN
31158,Ranaghat - Sealdah Local,Ranaghat,Sealdah,10:03,12:00,12:16,16,117,73,Main Line,Sealdah,DOWN
31160,Ranaghat - Sealdah Local,Ranaghat,Sealdah,10:17,12:09,12:28,19,112,73,Main Line,Sealdah,DOWN
31162,Ranaghat - Sealdah Local,Ranaghat,Sealdah,10:31,12:26,12:28,2,115,73,Main Line,Sealdah,DOWN
31164,Ranaghat - Sealdah Local,Ranaghat,Sealdah,10:47,12:44,12:51,7,117,73,Main Line,Sealdah,DOWN
31166,Ranaghat - Sealdah Local,Ranaghat,Sealdah,11:02,12:58,13:01,3,116,73,Main Line,Sealdah,DOWN
31168,Ranaghat - Sealdah Local,Ranaghat,Sealdah,11:15,13:12,13:27,15,117,73,Main Line,Sealdah,DOWN
31170,Ranaghat - Sealdah Local,Ranaghat,Sealdah,11:32,13:30,13:37,7,118,73,Main Line,Sealdah,DOWN
31172,Ranaghat - Sealdah Local,Ranaghat,Sealdah,11:47,13:38,13:53,15,111,73,Main Line,Sealdah,DOWN
31174,Ranaghat - Sealdah Local,Ranaghat,Sealdah,12:04,13:56,14:01,5,112,73,Main Line,Sealdah,DOWN
31176,Ranaghat - Sealdah Local,Ranaghat,Sealdah,12:21,14:16,14:25,9,115,73,Main Line,Sealdah,DOWN
31178,Ranaghat - Sealdah Local,Ranaghat,Sealdah,12:35,14:27,14:31,4,112,73,Main Line,Sealdah,DOWN
31180,Ranaghat - Sealdah Local,Ranaghat,Sealdah,12:49,14:41,14:56,15,112,73,Main Line,Sealdah,DOWN
31182,Ranaghat - Sealdah Local,Ranaghat,Sealdah,13:05,15:03,15:21,18,118,73,Main Line,Sealdah,DOWN
31184,Ranaghat - Sealdah Local,Ranaghat,Sealdah,13:18,15:13,15:22,9,115,73,Main Line,Sealdah,DOWN
31186,Ranaghat - Sealdah Local,Ranaghat,Sealdah,13:32,15:23,15:38,15,111,73,Main Line,Sealdah,DOWN
31188,Ranaghat - Sealdah Local,Ranaghat,Sealdah,13:45,15:36,15:43,7,111,73,Main Line,Sealdah,DOWN
31190,Ranaghat - Sealdah Local,Ranaghat,Sealdah,14:00,15:56,16:13,17,116,73,Main Line,Sealdah,DOWN
31192,Ranaghat - Sealdah Local,Ranaghat,Sealdah,14:15,16:12,16:27,15,117,73,Main Line,Sealdah,DOWN
31194,Ranaghat - Sealdah Local,Ranaghat,Sealdah,14:30,16:24,16:28,4,114,73,Main Line,Sealdah,DOWN
31196,Ranaghat - Sealdah Local,Ranaghat,Sealdah,14:44,16:41,16:52,11,117,73,Main Line,Sealdah,DOWN
31198,Ranaghat - Sealdah Local,Ranaghat,Sealdah,15:01,16:54,17:04,10,113,73,Main Line,Sealdah,DOWN
31200,Ranaghat - Sealdah Local,Ranaghat,Sealdah,15:18,17:11,17:25,14,113,73,Main Line,Sealdah,DOWN
31202,Ranaghat - Sealdah Local,Ranaghat,Sealdah,15:32,17:29,17:37,8,117,73,Main Line,Sealdah,DOWN
31204,Ranaghat - Sealdah Local,Ranaghat,Sealdah,15:45,17:39,17:54,15,114,73,Main Line,Sealdah,DOWN
31206,Ranaghat - Sealdah Local,Ranaghat,Sealdah,16:02,17:55,18:05,10,113,73,Main Line,Sealdah,DOWN
31208,Ranaghat - Sealdah Local,Ranaghat,Sealdah,16:18,18:16,18:32,16,118,73,Main Line,Sealdah,DOWN
31210,Ranaghat - Sealdah Local,Ranaghat,Sealdah,16:32,18:30,18:45,15,118,73,Main Line,Sealdah,DOWN
31212,Ranaghat - Sealdah Local,Ranaghat,Sealdah,16:47,18:38,18:45,7,111,73,Main Line,Sealdah,DOWN
31214,Ranaghat - Sealdah Local,Ranaghat,Sealdah,17:02,18:57,19:02,5,115,73,Main Line,Sealdah,DOWN
31216,Ranaghat - Sealdah Local,Ranaghat,Sealdah,17:18,19:11,19:20,9,113,73,Main Line,Sealdah,DOWN
31218,Ranaghat - Sealdah Local,Ranaghat,Sealdah,17:35,19:33,19:51,18,118,73,Main Line,Sealdah,DOWN
31220,Ranaghat - Sealdah Local,Ranaghat,Sealdah,17:48,19:43,19:53,10,115,73,Main Line,Sealdah,DOWN
31222,Ranaghat - Sealdah Local,Ranaghat,Sealdah,18:03,19:58,20:00,2,115,73,Main Line,Sealdah,DOWN
31224,Ranaghat - Sealdah Local,Ranaghat,Sealdah,18:19,20:14,20:29,15,115,73,Main Line,Sealdah,DOWN
31226,Ranaghat - Sealdah Local,Ranaghat,Sealdah,18:35,20:32,20:44,12,117,73,Main Line,Sealdah,DOWN
31228,Ranaghat - Sealdah Local,Ranaghat,Sealdah,18:49,20:41,20:45,4,112,73,Main Line,Sealdah,DOWN
31230,Ranaghat - Sealdah Local,Ranaghat,Sealdah,19:05,21:02,21:12,10,117,73,Main Line,Sealdah,DOWN
31232,Ranaghat - Sealdah Local,Ranaghat,Sealdah,19:19,21:15,21:30,15,116,73,Main Line,Sealdah,DOWN
31234,Ranaghat - Sealdah Local,Ranaghat,Sealdah,19:36,21:31,21:41,10,115,73,Main Line,Sealdah,DOWN
31236,Ranaghat - Sealdah Local,Ranaghat,Sealdah,19:53,21:44,21:49,5,111,73,Main Line,Sealdah,DOWN
31238,Ranaghat - Sealdah Local,Ranaghat,Sealdah,20:08,22:03,22:08,5,115,73,Main Line,Sealdah,DOWN
31240,Ranaghat - Sealdah Local,Ranaghat,Sealdah,20:24,22:15,22:24,9,111,73,Main Line,Sealdah,DOWN
31242,Ranaghat - Sealdah Local,Ranaghat,Sealdah,20:37,22:35,22:38,3,118,73,Main Line,Sealdah,DOWN
31244,Ranaghat - Sealdah Local,Ranaghat,Sealdah,20:54,22:48,22:58,10,114,73,Main Line,Sealdah,DOWN
31246,Ranaghat - Sealdah Local,Ranaghat,Sealdah,21:09,23:05,23:20,15,116,73,Main Line,Sealdah,DOWN
31248,Ranaghat - Sealdah Local,Ranaghat,Sealdah,21:26,23:20,23:30,10,114,73,Main Line,Sealdah,DOWN
31250,Ranaghat - Sealdah Local,Ranaghat,Sealdah,21:40,23:35,23:52,17,115,73,Main Line,Sealdah,DOWN
31252,Ranaghat - Sealdah Local,Ranaghat,Sealdah,21:57,23:49,00:07,18,112,73,Main Line,Sealdah,DOWN
31254,Ranaghat - Sealdah Local,Ranaghat,Sealdah,22:11,00:06,00:23,17,115,73,Main Line,Sealdah,DOWN
31256,Ranaghat - Sealdah Local,Ranaghat,Sealdah,22:24,00:15,00:28,13,111,73,Main Line,Sealdah,DOWN
31258,Ranaghat - Sealdah Local,Ranaghat,Sealdah,22:40,00:36,00:40,4,116,73,Main Line,Sealdah,DOWN
31260,Ranaghat - Sealdah Local,Ranaghat,Sealdah,22:57,00:49,01:01,12,112,73,Main Line,Sealdah,DOWN
31262,Ranaghat - Sealdah Local,Ranaghat,Sealdah,23:11,01:07,01:22,15,116,73,Main Line,Sealdah,DOWN
31264,Ranaghat - Sealdah Local,Ranaghat,Sealdah,23:26,01:19,01:38,19,113,73,Main Line,Sealdah,DOWN
31266,Ranaghat - Sealdah Local,Ranaghat,Sealdah,23:42,01:35,01:41,6,113,73,Main Line,Sealdah,DOWN
31101,Sealdah - Naihati Local,Sealdah,Naihati,03:00,04:01,04:18,17,61,38,Main Line,Sealdah,UP
31357,Sealdah - Kalyani Simanta Local,Sealdah,Kalyani Simanta,03:00,04:28,04:34,6,88,53,Main Line,Sealdah,UP
31481,Sealdah - Ranaghat Local,Sealdah,Ranaghat,03:00,04:53,04:57,4,113,73,Main Line,Sealdah,UP
31649,Sealdah - Krishnanagar Local,Sealdah,Krishnanagar,03:00,05:26,05:39,13,146,100,Main Line,Sealdah,UP
31751,Sealdah - Shantipur Local,Sealdah,Shantipur,03:00,05:13,05:15,2,133,93,Main Line,Sealdah,UP
31837,Sealdah - Gede Local,Sealdah,Gede,03:00,05:42,05:52,10,162,117,Main Line,Sealdah,UP
31909,Sealdah - Bangaon Local,Sealdah,Bangaon,03:00,05:07,05:17,10,127,77,Bangaon Line,Sealdah,UP
32079,Sealdah - Hasnabad Local,Sealdah,Hasnabad,03:00,05:07,05:12,5,127,75,Bangaon Line,Sealdah,UP
32181,Sealdah - Dankuni Local,Sealdah,Dankuni,03:00,03:48,03:52,4,48,22,Chord Link,Sealdah,UP
32307,Sealdah - Barrackpore Local,Sealdah,Barrackpore,03:00,03:39,03:57,18,39,22,Main Line,Sealdah,UP
32475,Sealdah - Budge Budge Local,Sealdah,Budge Budge,03:00,03:51,03:54,3,51,26,South Line,Sealdah,UP
32643,Sealdah - Sonarpur Local,Sealdah,Sonarpur,03:00,03:31,03:33,2,31,17,South Line,Sealdah,UP
32855,Sealdah - Baruipur Local,Sealdah,Baruipur,03:00,03:48,03:57,9,48,25,South Line,Sealdah,UP
33069,Sealdah - Diamond Harbour Local,Sealdah,Diamond Harbour,03:00,04:32,04:46,14,92,60,South Line,Sealdah,UP
33197,Sealdah - Kakdwip Local,Sealdah,Kakdwip,03:00,05:16,05:32,16,136,95,South Line,Sealdah,UP
33269,Sealdah - Namkhana Local,Sealdah,Namkhana,03:00,05:38,05:47,9,158,109,South Line,Sealdah,UP
33325,Sealdah - Canning Local,Sealdah,Canning,03:00,04:19,04:32,13,79,45,South Line,Sealdah,UP
33427,Sealdah - Lakshmikantapur Local,Sealdah,Lakshmikantapur,03:00,04:37,04:50,13,97,62,South Line,Sealdah,UP
33527,Sealdah - Majerhat Local,Sealdah,Majerhat,03:00,03:44,03:59,15,44,15,Circular Railway,Sealdah,UP
31103,Sealdah - Naihati Local,Sealdah,Naihati,03:08,04:12,04:28,16,64,38,Main Line,Sealdah,UP
32645,Sealdah - Sonarpur Local,Sealdah,Sonarpur,03:12,03:50,04:06,16,38,17,South Line,Sealdah,UP
32857,Sealdah - Baruipur Local,Sealdah,Baruipur,03:12,04:03,04:13,10,51,25,South Line,Sealdah,UP
31911,Sealdah - Bangaon Local,Sealdah,Bangaon,03:13,05:19,05:28,9,126,77,Bangaon Line,Sealdah,UP
32309,Sealdah - Barrackpore Local,Sealdah,Barrackpore,03:13,03:57,04:04,7,44,22,Main Line,Sealdah,UP
32477,Sealdah - Budge Budge Local,Sealdah,Budge Budge,03:13,04:08,04:13,5,55,26,South Line,Sealdah,UP
31483,Sealdah - Ranaghat Local,Sealdah,Ranaghat,03:15,05:07,05:15,8,112,73,Main Line,Sealdah,UP
31105,Sealdah - Naihati Local,Sealdah,Naihati,03:18,04:21,04:26,5,63,38,Main Line,Sealdah,UP
33071,Sealdah - Diamond Harbour Local,Sealdah,Diamond Harbour,03:19,04:58,05:11,13,99,60,South Line,Sealdah,UP
32183,Sealdah - Dankuni Local,Sealdah,Dankuni,03:21,04:06,04:20,14,45,22,Chord Link,Sealdah,UP
31359,Sealdah - Kalyani Simanta Local,Sealdah,Kalyani Simanta,03:22,04:51,04:55,4,89,53,Main Line,Sealdah,UP
32859,Sealdah - Baruipur Local,Sealdah,Baruipur,03:22,04:08,04:21,13,46,25,South Line,Sealdah,UP
32081,Sealdah - Hasnabad Local,Sealdah,Hasnabad,03:23,05:37,05:40,3,134,75,Bangaon Line,Sealdah,UP
32647,Sealdah - Sonarpur Local,Sealdah,Sonarpur,03:23,03:55,03:58,3,32,17,South Line,Sealdah,UP
33327,Sealdah - Canning Local,Sealdah,Canning,03:23,04:36,04:46,10,73,45,South Line,Sealdah,UP
32479,Sealdah - Budge Budge Local,Sealdah,Budge Budge,03:26,04:25,04:27,2,59,26,South Line,Sealdah,UP
31107,Sealdah - Naihati Local,Sealdah,Naihati,03:27,04:36,04:45,9,69,38,Main Line,Sealdah,UP
31651,Sealdah - Krishnanagar Local,Sealdah,Krishnanagar,03:27,05:56,06:03,7,149,100,Main Line,Sealdah,UP
33429,Sealdah - Lakshmikantapur Local,Sealdah,Lakshmikantapur,03:27,04:58,05:05,7,91,62,South Line,Sealdah,UP
31753,Sealdah - Shantipur Local,Sealdah,Shantipur,03:29,05:43,06:02,19,134,93,Main Line,Sealdah,UP
31913,Sealdah - Bangaon Local,Sealdah,Bangaon,03:30,05:37,05:55,18,127,77,Bangaon Line,Sealdah,UP
32311,Sealdah - Barrackpore Local,Sealdah,Barrackpore,03:30,04:13,04:26,13,43,22,Main Line,Sealdah,UP
33529,Sealdah - Majerhat Local,Sealdah,Majerhat,03:30,04:10,04:17,7,40,15,Circular Railway,Sealdah,UP
31485,Sealdah - Ranaghat Local,Sealdah,Ranaghat,03:31,05:26,05:35,9,115,73,Main Line,Sealdah,UP
31839,Sealdah - Gede Local,Sealdah,Gede,03:33,06:22,06:33,11,169,117,Main Line,Sealdah,UP
31109,Sealdah - Naihati Local,Sealdah,Naihati,03:35,04:42,04:44,2,67,38,Main Line,Sealdah,UP
32861,Sealdah - Baruipur Local,Sealdah,Baruipur,03:35,04:24,04:38,14,49,25,South Line,Sealdah,UP
32649,Sealdah - Sonarpur Local,Sealdah,Sonarpur,03:36,04:14,04:32,18,38,17,South Line,Sealdah,UP
33199,Sealdah - Kakdwip Local,Sealdah,Kakdwip,03:36,05:53,05:57,4,137,95,South Line,Sealdah,UP
31361,Sealdah - Kalyani Simanta Local,Sealdah,Kalyani Simanta,03:40,05:02,05:11,9,82,53,Main Line,Sealdah,UP
32185,Sealdah - Dankuni Local,Sealdah,Dankuni,03:40,04:21,04:36,15,41,22,Chord Link,Sealdah,UP
32481,Sealdah - Budge Budge Local,Sealdah,Budge Budge,03:40,04:39,04:43,4,59,26,South Line,Sealdah,UP
33073,Sealdah - Diamond Harbour Local,Sealdah,Diamond Harbour,03:40,05:15,05:32,17,95,60,South Line,Sealdah,UP
31111,Sealdah - Naihati Local,Sealdah,Naihati,03:43,04:44,04:58,14,61,38,Main Line,Sealdah,UP
31487,Sealdah - Ranaghat Local,Sealdah,Ranaghat,03:44,05:42,06:00,18,118,73,Main Line,Sealdah,UP
31915,Sealdah - Bangaon Local,Sealdah,Bangaon,03:44,05:50,06:04,14,126,77,Bangaon Line,Sealdah,UP
32313,Sealdah - Barrackpore Local,Sealdah,Barrackpore,03:44,04:25,04:32,7,41,22,Main Line,Sealdah,UP
32651,Sealdah - Sonarpur Local,Sealdah,Sonarpur,03:47,04:19,04:37,18,32,17,South Line,Sealdah,UP
32863,Sealdah - Baruipur Local,Sealdah,Baruipur,03:47,04:34,04:49,15,47,25,South Line,Sealdah,UP
33271,Sealdah - Namkhana Local,Sealdah,Namkhana,03:47,06:31,06:49,18,164,109,South Line,Sealdah,UP
32083,Sealdah - Hasnabad Local,Sealdah,Hasnabad,03:49,05:58,06:07,9,129,75,Bangaon Line,Sealdah,UP
33329,Sealdah - Canning Local,Sealdah,Canning,03:50,05:01,05:13,12,71,45,South Line,Sealdah,UP
31113,Sealdah - Naihati Local,Sealdah,Naihati,03:51,04:55,04:57,2,64,38,Main Line,Sealdah,UP
31653,Sealdah - Krishnanagar Local,Sealdah,Krishnanagar,03:54,06:17,06:25,8,143,100,Main Line,Sealdah,UP
33431,Sealdah - Lakshmikantapur Local,Sealdah,Lakshmikantapur,03:54,05:26,05:44,18,92,62,South Line,Sealdah,UP
31917,Sealdah - Bangaon Local,Sealdah,Bangaon,03:57,05:58,06:09,11,121,77,Bangaon Line,Sealdah,UP
32483,Sealdah - Budge Budge Local,Sealdah,Budge Budge,03:57,04:51,05:03,12,54,26,South Line,Sealdah,UP
32187,Sealdah - Dankuni Local,Sealdah,Dankuni,03:58,04:40,04:50,10,42,22,Chord Link,Sealdah,UP
32315,Sealdah - Barrackpore Local,Sealdah,Barrackpore,03:58,04:34,04:44,10,36,22,Main Line,Sealdah,UP
32865,Sealdah - Baruipur Local,Sealdah,Baruipur,03:58,04:48,04:54,6,50,25,South Line,Sealdah,UP
31115,Sealdah - Naihati Local,Sealdah,Naihati,03:59,05:08,05:26,18,69,38,Main Line,Sealdah,UP
31363,Sealdah - Kalyani Simanta Local,Sealdah,Kalyani Simanta,03:59,05:22,05:32,10,83,53,Main Line,Sealdah,UP
31489,Sealdah - Ranaghat Local,Sealdah,Ranaghat,04:00,05:56,06:14,18,116,73,Main Line,Sealdah,UP
31755,Sealdah - Shantipur Local,Sealdah,Shantipur,04:00,06:16,06:24,8,136,93,Main Line,Sealdah,UP
32653,Sealdah - Sonarpur Local,Sealdah,Sonarpur,04:01,04:32,04:42,10,31,17,South Line,Sealdah,UP
33075,Sealdah - Diamond Harbour Local,Sealdah,Diamond Harbour,04:02,05:34,05:42,8,92,60,South Line,Sealdah,UP
33531,Sealdah - Majerhat Local,Sealdah,Majerhat,04:02,04:44,04:58,14,42,15,Circular Railway,Sealdah,UP
31117,Sealdah - Naihati Local,Sealdah,Naihati,04:08,05:09,05:21,12,61,38,Main Line,Sealdah,UP
31841,Sealdah - Gede Local,Sealdah,Gede,04:10,06:58,07:13,15,168,117,Main Line,Sealdah,UP
32867,Sealdah - Baruipur Local,Sealdah,Baruipur,04:10,04:56,05:08,12,46,25,South Line,Sealdah,UP
31919,Sealdah - Bangaon Local,Sealdah,Bangaon,04:11,06:13,06:27,14,122,77,Bangaon Line,Sealdah,UP
32317,Sealdah - Barrackpore Local,Sealdah,Barrackpore,04:13,04:52,05:07,15,39,22,Main Line,Sealdah,UP
33201,Sealdah - Kakdwip Local,Sealdah,Kakdwip,04:13,06:36,06:50,14,143,95,South Line,Sealdah,UP
33331,Sealdah - Canning Local,Sealdah,Canning,04:13,05:30,05:32,2,77,45,South Line,Sealdah,UP
32485,Sealdah - Budge Budge Local,Sealdah,Budge Budge,04:14,05:10,05:19,9,56,26,South Line,Sealdah,UP
32085,Sealdah - Hasnabad Local,Sealdah,Hasnabad,04:15,06:26,06:39,13,131,75,Bangaon Line,Sealdah,UP
32655,Sealdah - Sonarpur Local,Sealdah,Sonarpur,04:15,04:51,05:04,13,36,17,South Line,Sealdah,UP
31491,Sealdah - Ranaghat Local,Sealdah,Ranaghat,04:16,06:07,06:16,9,111,73,Main Line,Sealdah,UP
32189,Sealdah - Dankuni Local,Sealdah,Dankuni,04:18,05:03,05:12,9,45,22,Chord Link,Sealdah,UP
31655,Sealdah - Krishnanagar Local,Sealdah,Krishnanagar,04:19,06:47,07:01,14,148,100,Main Line,Sealdah,UP
33433,Sealdah - Lakshmikantapur Local,Sealdah,Lakshmikantapur,04:19,05:57,06:10,13,98,62,South Line,Sealdah,UP
31119,Sealdah - Naihati Local,Sealdah,Naihati,04:20,05:24,05:41,17,64,38,Main Line,Sealdah,UP
31365,Sealdah - Kalyani Simanta Local,Sealdah,Kalyani Simanta,04:20,05:49,05:51,2,89,53,Main Line,Sealdah,UP
32869,Sealdah - Baruipur Local,Sealdah,Baruipur,04:20,05:12,05:26,14,52,25,South Line,Sealdah,UP
33077,Sealdah - Diamond Harbour Local,Sealdah,Diamond Harbour,04:21,05:56,06:04,8,95,60,South Line,Sealdah,UP
31921,Sealdah - Bangaon Local,Sealdah,Bangaon,04:26,06:29,06:35,6,123,77,Bangaon Line,Sealdah,UP
32319,Sealdah - Barrackpore Local,Sealdah,Barrackpore,04:27,05:10,05:19,9,43,22,Main Line,Sealdah,UP
32657,Sealdah - Sonarpur Local,Sealdah,Sonarpur,04:27,05:04,05:19,15,37,17,South Line,Sealdah,UP
31757,Sealdah - Shantipur Local,Sealdah,Shantipur,04:28,06:44,06:58,14,136,93,Main Line,Sealdah,UP
31493,Sealdah - Ranaghat Local,Sealdah,Ranaghat,04:30,06:28,06:44,16,118,73,Main Line,Sealdah,UP
32487,Sealdah - Budge Budge Local,Sealdah,Budge Budge,04:30,05:28,05:46,18,58,26,South Line,Sealdah,UP
32871,Sealdah - Baruipur Local,Sealdah,Baruipur,04:30,05:22,05:38,16,52,25,South Line,Sealdah,UP
31121,Sealdah - Naihati Local,Sealdah,Naihati,04:32,05:39,05:58,19,67,38,Main Line,Sealdah,UP
33273,Sealdah - Namkhana Local,Sealdah,Namkhana,04:33,07:15,07:34,19,162,109,South Line,Sealdah,UP
33533,Sealdah - Majerhat Local,Sealdah,Majerhat,04:33,05:16,05:19,3,43,15,Circular Railway,Sealdah,UP
33333,Sealdah - Canning Local,Sealdah,Canning,04:36,05:55,06:00,5,79,45,South Line,Sealdah,UP
32191,Sealdah - Dankuni Local,Sealdah,Dankuni,04:38,05:27,05:29,2,49,22,Chord Link,Sealdah,UP
32659,Sealdah - Sonarpur Local,Sealdah,Sonarpur,04:38,05:15,05:20,5,37,17,South Line,Sealdah,UP
32087,Sealdah - Hasnabad Local,Sealdah,Hasnabad,04:39,06:45,07:04,19,126,75,Bangaon Line,Sealdah,UP
33079,Sealdah - Diamond Harbour Local,Sealdah,Diamond Harbour,04:39,06:17,06:23,6,98,60,South Line,Sealdah,UP
32321,Sealdah - Barrackpore Local,Sealdah,Barrackpore,04:40,05:19,05:35,16,39,22,Main Line,Sealdah,UP
31367,Sealdah - Kalyani Simanta Local,Sealdah,Kalyani Simanta,04:41,06:07,06:16,9,86,53,Main Line,Sealdah,UP
31923,Sealdah - Bangaon Local,Sealdah,Bangaon,04:41,06:42,07:00,18,121,77,Bangaon Line,Sealdah,UP
32873,Sealdah - Baruipur Local,Sealdah,Baruipur,04:43,05:35,05:37,2,52,25,South Line,Sealdah,UP
33435,Sealdah - Lakshmikantapur Local,Sealdah,Lakshmikantapur,04:43,06:21,06:34,13,98,62,South Line,Sealdah,UP
31123,Sealdah - Naihati Local,Sealdah,Naihati,04:44,05:52,06:08,16,68,38,Main Line,Sealdah,UP
31657,Sealdah - Krishnanagar Local,Sealdah,Krishnanagar,04:44,07:10,07:20,10,146,100,Main Line,Sealdah,UP
31495,Sealdah - Ranaghat Local,Sealdah,Ranaghat,04:45,06:37,06:45,8,112,73,Main Line,Sealdah,UP
31843,Sealdah - Gede Local,Sealdah,Gede,04:46,07:35,07:38,3,169,117,Main Line,Sealdah,UP
32489,Sealdah - Budge Budge Local,Sealdah,Budge Budge,04:46,05:45,05:55,10,59,26,South Line,Sealdah,UP
33203,Sealdah - Kakdwip Local,Sealdah,Kakdwip,04:49,07:13,07:24,11,144,95,South Line,Sealdah,UP
32661,Sealdah - Sonarpur Local,Sealdah,Sonarpur,04:52,05:31,05:34,3,39,17,South Line,Sealdah,UP
31125,Sealdah - Naihati Local,Sealdah,Naihati,04:53,05:58,06:10,12,65,38,Main Line,Sealdah,UP
32323,Sealdah - Barrackpore Local,Sealdah,Barrackpore,04:54,05:33,05:47,14,39,22,Main Line,Sealdah,UP
32875,Sealdah - Baruipur Local,Sealdah,Baruipur,04:54,05:46,05:57,11,52,25,South Line,Sealdah,UP
31925,Sealdah - Bangaon Local,Sealdah,Bangaon,04:55,07:03,07:18,15,128,77,Bangaon Line,Sealdah,UP
31497,Sealdah - Ranaghat Local,Sealdah,Ranaghat,04:58,06:56,07:15,19,118,73,Main Line,Sealdah,UP
32193,Sealdah - Dankuni Local,Sealdah,Dankuni,04:59,05:47,05:57,10,48,22,Chord Link,Sealdah,UP
33081,Sealdah - Diamond Harbour Local,Sealdah,Diamond Harbour,04:59,06:38,06:46,8,99,60,South Line,Sealdah,UP
31759,Sealdah - Shantipur Local,Sealdah,Shantipur,05:00,07:15,07:19,4,135,93,Main Line,Sealdah,UP
32089,Sealdah - Hasnabad Local,Sealdah,Hasnabad,05:02,07:15,07:22,7,133,75,Bangaon Line,Sealdah,UP
31369,Sealdah - Kalyani Simanta Local,Sealdah,Kalyani Simanta,05:03,06:32,06:35,3,89,53,Main Line,Sealdah,UP
32491,Sealdah - Budge Budge Local,Sealdah,Budge Budge,05:03,05:59,06:06,7,56,26,South Line,Sealdah,UP
33335,Sealdah - Canning Local,Sealdah,Canning,05:03,06:18,06:22,4,75,45,South Line,Sealdah,UP
32663,Sealdah - Sonarpur Local,Sealdah,Sonarpur,05:04,05:42,05:59,17,38,17,South Line,Sealdah,UP
31127,Sealdah - Naihati Local,Sealdah,Naihati,05:05,06:08,06:17,9,63,38,Main Line,Sealdah,UP
33535,Sealdah - Majerhat Local,Sealdah,Majerhat,05:05,05:46,05:49,3,41,15,Circular Railway,Sealdah,UP
32877,Sealdah - Baruipur Local,Sealdah,Baruipur,05:07,06:01,06:19,18,54,25,South Line,Sealdah,UP
31659,Sealdah - Krishnanagar Local,Sealdah,Krishnanagar,05:09,07:37,07:47,10,148,100,Main Line,Sealdah,UP
31927,Sealdah - Bangaon Local,Sealdah,Bangaon,05:10,07:18,07:31,13,128,77,Bangaon Line,Sealdah,UP
32325,Sealdah - Barrackpore Local,Sealdah,Barrackpore,05:10,05:51,05:55,4,41,22,Main Line,Sealdah,UP
33437,Sealdah - Lakshmikantapur Local,Sealdah,Lakshmikantapur,05:10,06:43,06:55,12,93,62,South Line,Sealdah,UP
31129,Sealdah - Naihati Local,Sealdah,Naihati,05:13,06:19,06:21,2,66,38,Main Line,Sealdah,UP
31499,Sealdah - Ranaghat Local,Sealdah,Ranaghat,05:14,07:05,07:19,14,111,73,Main Line,Sealdah,UP
32665,Sealdah - Sonarpur Local,Sealdah,Sonarpur,05:15,05:46,06:02,16,31,17,South Line,Sealdah,UP
32493,Sealdah - Budge Budge Local,Sealdah,Budge Budge,05:17,06:15,06:21,6,58,26,South Line,Sealdah,UP
32879,Sealdah - Baruipur Local,Sealdah,Baruipur,05:19,06:06,06:24,18,47,25,South Line,Sealdah,UP
33275,Sealdah - Namkhana Local,Sealdah,Namkhana,05:20,08:01,08:08,7,161,109,South Line,Sealdah,UP
32195,Sealdah - Dankuni Local,Sealdah,Dankuni,05:21,06:10,06:22,12,49,22,Chord Link,Sealdah,UP
33083,Sealdah - Diamond Harbour Local,Sealdah,Diamond Harbour,05:21,06:58,07:17,19,97,60,South Line,Sealdah,UP
31845,Sealdah - Gede Local,Sealdah,Gede,05:23,08:11,08:16,5,168,117,Main Line,Sealdah,UP
31131,Sealdah - Naihati Local,Sealdah,Naihati,05:24,06:27,06:31,4,63,38,Main Line,Sealdah,UP
31371,Sealdah - Kalyani Simanta Local,Sealdah,Kalyani Simanta,05:24,06:53,07:07,14,89,53,Main Line,Sealdah,UP
31929,Sealdah - Bangaon Local,Sealdah,Bangaon,05:24,07:25,07:35,10,121,77,Bangaon Line,Sealdah,UP
32667,Sealdah - Sonarpur Local,Sealdah,Sonarpur,05:25,05:57,06:04,7,32,17,South Line,Sealdah,UP
33205,Sealdah - Kakdwip Local,Sealdah,Kakdwip,05:26,07:49,08:02,13,143,95,South Line,Sealdah,UP
33337,Sealdah - Canning Local,Sealdah,Canning,05:26,06:42,06:45,3,76,45,South Line,Sealdah,UP
31501,Sealdah - Ranaghat Local,Sealdah,Ranaghat,05:27,07:20,07:24,4,113,73,Main Line,Sealdah,UP
32091,Sealdah - Hasnabad Local,Sealdah,Hasnabad,05:27,07:40,07:44,4,133,75,Bangaon Line,Sealdah,UP
32327,Sealdah - Barrackpore Local,Sealdah,Barrackpore,05:27,06:09,06:22,13,42,22,Main Line,Sealdah,UP
31761,Sealdah - Shantipur Local,Sealdah,Shantipur,05:28,07:42,07:58,16,134,93,Main Line,Sealdah,UP
32495,Sealdah - Budge Budge Local,Sealdah,Budge Budge,05:30,06:25,06:35,10,55,26,South Line,Sealdah,UP
31661,Sealdah - Krishnanagar Local,Sealdah,Krishnanagar,05:32,07:55,08:04,9,143,100,Main Line,Sealdah,UP
32881,Sealdah - Baruipur Local,Sealdah,Baruipur,05:32,06:21,06:33,12,49,25,South Line,Sealdah,UP
31133,Sealdah - Naihati Local,Sealdah,Naihati,05:34,06:40,06:57,17,66,38,Main Line,Sealdah,UP
33537,Sealdah - Majerhat Local,Sealdah,Majerhat,05:34,06:17,06:22,5,43,15,Circular Railway,Sealdah,UP
33439,Sealdah - Lakshmikantapur Local,Sealdah,Lakshmikantapur,05:36,07:13,07:15,2,97,62,South Line,Sealdah,UP
32669,Sealdah - Sonarpur Local,Sealdah,Sonarpur,05:39,06:14,06:22,8,35,17,South Line,Sealdah,UP
31931,Sealdah - Bangaon Local,Sealdah,Bangaon,05:40,07:41,07:44,3,121,77,Bangaon Line,Sealdah,UP
32197,Sealdah - Dankuni Local,Sealdah,Dankuni,05:40,06:25,06:31,6,45,22,Chord Link,Sealdah,UP
31503,Sealdah - Ranaghat Local,Sealdah,Ranaghat,05:41,07:36,07:44,8,115,73,Main Line,Sealdah,UP
33085,Sealdah - Diamond Harbour Local,Sealdah,Diamond Harbour,05:41,07:17,07:22,5,96,60,South Line,Sealdah,UP
32329,Sealdah - Barrackpore Local,Sealdah,Barrackpore,05:42,06:26,06:32,6,44,22,Main Line,Sealdah,UP
31135,Sealdah - Naihati Local,Sealdah,Naihati,05:43,06:45,06:47,2,62,38,Main Line,Sealdah,UP
32497,Sealdah - Budge Budge Local,Sealdah,Budge Budge,05:43,06:35,06:37,2,52,26,South Line,Sealdah,UP
31373,Sealdah - Kalyani Simanta Local,Sealdah,Kalyani Simanta,05:45,07:08,07:24,16,83,53,Main Line,Sealdah,UP
32883,Sealdah - Baruipur Local,Sealdah,Baruipur,05:45,06:38,06:49,11,53,25,South Line,Sealdah,UP
32671,Sealdah - Sonarpur Local,Sealdah,Sonarpur,05:49,06:20,06:39,19,31,17,South Line,Sealdah,UP
33339,Sealdah - Canning Local,Sealdah,Canning,05:50,07:07,07:11,4,77,45,South Line,Sealdah,UP
31137,Sealdah - Naihati Local,Sealdah,Naihati,05:51,06:53,07:05,12,62,38,Main Line,Sealdah,UP
31933,Sealdah - Bangaon Local,Sealdah,Bangaon,05:53,07:57,08:13,16,124,77,Bangaon Line,Sealdah,UP
32093,Sealdah - Hasnabad Local,Sealdah,Hasnabad,05:54,08:08,08:20,12,134,75,Bangaon Line,Sealdah,UP
31663,Sealdah - Krishnanagar Local,Sealdah,Krishnanagar,05:55,08:22,08:40,18,147,100,Main Line,Sealdah,UP
31847,Sealdah - Gede Local,Sealdah,Gede,05:56,08:40,08:58,18,164,117,Main Line,Sealdah,UP
32885,Sealdah - Baruipur Local,Sealdah,Baruipur,05:56,06:42,06:49,7,46,25,South Line,Sealdah,UP
31505,Sealdah - Ranaghat Local,Sealdah,Ranaghat,05:58,07:52,07:58,6,114,73,Main Line,Sealdah,UP
32331,Sealdah - Barrackpore Local,Sealdah,Barrackpore,05:58,06:38,06:47,9,40,22,Main Line,Sealdah,UP
32499,Sealdah - Budge Budge Local,Sealdah,Budge Budge,05:59,06:52,06:55,3,53,26,South Line,Sealdah,UP
31763,Sealdah - Shantipur Local,Sealdah,Shantipur,06:00,08:19,08:36,17,139,93,Main Line,Sealdah,UP
32673,Sealdah - Sonarpur Local,Sealdah,Sonarpur,06:00,06:37,06:50,13,37,17,South Line,Sealdah,UP
33087,Sealdah - Diamond Harbour Local,Sealdah,Diamond Harbour,06:00,07:36,07:43,7,96,60,South Line,Sealdah,UP
33207,Sealdah - Kakdwip Local,Sealdah,Kakdwip,06:00,08:24,08:26,2,144,95,South Line,Sealdah,UP
33441,Sealdah - Lakshmikantapur Local,Sealdah,Lakshmikantapur,06:00,07:33,07:38,5,93,62,South Line,Sealdah,UP
32199,Sealdah - Dankuni Local,Sealdah,Dankuni,06:01,06:43,07:01,18,42,22,Chord Link,Sealdah,UP
31139,Sealdah - Naihati Local,Sealdah,Naihati,06:02,07:08,07:22,14,66,38,Main Line,Sealdah,UP
33277,Sealdah - Namkhana Local,Sealdah,Namkhana,06:03,08:42,09:01,19,159,109,South Line,Sealdah,UP
33539,Sealdah - Majerhat Local,Sealdah,Majerhat,06:05,06:41,06:47,6,36,15,Circular Railway,Sealdah,UP
31375,Sealdah - Kalyani Simanta Local,Sealdah,Kalyani Simanta,06:06,07:34,07:38,4,88,53,Main Line,Sealdah,UP
32887,Sealdah - Baruipur Local,Sealdah,Baruipur,06:06,06:52,07:04,12,46,25,South Line,Sealdah,UP
31935,Sealdah - Bangaon Local,Sealdah,Bangaon,06:08,08:17,08:31,14,129,77,Bangaon Line,Sealdah,UP
32675,Sealdah - Sonarpur Local,Sealdah,Sonarpur,06:10,06:45,06:50,5,35,17,South Line,Sealdah,UP
31507,Sealdah - Ranaghat Local,Sealdah,Ranaghat,06:11,08:10,08:25,15,119,73,Main Line,Sealdah,UP
31141,Sealdah - Naihati Local,Sealdah,Naihati,06:12,07:17,07:29,12,65,38,Main Line,Sealdah,UP
32501,Sealdah - Budge Budge Local,Sealdah,Budge Budge,06:12,07:07,07:18,11,55,26,South Line,Sealdah,UP
32333,Sealdah - Barrackpore Local,Sealdah,Barrackpore,06:13,06:54,07:13,19,41,22,Main Line,Sealdah,UP
33341,Sealdah - Canning Local,Sealdah,Canning,06:14,07:27,07:34,7,73,45,South Line,Sealdah,UP
32889,Sealdah - Baruipur Local,Sealdah,Baruipur,06:18,07:08,07:24,16,50,25,South Line,Sealdah,UP
31665,Sealdah - Krishnanagar Local,Sealdah,Krishnanagar,06:19,08:45,08:56,11,146,100,Main Line,Sealdah,UP
32095,Sealdah - Hasnabad Local,Sealdah,Hasnabad,06:19,08:26,08:32,6,127,75,Bangaon Line,Sealdah,UP
32201,Sealdah - Dankuni Local,Sealdah,Dankuni,06:20,07:03,07:09,6,43,22,Chord Link,Sealdah,UP
33089,Sealdah - Diamond Harbour Local,Sealdah,Diamond Harbour,06:21,07:54,08:05,11,93,60,South Line,Sealdah,UP
31937,Sealdah - Bangaon Local,Sealdah,Bangaon,06:22,08:31,08:37,6,129,77,Bangaon Line,Sealdah,UP
31143,Sealdah - Naihati Local,Sealdah,Naihati,06:24,07:32,07:36,4,68,38,Main Line,Sealdah,UP
31509,Sealdah - Ranaghat Local,Sealdah,Ranaghat,06:24,08:18,08:25,7,114,73,Main Line,Sealdah,UP
32677,Sealdah - Sonarpur Local,Sealdah,Sonarpur,06:24,07:01,07:06,5,37,17,South Line,Sealdah,UP
31377,Sealdah - Kalyani Simanta Local,Sealdah,Kalyani Simanta,06:27,07:51,08:10,19,84,53,Main Line,Sealdah,UP
32503,Sealdah - Budge Budge Local,Sealdah,Budge Budge,06:27,07:25,07:35,10,58,26,South Line,Sealdah,UP
33443,Sealdah - Lakshmikantapur Local,Sealdah,Lakshmikantapur,06:27,08:00,08:18,18,93,62,South Line,Sealdah,UP
32335,Sealdah - Barrackpore Local,Sealdah,Barrackpore,06:28,07:11,07:25,14,43,22,Main Line,Sealdah,UP
32891,Sealdah - Baruipur Local,Sealdah,Baruipur,06:30,07:17,07:33,16,47,25,South Line,Sealdah,UP
31765,Sealdah - Shantipur Local,Sealdah,Shantipur,06:31,08:50,09:08,18,139,93,Main Line,Sealdah,UP
31145,Sealdah - Naihati Local,Sealdah,Naihati,06:32,07:34,07:48,14,62,38,Main Line,Sealdah,UP
31849,Sealdah - Gede Local,Sealdah,Gede,06:33,09:21,09:38,17,168,117,Main Line,Sealdah,UP
33209,Sealdah - Kakdwip Local,Sealdah,Kakdwip,06:33,08:57,09:02,5,144,95,South Line,Sealdah,UP
33541,Sealdah - Majerhat Local,Sealdah,Majerhat,06:37,07:14,07:20,6,37,15,Circular Railway,Sealdah,UP
32679,Sealdah - Sonarpur Local,Sealdah,Sonarpur,06:38,07:15,07:21,6,37,17,South Line,Sealdah,UP
31939,Sealdah - Bangaon Local,Sealdah,Bangaon,06:39,08:41,08:51,10,122,77,Bangaon Line,Sealdah,UP
31511,Sealdah - Ranaghat Local,Sealdah,Ranaghat,06:40,08:37,08:55,18,117,73,Main Line,Sealdah,UP
32203,Sealdah - Dankuni Local,Sealdah,Dankuni,06:40,07:25,07:39,14,45,22,Chord Link,Sealdah,UP
32893,Sealdah - Baruipur Local,Sealdah,Baruipur,06:40,07:28,07:31,3,48,25,South Line,Sealdah,UP
33091,Sealdah - Diamond Harbour Local,Sealdah,Diamond Harbour,06:40,08:11,08:25,14,91,60,South Line,Sealdah,UP
33343,Sealdah - Canning Local,Sealdah,Canning,06:41,07:54,07:58,4,73,45,South Line,Sealdah,UP
32097,Sealdah - Hasnabad Local,Sealdah,Hasnabad,06:42,08:50,09:01,11,128,75,Bangaon Line,Sealdah,UP
32505,Sealdah - Budge Budge Local,Sealdah,Budge Budge,06:42,07:41,07:44,3,59,26,South Line,Sealdah,UP
31147,Sealdah - Naihati Local,Sealdah,Naihati,06:44,07:46,08:00,14,62,38,Main Line,Sealdah,UP
32337,Sealdah - Barrackpore Local,Sealdah,Barrackpore,06:45,07:22,07:40,18,37,22,Main Line,Sealdah,UP
31667,Sealdah - Krishnanagar Local,Sealdah,Krishnanagar,06:46,09:13,09:28,15,147,100,Main Line,Sealdah,UP
31379,Sealdah - Kalyani Simanta Local,Sealdah,Kalyani Simanta,06:47,08:16,08:29,13,89,53,Main Line,Sealdah,UP
33279,Sealdah - Namkhana Local,Sealdah,Namkhana,06:47,09:28,09:41,13,161,109,South Line,Sealdah,UP
32681,Sealdah - Sonarpur Local,Sealdah,Sonarpur,06:51,07:30,07:42,12,39,17,South Line,Sealdah,UP
32895,Sealdah - Baruipur Local,Sealdah,Baruipur,06:52,07:40,07:48,8,48,25,South Line,Sealdah,UP
33445,Sealdah - Lakshmikantapur Local,Sealdah,Lakshmikantapur,06:54,08:33,08:38,5,99,62,South Line,Sealdah,UP
31149,Sealdah - Naihati Local,Sealdah,Naihati,06:55,08:00,08:02,2,65,38,Main Line,Sealdah,UP
31941,Sealdah - Bangaon Local,Sealdah,Bangaon,06:55,08:59,09:03,4,124,77,Bangaon Line,Sealdah,UP
32507,Sealdah - Budge Budge Local,Sealdah,Budge Budge,06:56,07:52,08:06,14,56,26,South Line,Sealdah,UP
31513,Sealdah - Ranaghat Local,Sealdah,Ranaghat,06:57,08:55,09:11,16,118,73,Main Line,Sealdah,UP
32205,Sealdah - Dankuni Local,Sealdah,Dankuni,07:01,07:42,07:45,3,41,22,Chord Link,Sealdah,UP
32339,Sealdah - Barrackpore Local,Sealdah,Barrackpore,07:01,07:42,07:54,12,41,22,Main Line,Sealdah,UP
32683,Sealdah - Sonarpur Local,Sealdah,Sonarpur,07:01,07:34,07:39,5,33,17,South Line,Sealdah,UP
33093,Sealdah - Diamond Harbour Local,Sealdah,Diamond Harbour,07:01,08:35,08:53,18,94,60,South Line,Sealdah,UP
31767,Sealdah - Shantipur Local,Sealdah,Shantipur,07:03,09:18,09:22,4,135,93,Main Line,Sealdah,UP
32897,Sealdah - Baruipur Local,Sealdah,Baruipur,07:05,07:59,08:18,19,54,25,South Line,Sealdah,UP
33345,Sealdah - Canning Local,Sealdah,Canning,07:05,08:20,08:29,9,75,45,South Line,Sealdah,UP
33211,Sealdah - Kakdwip Local,Sealdah,Kakdwip,07:06,09:29,09:35,6,143,95,South Line,Sealdah,UP
31151,Sealdah - Naihati Local,Sealdah,Naihati,07:07,08:13,08:21,8,66,38,Main Line,Sealdah,UP
31381,Sealdah - Kalyani Simanta Local,Sealdah,Kalyani Simanta,07:07,08:31,08:40,9,84,53,Main Line,Sealdah,UP
31851,Sealdah - Gede Local,Sealdah,Gede,07:08,09:51,09:57,6,163,117,Main Line,Sealdah,UP
32099,Sealdah - Hasnabad Local,Sealdah,Hasnabad,07:08,09:19,09:37,18,131,75,Bangaon Line,Sealdah,UP
33543,Sealdah - Majerhat Local,Sealdah,Majerhat,07:08,07:45,07:51,6,37,15,Circular Railway,Sealdah,UP
31669,Sealdah - Krishnanagar Local,Sealdah,Krishnanagar,07:09,09:34,09:39,5,145,100,Main Line,Sealdah,UP
31943,Sealdah - Bangaon Local,Sealdah,Bangaon,07:10,09:12,09:15,3,122,77,Bangaon Line,Sealdah,UP
32509,Sealdah - Budge Budge Local,Sealdah,Budge Budge,07:12,08:04,08:16,12,52,26,South Line,Sealdah,UP
31515,Sealdah - Ranaghat Local,Sealdah,Ranaghat,07:13,09:10,09:24,14,117,73,Main Line,Sealdah,UP
32685,Sealdah - Sonarpur Local,Sealdah,Sonarpur,07:15,07:47,08:03,16,32,17,South Line,Sealdah,UP
32899,Sealdah - Baruipur Local,Sealdah,Baruipur,07:15,08:06,08:19,13,51,25,South Line,Sealdah,UP
32341,Sealdah - Barrackpore Local,Sealdah,Barrackpore,07:17,07:58,08:10,12,41,22,Main Line,Sealdah,UP
31153,Sealdah - Naihati Local,Sealdah,Naihati,07:19,08:23,08:31,8,64,38,Main Line,Sealdah,UP
32207,Sealdah - Dankuni Local,Sealdah,Dankuni,07:20,08:05,08:11,6,45,22,Chord Link,Sealdah,UP
33095,Sealdah - Diamond Harbour Local,Sealdah,Diamond Harbour,07:20,08:54,09:12,18,94,60,South Line,Sealdah,UP
33447,Sealdah - Lakshmikantapur Local,Sealdah,Lakshmikantapur,07:21,08:54,09:04,10,93,62,South Line,Sealdah,UP
31945,Sealdah - Bangaon Local,Sealdah,Bangaon,07:25,09:29,09:44,15,124,77,Bangaon Line,Sealdah,UP
32901,Sealdah - Baruipur Local,Sealdah,Baruipur,07:25,08:18,08:31,13,53,25,South Line,Sealdah,UP
32687,Sealdah - Sonarpur Local,Sealdah,Sonarpur,07:27,07:59,08:06,7,32,17,South Line,Sealdah,UP
31383,Sealdah - Kalyani Simanta Local,Sealdah,Kalyani Simanta,07:28,08:56,09:14,18,88,53,Main Line,Sealdah,UP
31517,Sealdah - Ranaghat Local,Sealdah,Ranaghat,07:28,09:19,09:36,17,111,73,Main Line,Sealdah,UP
32511,Sealdah - Budge Budge Local,Sealdah,Budge Budge,07:28,08:26,08:39,13,58,26,South Line,Sealdah,UP
33347,Sealdah - Canning Local,Sealdah,Canning,07:29,08:41,08:54,13,72,45,South Line,Sealdah,UP
31155,Sealdah - Naihati Local,Sealdah,Naihati,07:31,08:32,08:39,7,61,38,Main Line,Sealdah,UP
31769,Sealdah - Shantipur Local,Sealdah,Shantipur,07:31,09:44,09:49,5,133,93,Main Line,Sealdah,UP
32343,Sealdah - Barrackpore Local,Sealdah,Barrackpore,07:31,08:13,08:20,7,42,22,Main Line,Sealdah,UP
31671,Sealdah - Krishnanagar Local,Sealdah,Krishnanagar,07:32,09:54,10:06,12,142,100,Main Line,Sealdah,UP
33281,Sealdah - Namkhana Local,Sealdah,Namkhana,07:32,10:12,10:14,2,160,109,South Line,Sealdah,UP
32101,Sealdah - Hasnabad Local,Sealdah,Hasnabad,07:33,09:44,10:00,16,131,75,Bangaon Line,Sealdah,UP
31947,Sealdah - Bangaon Local,Sealdah,Bangaon,07:38,09:46,09:58,12,128,77,Bangaon Line,Sealdah,UP
33545,Sealdah - Majerhat Local,Sealdah,Majerhat,07:38,08:17,08:36,19,39,15,Circular Railway,Sealdah,UP
31157,Sealdah - Naihati Local,Sealdah,Naihati,07:39,08:44,09:02,18,65,38,Main Line,Sealdah,UP
32689,Sealdah - Sonarpur Local,Sealdah,Sonarpur,07:39,08:13,08:28,15,34,17,South Line,Sealdah,UP
32903,Sealdah - Baruipur Local,Sealdah,Baruipur,07:39,08:31,08:50,19,52,25,South Line,Sealdah,UP
33097,Sealdah - Diamond Harbour Local,Sealdah,Diamond Harbour,07:39,09:18,09:34,16,99,60,South Line,Sealdah,UP
32209,Sealdah - Dankuni Local,Sealdah,Dankuni,07:40,08:24,08:40,16,44,22,Chord Link,Sealdah,UP
33213,Sealdah - Kakdwip Local,Sealdah,Kakdwip,07:42,10:00,10:05,5,138,95,South Line,Sealdah,UP
31519,Sealdah - Ranaghat Local,Sealdah,Ranaghat,07:43,09:35,09:43,8,112,73,Main Line,Sealdah,UP
32513,Sealdah - Budge Budge Local,Sealdah,Budge Budge,07:44,08:36,08:50,14,52,26,South Line,Sealdah,UP
31853,Sealdah - Gede Local,Sealdah,Gede,07:45,10:33,10:37,4,168,117,Main Line,Sealdah,UP
32345,Sealdah - Barrackpore Local,Sealdah,Barrackpore,07:46,08:25,08:42,17,39,22,Main Line,Sealdah,UP
33449,Sealdah - Lakshmikantapur Local,Sealdah,Lakshmikantapur,07:46,09:24,09:34,10,98,62,South Line,Sealdah,UP
31159,Sealdah - Naihati Local,Sealdah,Naihati,07:48,08:52,09:01,9,64,38,Main Line,Sealdah,UP
31385,Sealdah - Kalyani Simanta Local,Sealdah,Kalyani Simanta,07:48,09:13,09:27,14,85,53,Main Line,Sealdah,UP
32905,Sealdah - Baruipur Local,Sealdah,Baruipur,07:49,08:41,08:59,18,52,25,South Line,Sealdah,UP
32691,Sealdah - Sonarpur Local,Sealdah,Sonarpur,07:53,08:32,08:50,18,39,17,South Line,Sealdah,UP
33349,Sealdah - Canning Local,Sealdah,Canning,07:53,09:04,09:22,18,71,45,South Line,Sealdah,UP
31949,Sealdah - Bangaon Local,Sealdah,Bangaon,07:54,09:56,09:58,2,122,77,Bangaon Line,Sealdah,UP
31161,Sealdah - Naihati Local,Sealdah,Naihati,07:56,09:03,09:12,9,67,38,Main Line,Sealdah,UP
33099,Sealdah - Diamond Harbour Local,Sealdah,Diamond Harbour,07:57,09:29,09:36,7,92,60,South Line,Sealdah,UP
31673,Sealdah - Krishnanagar Local,Sealdah,Krishnanagar,07:59,10:25,10:29,4,146,100,Main Line,Sealdah,UP
31771,Sealdah - Shantipur Local,Sealdah,Shantipur,07:59,10:14,10:20,6,135,93,Main Line,Sealdah,UP
32103,Sealdah - Hasnabad Local,Sealdah,Hasnabad,07:59,10:11,10:25,14,132,75,Bangaon Line,Sealdah,UP
32347,Sealdah - Barrackpore Local,Sealdah,Barrackpore,07:59,08:35,08:51,16,36,22,Main Line,Sealdah,UP
32515,Sealdah - Budge Budge Local,Sealdah,Budge Budge,07:59,08:50,09:05,15,51,26,South Line,Sealdah,UP
31521,Sealdah - Ranaghat Local,Sealdah,Ranaghat,08:00,09:54,10:11,17,114,73,Main Line,Sealdah,UP
32907,Sealdah - Baruipur Local,Sealdah,Baruipur,08:00,08:46,09:05,19,46,25,South Line,Sealdah,UP
32211,Sealdah - Dankuni Local,Sealdah,Dankuni,08:02,08:49,09:01,12,47,22,Chord Link,Sealdah,UP
31163,Sealdah - Naihati Local,Sealdah,Naihati,08:04,09:12,09:16,4,68,38,Main Line,Sealdah,UP
32693,Sealdah - Sonarpur Local,Sealdah,Sonarpur,08:04,08:41,08:52,11,37,17,South Line,Sealdah,UP
31387,Sealdah - Kalyani Simanta Local,Sealdah,Kalyani Simanta,08:06,09:31,09:42,11,85,53,Main Line,Sealdah,UP
31951,Sealdah - Bangaon Local,Sealdah,Bangaon,08:07,10:16,10:33,17,129,77,Bangaon Line,Sealdah,UP
33547,Sealdah - Majerhat Local,Sealdah,Majerhat,08:09,08:50,09:03,13,41,15,Circular Railway,Sealdah,UP
32909,Sealdah - Baruipur Local,Sealdah,Baruipur,08:11,09:02,09:05,3,51,25,South Line,Sealdah,UP
33451,Sealdah - Lakshmikantapur Local,Sealdah,Lakshmikantapur,08:11,09:43,09:53,10,92,62,South Line,Sealdah,UP
32349,Sealdah - Barrackpore Local,Sealdah,Barrackpore,08:13,08:57,09:01,4,44,22,Main Line,Sealdah,UP
31165,Sealdah - Naihati Local,Sealdah,Naihati,08:14,09:17,09:33,16,63,38,Main Line,Sealdah,UP
31523,Sealdah - Ranaghat Local,Sealdah,Ranaghat,08:14,10:06,10:10,4,112,73,Main Line,Sealdah,UP
32517,Sealdah - Budge Budge Local,Sealdah,Budge Budge,08:14,09:05,09:24,19,51,26,South Line,Sealdah,UP
32695,Sealdah - Sonarpur Local,Sealdah,Sonarpur,08:16,08:48,08:57,9,32,17,South Line,Sealdah,UP
33101,Sealdah - Diamond Harbour Local,Sealdah,Diamond Harbour,08:16,09:47,10:05,18,91,60,South Line,Sealdah,UP
33283,Sealdah - Namkhana Local,Sealdah,Namkhana,08:17,11:01,11:10,9,164,109,South Line,Sealdah,UP
33351,Sealdah - Canning Local,Sealdah,Canning,08:17,09:35,09:43,8,78,45,South Line,Sealdah,UP
31855,Sealdah - Gede Local,Sealdah,Gede,08:18,11:04,11:12,8,166,117,Main Line,Sealdah,UP
33215,Sealdah - Kakdwip Local,Sealdah,Kakdwip,08:19,10:37,10:41,4,138,95,South Line,Sealdah,UP
32213,Sealdah - Dankuni Local,Sealdah,Dankuni,08:21,09:10,09:12,2,49,22,Chord Link,Sealdah,UP
32911,Sealdah - Baruipur Local,Sealdah,Baruipur,08:21,09:10,09:15,5,49,25,South Line,Sealdah,UP
32105,Sealdah - Hasnabad Local,Sealdah,Hasnabad,08:22,10:36,10:42,6,134,75,Bangaon Line,Sealdah,UP
31953,Sealdah - Bangaon Local,Sealdah,Bangaon,08:23,10:32,10:34,2,129,77,Bangaon Line,Sealdah,UP
31167,Sealdah - Naihati Local,Sealdah,Naihati,08:24,09:30,09:46,16,66,38,Main Line,Sealdah,UP
31389,Sealdah - Kalyani Simanta Local,Sealdah,Kalyani Simanta,08:25,09:51,09:57,6,86,53,Main Line,Sealdah,UP
31675,Sealdah - Krishnanagar Local,Sealdah,Krishnanagar,08:25,10:52,11:06,14,147,100,Main Line,Sealdah,UP
32519,Sealdah - Budge Budge Local,Sealdah,Budge Budge,08:27,09:19,09:28,9,52,26,South Line,Sealdah,UP
32351,Sealdah - Barrackpore Local,Sealdah,Barrackpore,08:28,09:10,09:19,9,42,22,Main Line,Sealdah,UP
31525,Sealdah - Ranaghat Local,Sealdah,Ranaghat,08:29,10:23,10:29,6,114,73,Main Line,Sealdah,UP
31773,Sealdah - Shantipur Local,Sealdah,Shantipur,08:29,10:45,10:55,10,136,93,Main Line,Sealdah,UP
32697,Sealdah - Sonarpur Local,Sealdah,Sonarpur,08:30,09:07,09:09,2,37,17,South Line,Sealdah,UP
32913,Sealdah - Baruipur Local,Sealdah,Baruipur,08:32,09:26,09:31,5,54,25,South Line,Sealdah,UP
31169,Sealdah - Naihati Local,Sealdah,Naihati,08:34,09:39,09:43,4,65,38,Main Line,Sealdah,UP
31955,Sealdah - Bangaon Local,Sealdah,Bangaon,08:36,10:40,10:43,3,124,77,Bangaon Line,Sealdah,UP
33103,Sealdah - Diamond Harbour Local,Sealdah,Diamond Harbour,08:36,10:11,10:20,9,95,60,South Line,Sealdah,UP
33453,Sealdah - Lakshmikantapur Local,Sealdah,Lakshmikantapur,08:38,10:15,10:25,10,97,62,South Line,Sealdah,UP
33549,Sealdah - Majerhat Local,Sealdah,Majerhat,08:38,09:19,09:22,3,41,15,Circular Railway,Sealdah,UP
32215,Sealdah - Dankuni Local,Sealdah,Dankuni,08:42,09:24,09:39,15,42,22,Chord Link,Sealdah,UP
32521,Sealdah - Budge Budge Local,Sealdah,Budge Budge,08:42,09:36,09:51,15,54,26,South Line,Sealdah,UP
32699,Sealdah - Sonarpur Local,Sealdah,Sonarpur,08:42,09:13,09:18,5,31,17,South Line,Sealdah,UP
31171,Sealdah - Naihati Local,Sealdah,Naihati,08:43,09:46,09:53,7,63,38,Main Line,Sealdah,UP
31527,Sealdah - Ranaghat Local,Sealdah,Ranaghat,08:43,10:42,10:54,12,119,73,Main Line,Sealdah,UP
33353,Sealdah - Canning Local,Sealdah,Canning,08:44,09:56,10:00,4,72,45,South Line,Sealdah,UP
31391,Sealdah - Kalyani Simanta Local,Sealdah,Kalyani Simanta,08:45,10:07,10:16,9,82,53,Main Line,Sealdah,UP
32107,Sealdah - Hasnabad Local,Sealdah,Hasnabad,08:45,10:56,11:00,4,131,75,Bangaon Line,Sealdah,UP
32353,Sealdah - Barrackpore Local,Sealdah,Barrackpore,08:45,09:23,09:38,15,38,22,Main Line,Sealdah,UP
32915,Sealdah - Baruipur Local,Sealdah,Baruipur,08:45,09:35,09:49,14,50,25,South Line,Sealdah,UP
31677,Sealdah - Krishnanagar Local,Sealdah,Krishnanagar,08:50,11:12,11:26,14,142,100,Main Line,Sealdah,UP
31173,Sealdah - Naihati Local,Sealdah,Naihati,08:51,09:55,09:58,3,64,38,Main Line,Sealdah,UP
31857,Sealdah - Gede Local,Sealdah,Gede,08:51,11:40,11:54,14,169,117,Main Line,Sealdah,UP
31957,Sealdah - Bangaon Local,Sealdah,Bangaon,08:53,10:58,11:05,7,125,77,Bangaon Line,Sealdah,UP
32701,Sealdah - Sonarpur Local,Sealdah,Sonarpur,08:53,09:25,09:42,17,32,17,South Line,Sealdah,UP
32523,Sealdah - Budge Budge Local,Sealdah,Budge Budge,08:56,09:49,09:52,3,53,26,South Line,Sealdah,UP
33217,Sealdah - Kakdwip Local,Sealdah,Kakdwip,08:56,11:13,11:22,9,137,95,South Line,Sealdah,UP
31529,Sealdah - Ranaghat Local,Sealdah,Ranaghat,08:57,10:50,11:08,18,113,73,Main Line,Sealdah,UP
33105,Sealdah - Diamond Harbour Local,Sealdah,Diamond Harbour,08:57,10:28,10:31,3,91,60,South Line,Sealdah,UP
31775,Sealdah - Shantipur Local,Sealdah,Shantipur,08:59,11:12,11:23,11,133,93,Main Line,Sealdah,UP
32917,Sealdah - Baruipur Local,Sealdah,Baruipur,08:59,09:49,10:06,17,50,25,South Line,Sealdah,UP
32355,Sealdah - Barrackpore Local,Sealdah,Barrackpore,09:00,09:41,09:48,7,41,22,Main Line,Sealdah,UP
33285,Sealdah - Namkhana Local,Sealdah,Namkhana,09:01,11:45,11:48,3,164,109,South Line,Sealdah,UP
32217,Sealdah - Dankuni Local,Sealdah,Dankuni,09:02,09:44,09:47,3,42,22,Chord Link,Sealdah,UP
33455,Sealdah - Lakshmikantapur Local,Sealdah,Lakshmikantapur,09:02,10:35,10:49,14,93,62,South Line,Sealdah,UP
31175,Sealdah - Naihati Local,Sealdah,Naihati,09:03,10:11,10:27,16,68,38,Main Line,Sealdah,UP
32703,Sealdah - Sonarpur Local,Sealdah,Sonarpur,09:04,09:36,09:39,3,32,17,South Line,Sealdah,UP
31393,Sealdah - Kalyani Simanta Local,Sealdah,Kalyani Simanta,09:07,10:30,10:38,8,83,53,Main Line,Sealdah,UP
31959,Sealdah - Bangaon Local,Sealdah,Bangaon,09:07,11:08,11:12,4,121,77,Bangaon Line,Sealdah,UP
32109,Sealdah - Hasnabad Local,Sealdah,Hasnabad,09:09,11:19,11:28,9,130,75,Bangaon Line,Sealdah,UP
33551,Sealdah - Majerhat Local,Sealdah,Majerhat,09:09,09:53,10:08,15,44,15,Circular Railway,Sealdah,UP
31531,Sealdah - Ranaghat Local,Sealdah,Ranaghat,09:10,11:07,11:15,8,117,73,Main Line,Sealdah,UP
32919,Sealdah - Baruipur Local,Sealdah,Baruipur,09:11,09:58,10:06,8,47,25,South Line,Sealdah,UP
33355,Sealdah - Canning Local,Sealdah,Canning,09:11,10:23,10:25,2,72,45,South Line,Sealdah,UP
31177,Sealdah - Naihati Local,Sealdah,Naihati,09:12,10:17,10:35,18,65,38,Main Line,Sealdah,UP
32525,Sealdah - Budge Budge Local,Sealdah,Budge Budge,09:13,10:06,10:16,10,53,26,South Line,Sealdah,UP
32357,Sealdah - Barrackpore Local,Sealdah,Barrackpore,09:14,09:56,10:10,14,42,22,Main Line,Sealdah,UP
31679,Sealdah - Krishnanagar Local,Sealdah,Krishnanagar,09:15,11:43,12:01,18,148,100,Main Line,Sealdah,UP
32705,Sealdah - Sonarpur Local,Sealdah,Sonarpur,09:17,09:48,09:59,11,31,17,South Line,Sealdah,UP
33107,Sealdah - Diamond Harbour Local,Sealdah,Diamond Harbour,09:19,10:50,11:01,11,91,60,South Line,Sealdah,UP
32921,Sealdah - Baruipur Local,Sealdah,Baruipur,09:22,10:14,10:19,5,52,25,South Line,Sealdah,UP
31179,Sealdah - Naihati Local,Sealdah,Naihati,09:23,10:27,10:36,9,64,38,Main Line,Sealdah,UP
31533,Sealdah - Ranaghat Local,Sealdah,Ranaghat,09:23,11:21,11:40,19,118,73,Main Line,Sealdah,UP
31961,Sealdah - Bangaon Local,Sealdah,Bangaon,09:23,11:29,11:44,15,126,77,Bangaon Line,Sealdah,UP
32219,Sealdah - Dankuni Local,Sealdah,Dankuni,09:23,10:06,10:25,19,43,22,Chord Link,Sealdah,UP
31859,Sealdah - Gede Local,Sealdah,Gede,09:24,12:05,12:20,15,161,117,Main Line,Sealdah,UP
31395,Sealdah - Kalyani Simanta Local,Sealdah,Kalyani Simanta,09:26,10:53,11:09,16,87,53,Main Line,Sealdah,UP
31777,Sealdah - Shantipur Local,Sealdah,Shantipur,09:27,11:44,11:49,5,137,93,Main Line,Sealdah,UP
32359,Sealdah - Barrackpore Local,Sealdah,Barrackpore,09:28,10:07,10:21,14,39,22,Main Line,Sealdah,UP
33457,Sealdah - Lakshmikantapur Local,Sealdah,Lakshmikantapur,09:28,10:59,11:08,9,91,62,South Line,Sealdah,UP
32527,Sealdah - Budge Budge Local,Sealdah,Budge Budge,09:30,10:29,10:48,19,59,26,South Line,Sealdah,UP
32707,Sealdah - Sonarpur Local,Sealdah,Sonarpur,09:30,10:03,10:16,13,33,17,South Line,Sealdah,UP
33219,Sealdah - Kakdwip Local,Sealdah,Kakdwip,09:30,11:51,12:06,15,141,95,South Line,Sealdah,UP
32923,Sealdah - Baruipur Local,Sealdah,Baruipur,09:32,10:26,10:29,3,54,25,South Line,Sealdah,UP
31181,Sealdah - Naihati Local,Sealdah,Naihati,09:35,10:36,10:55,19,61,38,Main Line,Sealdah,UP
32111,Sealdah - Hasnabad Local,Sealdah,Hasnabad,09:36,11:48,11:51,3,132,75,Bangaon Line,Sealdah,UP
33357,Sealdah - Canning Local,Sealdah,Canning,09:36,10:48,11:00,12,72,45,South Line,Sealdah,UP
31535,Sealdah - Ranaghat Local,Sealdah,Ranaghat,09:39,11:30,11:40,10,111,73,Main Line,Sealdah,UP
31681,Sealdah - Krishnanagar Local,Sealdah,Krishnanagar,09:39,12:08,12:21,13,149,100,Main Line,Sealdah,UP
31963,Sealdah - Bangaon Local,Sealdah,Bangaon,09:40,11:47,12:05,18,127,77,Bangaon Line,Sealdah,UP
33109,Sealdah - Diamond Harbour Local,Sealdah,Diamond Harbour,09:41,11:12,11:28,16,91,60,South Line,Sealdah,UP
33553,Sealdah - Majerhat Local,Sealdah,Majerhat,09:41,10:21,10:39,18,40,15,Circular Railway,Sealdah,UP
32221,Sealdah - Dankuni Local,Sealdah,Dankuni,09:42,10:28,10:47,19,46,22,Chord Link,Sealdah,UP
32709,Sealdah - Sonarpur Local,Sealdah,Sonarpur,09:42,10:13,10:20,7,31,17,South Line,Sealdah,UP
31183,Sealdah - Naihati Local,Sealdah,Naihati,09:45,10:46,11:04,18,61,38,Main Line,Sealdah,UP
31397,Sealdah - Kalyani Simanta Local,Sealdah,Kalyani Simanta,09:45,11:09,11:28,19,84,53,Main Line,Sealdah,UP
32361,Sealdah - Barrackpore Local,Sealdah,Barrackpore,09:45,10:29,10:38,9,44,22,Main Line,Sealdah,UP
32529,Sealdah - Budge Budge Local,Sealdah,Budge Budge,09:45,10:43,10:53,10,58,26,South Line,Sealdah,UP
32925,Sealdah - Baruipur Local,Sealdah,Baruipur,09:46,10:34,10:41,7,48,25,South Line,Sealdah,UP
33287,Sealdah - Namkhana Local,Sealdah,Namkhana,09:47,12:24,12:30,6,157,109,South Line,Sealdah,UP
33459,Sealdah - Lakshmikantapur Local,Sealdah,Lakshmikantapur,09:51,11:30,11:43,13,99,62,South Line,Sealdah,UP
32711,Sealdah - Sonarpur Local,Sealdah,Sonarpur,09:52,10:23,10:35,12,31,17,South Line,Sealdah,UP
31185,Sealdah - Naihati Local,Sealdah,Naihati,09:54,11:01,11:03,2,67,38,Main Line,Sealdah,UP
31537,Sealdah - Ranaghat Local,Sealdah,Ranaghat,09:54,11:49,12:01,12,115,73,Main Line,Sealdah,UP
31965,Sealdah - Bangaon Local,Sealdah,Bangaon,09:54,11:56,12:06,10,122,77,Bangaon Line,Sealdah,UP
31779,Sealdah - Shantipur Local,Sealdah,Shantipur,09:56,12:09,12:12,3,133,93,Main Line,Sealdah,UP
31861,Sealdah - Gede Local,Sealdah,Gede,09:58,12:46,12:59,13,168,117,Main Line,Sealdah,UP
32113,Sealdah - Hasnabad Local,Sealdah,Hasnabad,09:59,12:12,12:17,5,133,75,Bangaon Line,Sealdah,UP
32927,Sealdah - Baruipur Local,Sealdah,Baruipur,09:59,10:50,10:55,5,51,25,South Line,Sealdah,UP
33111,Sealdah - Diamond Harbour Local,Sealdah,Diamond Harbour,09:59,11:31,11:50,19,92,60,South Line,Sealdah,UP
32363,Sealdah - Barrackpore Local,Sealdah,Barrackpore,10:01,10:41,10:57,16,40,22,Main Line,Sealdah,UP
32531,Sealdah - Budge Budge Local,Sealdah,Budge Budge,10:01,10:58,11:12,14,57,26,South Line,Sealdah,UP
33359,Sealdah - Canning Local,Sealdah,Canning,10:01,11:19,11:37,18,78,45,South Line,Sealdah,UP
31683,Sealdah - Krishnanagar Local,Sealdah,Krishnanagar,10:02,12:26,12:33,7,144,100,Main Line,Sealdah,UP
32223,Sealdah - Dankuni Local,Sealdah,Dankuni,10:03,10:44,11:01,17,41,22,Chord Link,Sealdah,UP
32713,Sealdah - Sonarpur Local,Sealdah,Sonarpur,10:03,10:41,10:54,13,38,17,South Line,Sealdah,UP
31187,Sealdah - Naihati Local,Sealdah,Naihati,10:04,11:06,11:12,6,62,38,Main Line,Sealdah,UP
31399,Sealdah - Kalyani Simanta Local,Sealdah,Kalyani Simanta,10:04,11:31,11:49,18,87,53,Main Line,Sealdah,UP
33221,Sealdah - Kakdwip Local,Sealdah,Kakdwip,10:06,12:28,12:30,2,142,95,South Line,Sealdah,UP
31539,Sealdah - Ranaghat Local,Sealdah,Ranaghat,10:08,12:06,12:17,11,118,73,Main Line,Sealdah,UP
31967,Sealdah - Bangaon Local,Sealdah,Bangaon,10:08,12:14,12:30,16,126,77,Bangaon Line,Sealdah,UP
32929,Sealdah - Baruipur Local,Sealdah,Baruipur,10:09,11:01,11:13,12,52,25,South Line,Sealdah,UP
33555,Sealdah - Majerhat Local,Sealdah,Majerhat,10:09,10:49,11:03,14,40,15,Circular Railway,Sealdah,UP
31189,Sealdah - Naihati Local,Sealdah,Naihati,10:14,11:20,11:26,6,66,38,Main Line,Sealdah,UP
32715,Sealdah - Sonarpur Local,Sealdah,Sonarpur,10:14,10:53,10:55,2,39,17,South Line,Sealdah,UP
32533,Sealdah - Budge Budge Local,Sealdah,Budge Budge,10:15,11:08,11:21,13,53,26,South Line,Sealdah,UP
33461,Sealdah - Lakshmikantapur Local,Sealdah,Lakshmikantapur,10:15,11:52,12:04,12,97,62,South Line,Sealdah,UP
32365,Sealdah - Barrackpore Local,Sealdah,Barrackpore,10:16,10:59,11:17,18,43,22,Main Line,Sealdah,UP
33113,Sealdah - Diamond Harbour Local,Sealdah,Diamond Harbour,10:17,11:55,12:00,5,98,60,South Line,Sealdah,UP
32931,Sealdah - Baruipur Local,Sealdah,Baruipur,10:19,11:09,11:25,16,50,25,South Line,Sealdah,UP
31401,Sealdah - Kalyani Simanta Local,Sealdah,Kalyani Simanta,10:22,11:48,11:58,10,86,53,Main Line,Sealdah,UP
32225,Sealdah - Dankuni Local,Sealdah,Dankuni,10:22,11:09,11:22,13,47,22,Chord Link,Sealdah,UP
31191,Sealdah - Naihati Local,Sealdah,Naihati,10:23,11:31,11:37,6,68,38,Main Line,Sealdah,UP
31541,Sealdah - Ranaghat Local,Sealdah,Ranaghat,10:23,12:17,12:28,11,114,73,Main Line,Sealdah,UP
31781,Sealdah - Shantipur Local,Sealdah,Shantipur,10:24,12:36,12:54,18,132,93,Main Line,Sealdah,UP
31969,Sealdah - Bangaon Local,Sealdah,Bangaon,10:25,12:34,12:40,6,129,77,Bangaon Line,Sealdah,UP
33361,Sealdah - Canning Local,Sealdah,Canning,10:25,11:41,11:58,17,76,45,South Line,Sealdah,UP
32115,Sealdah - Hasnabad Local,Sealdah,Hasnabad,10:26,12:36,12:44,8,130,75,Bangaon Line,Sealdah,UP
32717,Sealdah - Sonarpur Local,Sealdah,Sonarpur,10:26,11:01,11:11,10,35,17,South Line,Sealdah,UP
31685,Sealdah - Krishnanagar Local,Sealdah,Krishnanagar,10:27,12:55,12:59,4,148,100,Main Line,Sealdah,UP
32535,Sealdah - Budge Budge Local,Sealdah,Budge Budge,10:29,11:26,11:42,16,57,26,South Line,Sealdah,UP
32933,Sealdah - Baruipur Local,Sealdah,Baruipur,10:29,11:22,11:39,17,53,25,South Line,Sealdah,UP
33289,Sealdah - Namkhana Local,Sealdah,Namkhana,10:30,13:13,13:32,19,163,109,South Line,Sealdah,UP
31193,Sealdah - Naihati Local,Sealdah,Naihati,10:32,11:40,11:55,15,68,38,Main Line,Sealdah,UP
31863,Sealdah - Gede Local,Sealdah,Gede,10:32,13:21,13:25,4,169,117,Main Line,Sealdah,UP
32367,Sealdah - Barrackpore Local,Sealdah,Barrackpore,10:32,11:10,11:23,13,38,22,Main Line,Sealdah,UP
31543,Sealdah - Ranaghat Local,Sealdah,Ranaghat,10:36,12:30,12:40,10,114,73,Main Line,Sealdah,UP
31971,Sealdah - Bangaon Local,Sealdah,Bangaon,10:38,12:47,12:55,8,129,77,Bangaon Line,Sealdah,UP
33115,Sealdah - Diamond Harbour Local,Sealdah,Diamond Harbour,10:38,12:10,12:20,10,92,60,South Line,Sealdah,UP
33557,Sealdah - Majerhat Local,Sealdah,Majerhat,10:38,11:20,11:34,14,42,15,Circular Railway,Sealdah,UP
32719,Sealdah - Sonarpur Local,Sealdah,Sonarpur,10:40,11:16,11:35,19,36,17,South Line,Sealdah,UP
32227,Sealdah - Dankuni Local,Sealdah,Dankuni,10:42,11:30,11:36,6,48,22,Chord Link,Sealdah,UP
33463,Sealdah - Lakshmikantapur Local,Sealdah,Lakshmikantapur,10:42,12:14,12:28,14,92,62,South Line,Sealdah,UP
31195,Sealdah - Naihati Local,Sealdah,Naihati,10:43,11:48,11:53,5,65,38,Main Line,Sealdah,UP
31403,Sealdah - Kalyani Simanta Local,Sealdah,Kalyani Simanta,10:43,12:11,12:14,3,88,53,Main Line,Sealdah,UP
32935,Sealdah - Baruipur Local,Sealdah,Baruipur,10:43,11:30,11:47,17,47,25,South Line,Sealdah,UP
33223,Sealdah - Kakdwip Local,Sealdah,Kakdwip,10:43,13:02,13:12,10,139,95,South Line,Sealdah,UP
32537,Sealdah - Budge Budge Local,Sealdah,Budge Budge,10:45,11:39,11:49,10,54,26,South Line,Sealdah,UP
32369,Sealdah - Barrackpore Local,Sealdah,Barrackpore,10:48,11:26,11:33,7,38,22,Main Line,Sealdah,UP
31687,Sealdah - Krishnanagar Local,Sealdah,Krishnanagar,10:50,13:17,13:29,12,147,100,Main Line,Sealdah,UP
33363,Sealdah - Canning Local,Sealdah,Canning,10:50,12:04,12:06,2,74,45,South Line,Sealdah,UP
31545,Sealdah - Ranaghat Local,Sealdah,Ranaghat,10:51,12:43,12:48,5,112,73,Main Line,Sealdah,UP
32721,Sealdah - Sonarpur Local,Sealdah,Sonarpur,10:51,11:26,11:40,14,35,17,South Line,Sealdah,UP
31197,Sealdah - Naihati Local,Sealdah,Naihati,10:52,11:56,12:10,14,64,38,Main Line,Sealdah,UP
31783,Sealdah - Shantipur Local,Sealdah,Shantipur,10:52,13:06,13:20,14,134,93,Main Line,Sealdah,UP
32117,Sealdah - Hasnabad Local,Sealdah,Hasnabad,10:53,13:00,13:03,3,127,75,Bangaon Line,Sealdah,UP
32937,Sealdah - Baruipur Local,Sealdah,Baruipur,10:54,11:43,11:53,10,49,25,South Line,Sealdah,UP
31973,Sealdah - Bangaon Local,Sealdah,Bangaon,10:55,13:04,13:13,9,129,77,Bangaon Line,Sealdah,UP
32539,Sealdah - Budge Budge Local,Sealdah,Budge Budge,10:58,11:55,12:03,8,57,26,South Line,Sealdah,UP
33117,Sealdah - Diamond Harbour Local,Sealdah,Diamond Harbour,10:59,12:34,12:39,5,95,60,South Line,Sealdah,UP
31199,Sealdah - Naihati Local,Sealdah,Naihati,11:01,12:10,12:29,19,69,38,Main Line,Sealdah,UP
32229,Sealdah - Dankuni Local,Sealdah,Dankuni,11:01,11:47,11:51,4,46,22,Chord Link,Sealdah,UP
32723,Sealdah - Sonarpur Local,Sealdah,Sonarpur,11:02,11:33,11:40,7,31,17,South Line,Sealdah,UP
32371,Sealdah - Barrackpore Local,Sealdah,Barrackpore,11:03,11:47,12:00,13,44,22,Main Line,Sealdah,UP
32939,Sealdah - Baruipur Local,Sealdah,Baruipur,11:04,11:54,12:07,13,50,25,South Line,Sealdah,UP
31405,Sealdah - Kalyani Simanta Local,Sealdah,Kalyani Simanta,11:05,12:26,12:35,9,81,53,Main Line,Sealdah,UP
33465,Sealdah - Lakshmikantapur Local,Sealdah,Lakshmikantapur,11:06,12:44,12:46,2,98,62,South Line,Sealdah,UP
33559,Sealdah - Majerhat Local,Sealdah,Majerhat,11:06,11:43,11:48,5,37,15,Circular Railway,Sealdah,UP
31547,Sealdah - Ranaghat Local,Sealdah,Ranaghat,11:07,13:01,13:13,12,114,73,Main Line,Sealdah,UP
31865,Sealdah - Gede Local,Sealdah,Gede,11:08,13:51,13:55,4,163,117,Main Line,Sealdah,UP
31975,Sealdah - Bangaon Local,Sealdah,Bangaon,11:12,13:19,13:33,14,127,77,Bangaon Line,Sealdah,UP
32725,Sealdah - Sonarpur Local,Sealdah,Sonarpur,11:12,11:49,12:07,18,37,17,South Line,Sealdah,UP
31201,Sealdah - Naihati Local,Sealdah,Naihati,11:13,12:20,12:31,11,67,38,Main Line,Sealdah,UP
32541,Sealdah - Budge Budge Local,Sealdah,Budge Budge,11:14,12:05,12:18,13,51,26,South Line,Sealdah,UP
33365,Sealdah - Canning Local,Sealdah,Canning,11:14,12:29,12:45,16,75,45,South Line,Sealdah,UP
31689,Sealdah - Krishnanagar Local,Sealdah,Krishnanagar,11:15,13:38,13:49,11,143,100,Main Line,Sealdah,UP
32941,Sealdah - Baruipur Local,Sealdah,Baruipur,11:15,12:08,12:23,15,53,25,South Line,Sealdah,UP
33291,Sealdah - Namkhana Local,Sealdah,Namkhana,11:15,13:54,14:08,14,159,109,South Line,Sealdah,UP
32373,Sealdah - Barrackpore Local,Sealdah,Barrackpore,11:17,11:55,12:01,6,38,22,Main Line,Sealdah,UP
33225,Sealdah - Kakdwip Local,Sealdah,Kakdwip,11:19,13:41,13:48,7,142,95,South Line,Sealdah,UP
32119,Sealdah - Hasnabad Local,Sealdah,Hasnabad,11:20,13:27,13:30,3,127,75,Bangaon Line,Sealdah,UP
32231,Sealdah - Dankuni Local,Sealdah,Dankuni,11:21,12:02,12:20,18,41,22,Chord Link,Sealdah,UP
33119,Sealdah - Diamond Harbour Local,Sealdah,Diamond Harbour,11:21,12:54,12:59,5,93,60,South Line,Sealdah,UP
31203,Sealdah - Naihati Local,Sealdah,Naihati,11:23,12:30,12:45,15,67,38,Main Line,Sealdah,UP
31549,Sealdah - Ranaghat Local,Sealdah,Ranaghat,11:24,13:19,13:30,11,115,73,Main Line,Sealdah,UP
31785,Sealdah - Shantipur Local,Sealdah,Shantipur,11:24,13:41,13:45,4,137,93,Main Line,Sealdah,UP
32727,Sealdah - Sonarpur Local,Sealdah,Sonarpur,11:24,12:03,12:07,4,39,17,South Line,Sealdah,UP
31977,Sealdah - Bangaon Local,Sealdah,Bangaon,11:25,13:26,13:42,16,121,77,Bangaon Line,Sealdah,UP
32943,Sealdah - Baruipur Local,Sealdah,Baruipur,11:25,12:15,12:22,7,50,25,South Line,Sealdah,UP
31407,Sealdah - Kalyani Simanta Local,Sealdah,Kalyani Simanta,11:26,12:53,13:11,18,87,53,Main Line,Sealdah,UP
32543,Sealdah - Budge Budge Local,Sealdah,Budge Budge,11:30,12:24,12:37,13,54,26,South Line,Sealdah,UP
33467,Sealdah - Lakshmikantapur Local,Sealdah,Lakshmikantapur,11:30,13:01,13:13,12,91,62,South Line,Sealdah,UP
32375,Sealdah - Barrackpore Local,Sealdah,Barrackpore,11:33,12:09,12:14,5,36,22,Main Line,Sealdah,UP
31205,Sealdah - Naihati Local,Sealdah,Naihati,11:35,12:39,12:46,7,64,38,Main Line,Sealdah,UP
32945,Sealdah - Baruipur Local,Sealdah,Baruipur,11:35,12:28,12:30,2,53,25,South Line,Sealdah,UP
32729,Sealdah - Sonarpur Local,Sealdah,Sonarpur,11:36,12:11,12:28,17,35,17,South Line,Sealdah,UP
33561,Sealdah - Majerhat Local,Sealdah,Majerhat,11:36,12:14,12:30,16,38,15,Circular Railway,Sealdah,UP
33367,Sealdah - Canning Local,Sealdah,Canning,11:37,12:49,13:07,18,72,45,South Line,Sealdah,UP
31551,Sealdah - Ranaghat Local,Sealdah,Ranaghat,11:38,13:30,13:39,9,112,73,Main Line,Sealdah,UP
31691,Sealdah - Krishnanagar Local,Sealdah,Krishnanagar,11:38,13:59,14:12,13,141,100,Main Line,Sealdah,UP
31979,Sealdah - Bangaon Local,Sealdah,Bangaon,11:41,13:47,13:58,11,126,77,Bangaon Line,Sealdah,UP
32233,Sealdah - Dankuni Local,Sealdah,Dankuni,11:41,12:27,12:43,16,46,22,Chord Link,Sealdah,UP
33121,Sealdah - Diamond Harbour Local,Sealdah,Diamond Harbour,11:42,13:13,13:23,10,91,60,South Line,Sealdah,UP
32121,Sealdah - Hasnabad Local,Sealdah,Hasnabad,11:44,13:55,13:58,3,131,75,Bangaon Line,Sealdah,UP
32545,Sealdah - Budge Budge Local,Sealdah,Budge Budge,11:44,12:36,12:42,6,52,26,South Line,Sealdah,UP
31207,Sealdah - Naihati Local,Sealdah,Naihati,11:45,12:54,13:01,7,69,38,Main Line,Sealdah,UP
31409,Sealdah - Kalyani Simanta Local,Sealdah,Kalyani Simanta,11:45,13:06,13:14,8,81,53,Main Line,Sealdah,UP
31867,Sealdah - Gede Local,Sealdah,Gede,11:45,14:31,14:33,2,166,117,Main Line,Sealdah,UP
32731,Sealdah - Sonarpur Local,Sealdah,Sonarpur,11:46,12:18,12:26,8,32,17,South Line,Sealdah,UP
32947,Sealdah - Baruipur Local,Sealdah,Baruipur,11:48,12:38,12:51,13,50,25,South Line,Sealdah,UP
32377,Sealdah - Barrackpore Local,Sealdah,Barrackpore,11:50,12:26,12:43,17,36,22,Main Line,Sealdah,UP
31553,Sealdah - Ranaghat Local,Sealdah,Ranaghat,11:52,13:45,14:02,17,113,73,Main Line,Sealdah,UP
31209,Sealdah - Naihati Local,Sealdah,Naihati,11:54,12:56,13:08,12,62,38,Main Line,Sealdah,UP
33227,Sealdah - Kakdwip Local,Sealdah,Kakdwip,11:54,14:14,14:19,5,140,95,South Line,Sealdah,UP
31787,Sealdah - Shantipur Local,Sealdah,Shantipur,11:55,14:11,14:25,14,136,93,Main Line,Sealdah,UP
31981,Sealdah - Bangaon Local,Sealdah,Bangaon,11:57,13:58,14:06,8,121,77,Bangaon Line,Sealdah,UP
33469,Sealdah - Lakshmikantapur Local,Sealdah,Lakshmikantapur,11:57,13:36,13:41,5,99,62,South Line,Sealdah,UP
32547,Sealdah - Budge Budge Local,Sealdah,Budge Budge,11:59,12:51,13:07,16,52,26,South Line,Sealdah,UP
33293,Sealdah - Namkhana Local,Sealdah,Namkhana,11:59,14:40,14:50,10,161,109,South Line,Sealdah,UP
32733,Sealdah - Sonarpur Local,Sealdah,Sonarpur,12:00,12:38,12:50,12,38,17,South Line,Sealdah,UP
31693,Sealdah - Krishnanagar Local,Sealdah,Krishnanagar,12:01,14:29,14:38,9,148,100,Main Line,Sealdah,UP
32235,Sealdah - Dankuni Local,Sealdah,Dankuni,12:01,12:42,12:44,2,41,22,Chord Link,Sealdah,UP
32949,Sealdah - Baruipur Local,Sealdah,Baruipur,12:01,12:55,13:04,9,54,25,South Line,Sealdah,UP
33123,Sealdah - Diamond Harbour Local,Sealdah,Diamond Harbour,12:01,13:38,13:52,14,97,60,South Line,Sealdah,UP
33369,Sealdah - Canning Local,Sealdah,Canning,12:04,13:20,13:25,5,76,45,South Line,Sealdah,UP
31211,Sealdah - Naihati Local,Sealdah,Naihati,12:05,13:07,13:16,9,62,38,Main Line,Sealdah,UP
31555,Sealdah - Ranaghat Local,Sealdah,Ranaghat,12:05,14:00,14:04,4,115,73,Main Line,Sealdah,UP
31411,Sealdah - Kalyani Simanta Local,Sealdah,Kalyani Simanta,12:06,13:33,13:43,10,87,53,Main Line,Sealdah,UP
32379,Sealdah - Barrackpore Local,Sealdah,Barrackpore,12:07,12:43,12:46,3,36,22,Main Line,Sealdah,UP
33563,Sealdah - Majerhat Local,Sealdah,Majerhat,12:08,12:49,12:52,3,41,15,Circular Railway,Sealdah,UP
32123,Sealdah - Hasnabad Local,Sealdah,Hasnabad,12:10,14:24,14:38,14,134,75,Bangaon Line,Sealdah,UP
32951,Sealdah - Baruipur Local,Sealdah,Baruipur,12:11,12:59,13:15,16,48,25,South Line,Sealdah,UP
31983,Sealdah - Bangaon Local,Sealdah,Bangaon,12:12,14:14,14:27,13,122,77,Bangaon Line,Sealdah,UP
31213,Sealdah - Naihati Local,Sealdah,Naihati,12:13,13:16,13:21,5,63,38,Main Line,Sealdah,UP
32735,Sealdah - Sonarpur Local,Sealdah,Sonarpur,12:13,12:49,12:58,9,36,17,South Line,Sealdah,UP
32549,Sealdah - Budge Budge Local,Sealdah,Budge Budge,12:16,13:09,13:19,10,53,26,South Line,Sealdah,UP
31557,Sealdah - Ranaghat Local,Sealdah,Ranaghat,12:20,14:12,14:18,6,112,73,Main Line,Sealdah,UP
31869,Sealdah - Gede Local,Sealdah,Gede,12:20,15:07,15:26,19,167,117,Main Line,Sealdah,UP
32237,Sealdah - Dankuni Local,Sealdah,Dankuni,12:20,13:08,13:20,12,48,22,Chord Link,Sealdah,UP
32381,Sealdah - Barrackpore Local,Sealdah,Barrackpore,12:20,13:02,13:18,16,42,22,Main Line,Sealdah,UP
33125,Sealdah - Diamond Harbour Local,Sealdah,Diamond Harbour,12:21,14:00,14:10,10,99,60,South Line,Sealdah,UP
31215,Sealdah - Naihati Local,Sealdah,Naihati,12:22,13:24,13:42,18,62,38,Main Line,Sealdah,UP
32953,Sealdah - Baruipur Local,Sealdah,Baruipur,12:24,13:16,13:29,13,52,25,South Line,Sealdah,UP
33471,Sealdah - Lakshmikantapur Local,Sealdah,Lakshmikantapur,12:24,13:56,14:04,8,92,62,South Line,Sealdah,UP
31695,Sealdah - Krishnanagar Local,Sealdah,Krishnanagar,12:26,14:48,14:59,11,142,100,Main Line,Sealdah,UP
31789,Sealdah - Shantipur Local,Sealdah,Shantipur,12:26,14:42,14:53,11,136,93,Main Line,Sealdah,UP
31985,Sealdah - Bangaon Local,Sealdah,Bangaon,12:27,14:31,14:45,14,124,77,Bangaon Line,Sealdah,UP
32737,Sealdah - Sonarpur Local,Sealdah,Sonarpur,12:27,13:05,13:17,12,38,17,South Line,Sealdah,UP
31413,Sealdah - Kalyani Simanta Local,Sealdah,Kalyani Simanta,12:28,13:49,14:03,14,81,53,Main Line,Sealdah,UP
33371,Sealdah - Canning Local,Sealdah,Canning,12:28,13:46,13:55,9,78,45,South Line,Sealdah,UP
33229,Sealdah - Kakdwip Local,Sealdah,Kakdwip,12:29,14:47,14:56,9,138,95,South Line,Sealdah,UP
31217,Sealdah - Naihati Local,Sealdah,Naihati,12:33,13:40,13:45,5,67,38,Main Line,Sealdah,UP
32383,Sealdah - Barrackpore Local,Sealdah,Barrackpore,12:33,13:12,13:28,16,39,22,Main Line,Sealdah,UP
32551,Sealdah - Budge Budge Local,Sealdah,Budge Budge,12:33,13:29,13:41,12,56,26,South Line,Sealdah,UP
32125,Sealdah - Hasnabad Local,Sealdah,Hasnabad,12:35,14:43,14:55,12,128,75,Bangaon Line,Sealdah,UP
31559,Sealdah - Ranaghat Local,Sealdah,Ranaghat,12:36,14:31,14:33,2,115,73,Main Line,Sealdah,UP
32955,Sealdah - Baruipur Local,Sealdah,Baruipur,12:36,13:24,13:42,18,48,25,South Line,Sealdah,UP
32739,Sealdah - Sonarpur Local,Sealdah,Sonarpur,12:37,13:10,13:26,16,33,17,South Line,Sealdah,UP
32239,Sealdah - Dankuni Local,Sealdah,Dankuni,12:38,13:21,13:28,7,43,22,Chord Link,Sealdah,UP
33127,Sealdah - Diamond Harbour Local,Sealdah,Diamond Harbour,12:39,14:12,14:28,16,93,60,South Line,Sealdah,UP
33565,Sealdah - Majerhat Local,Sealdah,Majerhat,12:39,13:18,13:28,10,39,15,Circular Railway,Sealdah,UP
31987,Sealdah - Bangaon Local,Sealdah,Bangaon,12:42,14:48,15:03,15,126,77,Bangaon Line,Sealdah,UP
33295,Sealdah - Namkhana Local,Sealdah,Namkhana,12:42,15:19,15:38,19,157,109,South Line,Sealdah,UP
31219,Sealdah - Naihati Local,Sealdah,Naihati,12:44,13:52,14:10,18,68,38,Main Line,Sealdah,UP
32385,Sealdah - Barrackpore Local,Sealdah,Barrackpore,12:47,13:25,13:44,19,38,22,Main Line,Sealdah,UP
33473,Sealdah - Lakshmikantapur Local,Sealdah,Lakshmikantapur,12:47,14:20,14:26,6,93,62,South Line,Sealdah,UP
32553,Sealdah - Budge Budge Local,Sealdah,Budge Budge,12:48,13:46,13:56,10,58,26,South Line,Sealdah,UP
32957,Sealdah - Baruipur Local,Sealdah,Baruipur,12:48,13:34,13:46,12,46,25,South Line,Sealdah,UP
31415,Sealdah - Kalyani Simanta Local,Sealdah,Kalyani Simanta,12:49,14:14,14:16,2,85,53,Main Line,Sealdah,UP
31697,Sealdah - Krishnanagar Local,Sealdah,Krishnanagar,12:49,15:18,15:37,19,149,100,Main Line,Sealdah,UP
32741,Sealdah - Sonarpur Local,Sealdah,Sonarpur,12:51,13:24,13:31,7,33,17,South Line,Sealdah,UP
31561,Sealdah - Ranaghat Local,Sealdah,Ranaghat,12:52,14:47,14:50,3,115,73,Main Line,Sealdah,UP
33373,Sealdah - Canning Local,Sealdah,Canning,12:54,14:09,14:25,16,75,45,South Line,Sealdah,UP
31791,Sealdah - Shantipur Local,Sealdah,Shantipur,12:55,15:11,15:26,15,136,93,Main Line,Sealdah,UP
31871,Sealdah - Gede Local,Sealdah,Gede,12:55,15:41,15:47,6,166,117,Main Line,Sealdah,UP
31989,Sealdah - Bangaon Local,Sealdah,Bangaon,12:55,14:56,15:03,7,121,77,Bangaon Line,Sealdah,UP
31221,Sealdah - Naihati Local,Sealdah,Naihati,12:56,14:01,14:08,7,65,38,Main Line,Sealdah,UP
32241,Sealdah - Dankuni Local,Sealdah,Dankuni,12:58,13:47,14:06,19,49,22,Chord Link,Sealdah,UP
33129,Sealdah - Diamond Harbour Local,Sealdah,Diamond Harbour,12:59,14:31,14:46,15,92,60,South Line,Sealdah,UP
32127,Sealdah - Hasnabad Local,Sealdah,Hasnabad,13:00,15:14,15:25,11,134,75,Bangaon Line,Sealdah,UP
32387,Sealdah - Barrackpore Local,Sealdah,Barrackpore,13:00,13:39,13:54,15,39,22,Main Line,Sealdah,UP
32959,Sealdah - Baruipur Local,Sealdah,Baruipur,13:01,13:54,14:08,14,53,25,South Line,Sealdah,UP
32555,Sealdah - Budge Budge Local,Sealdah,Budge Budge,13:02,13:57,14:01,4,55,26,South Line,Sealdah,UP
32743,Sealdah - Sonarpur Local,Sealdah,Sonarpur,13:03,13:35,13:42,7,32,17,South Line,Sealdah,UP
33231,Sealdah - Kakdwip Local,Sealdah,Kakdwip,13:05,15:27,15:36,9,142,95,South Line,Sealdah,UP
31223,Sealdah - Naihati Local,Sealdah,Naihati,13:08,14:09,14:22,13,61,38,Main Line,Sealdah,UP
31563,Sealdah - Ranaghat Local,Sealdah,Ranaghat,13:08,15:07,15:21,14,119,73,Main Line,Sealdah,UP
31417,Sealdah - Kalyani Simanta Local,Sealdah,Kalyani Simanta,13:09,14:36,14:48,12,87,53,Main Line,Sealdah,UP
31991,Sealdah - Bangaon Local,Sealdah,Bangaon,13:09,15:18,15:31,13,129,77,Bangaon Line,Sealdah,UP
33567,Sealdah - Majerhat Local,Sealdah,Majerhat,13:09,13:49,13:51,2,40,15,Circular Railway,Sealdah,UP
31699,Sealdah - Krishnanagar Local,Sealdah,Krishnanagar,13:13,15:40,15:58,18,147,100,Main Line,Sealdah,UP
32389,Sealdah - Barrackpore Local,Sealdah,Barrackpore,13:13,13:56,14:13,17,43,22,Main Line,Sealdah,UP
32961,Sealdah - Baruipur Local,Sealdah,Baruipur,13:13,14:03,14:15,12,50,25,South Line,Sealdah,UP
33475,Sealdah - Lakshmikantapur Local,Sealdah,Lakshmikantapur,13:13,14:52,15:06,14,99,62,South Line,Sealdah,UP
32557,Sealdah - Budge Budge Local,Sealdah,Budge Budge,13:15,14:14,14:33,19,59,26,South Line,Sealdah,UP
32745,Sealdah - Sonarpur Local,Sealdah,Sonarpur,13:15,13:47,13:59,12,32,17,South Line,Sealdah,UP
32243,Sealdah - Dankuni Local,Sealdah,Dankuni,13:19,14:01,14:14,13,42,22,Chord Link,Sealdah,UP
33375,Sealdah - Canning Local,Sealdah,Canning,13:19,14:32,14:39,7,73,45,South Line,Sealdah,UP
31225,Sealdah - Naihati Local,Sealdah,Naihati,13:20,14:29,14:39,10,69,38,Main Line,Sealdah,UP
33131,Sealdah - Diamond Harbour Local,Sealdah,Diamond Harbour,13:20,14:52,15:09,17,92,60,South Line,Sealdah,UP
31993,Sealdah - Bangaon Local,Sealdah,Bangaon,13:24,15:27,15:32,5,123,77,Bangaon Line,Sealdah,UP
32129,Sealdah - Hasnabad Local,Sealdah,Hasnabad,13:24,15:38,15:42,4,134,75,Bangaon Line,Sealdah,UP
31565,Sealdah - Ranaghat Local,Sealdah,Ranaghat,13:25,15:23,15:40,17,118,73,Main Line,Sealdah,UP
31793,Sealdah - Shantipur Local,Sealdah,Shantipur,13:25,15:37,15:50,13,132,93,Main Line,Sealdah,UP
32963,Sealdah - Baruipur Local,Sealdah,Baruipur,13:26,14:16,14:28,12,50,25,South Line,Sealdah,UP
31227,Sealdah - Naihati Local,Sealdah,Naihati,13:28,14:34,14:40,6,66,38,Main Line,Sealdah,UP
33297,Sealdah - Namkhana Local,Sealdah,Namkhana,13:28,16:08,16:27,19,160,109,South Line,Sealdah,UP
32747,Sealdah - Sonarpur Local,Sealdah,Sonarpur,13:29,14:08,14:15,7,39,17,South Line,Sealdah,UP
31419,Sealdah - Kalyani Simanta Local,Sealdah,Kalyani Simanta,13:30,14:59,15:18,19,89,53,Main Line,Sealdah,UP
32391,Sealdah - Barrackpore Local,Sealdah,Barrackpore,13:30,14:06,14:13,7,36,22,Main Line,Sealdah,UP
31873,Sealdah - Gede Local,Sealdah,Gede,13:31,16:12,16:17,5,161,117,Main Line,Sealdah,UP
32559,Sealdah - Budge Budge Local,Sealdah,Budge Budge,13:31,14:28,14:41,13,57,26,South Line,Sealdah,UP
31701,Sealdah - Krishnanagar Local,Sealdah,Krishnanagar,13:37,16:03,16:06,3,146,100,Main Line,Sealdah,UP
32965,Sealdah - Baruipur Local,Sealdah,Baruipur,13:37,14:23,14:41,18,46,25,South Line,Sealdah,UP
31229,Sealdah - Naihati Local,Sealdah,Naihati,13:38,14:43,14:55,12,65,38,Main Line,Sealdah,UP
31995,Sealdah - Bangaon Local,Sealdah,Bangaon,13:39,15:47,15:59,12,128,77,Bangaon Line,Sealdah,UP
32245,Sealdah - Dankuni Local,Sealdah,Dankuni,13:39,14:25,14:42,17,46,22,Chord Link,Sealdah,UP
33233,Sealdah - Kakdwip Local,Sealdah,Kakdwip,13:39,16:03,16:06,3,144,95,South Line,Sealdah,UP
32749,Sealdah - Sonarpur Local,Sealdah,Sonarpur,13:40,14:11,14:14,3,31,17,South Line,Sealdah,UP
33477,Sealdah - Lakshmikantapur Local,Sealdah,Lakshmikantapur,13:40,15:17,15:26,9,97,62,South Line,Sealdah,UP
31567,Sealdah - Ranaghat Local,Sealdah,Ranaghat,13:41,15:32,15:46,14,111,73,Main Line,Sealdah,UP
33569,Sealdah - Majerhat Local,Sealdah,Majerhat,13:41,14:20,14:31,11,39,15,Circular Railway,Sealdah,UP
33133,Sealdah - Diamond Harbour Local,Sealdah,Diamond Harbour,13:42,15:14,15:23,9,92,60,South Line,Sealdah,UP
32393,Sealdah - Barrackpore Local,Sealdah,Barrackpore,13:45,14:28,14:33,5,43,22,Main Line,Sealdah,UP
31231,Sealdah - Naihati Local,Sealdah,Naihati,13:46,14:49,15:05,16,63,38,Main Line,Sealdah,UP
32561,Sealdah - Budge Budge Local,Sealdah,Budge Budge,13:46,14:43,14:45,2,57,26,South Line,Sealdah,UP
33377,Sealdah - Canning Local,Sealdah,Canning,13:46,15:02,15:14,12,76,45,South Line,Sealdah,UP
32131,Sealdah - Hasnabad Local,Sealdah,Hasnabad,13:50,15:56,16:04,8,126,75,Bangaon Line,Sealdah,UP
32751,Sealdah - Sonarpur Local,Sealdah,Sonarpur,13:50,14:24,14:42,18,34,17,South Line,Sealdah,UP
32967,Sealdah - Baruipur Local,Sealdah,Baruipur,13:51,14:38,14:57,19,47,25,South Line,Sealdah,UP
31421,Sealdah - Kalyani Simanta Local,Sealdah,Kalyani Simanta,13:52,15:16,15:29,13,84,53,Main Line,Sealdah,UP
31569,Sealdah - Ranaghat Local,Sealdah,Ranaghat,13:54,15:50,16:00,10,116,73,Main Line,Sealdah,UP
31997,Sealdah - Bangaon Local,Sealdah,Bangaon,13:55,15:58,16:04,6,123,77,Bangaon Line,Sealdah,UP
31233,Sealdah - Naihati Local,Sealdah,Naihati,13:57,14:58,15:09,11,61,38,Main Line,Sealdah,UP
31795,Sealdah - Shantipur Local,Sealdah,Shantipur,13:57,16:10,16:15,5,133,93,Main Line,Sealdah,UP
32247,Sealdah - Dankuni Local,Sealdah,Dankuni,13:59,14:43,14:49,6,44,22,Chord Link,Sealdah,UP
32753,Sealdah - Sonarpur Local,Sealdah,Sonarpur,14:00,14:38,14:49,11,38,17,South Line,Sealdah,UP
32395,Sealdah - Barrackpore Local,Sealdah,Barrackpore,14:02,14:38,14:50,12,36,22,Main Line,Sealdah,UP
32969,Sealdah - Baruipur Local,Sealdah,Baruipur,14:02,14:53,15:04,11,51,25,South Line,Sealdah,UP
33135,Sealdah - Diamond Harbour Local,Sealdah,Diamond Harbour,14:02,15:40,15:49,9,98,60,South Line,Sealdah,UP
31703,Sealdah - Krishnanagar Local,Sealdah,Krishnanagar,14:03,16:30,16:33,3,147,100,Main Line,Sealdah,UP
32563,Sealdah - Budge Budge Local,Sealdah,Budge Budge,14:03,14:55,15:04,9,52,26,South Line,Sealdah,UP
33479,Sealdah - Lakshmikantapur Local,Sealdah,Lakshmikantapur,14:03,15:40,15:57,17,97,62,South Line,Sealdah,UP
31235,Sealdah - Naihati Local,Sealdah,Naihati,14:08,15:17,15:23,6,69,38,Main Line,Sealdah,UP
31875,Sealdah - Gede Local,Sealdah,Gede,14:08,16:50,16:54,4,162,117,Main Line,Sealdah,UP
31999,Sealdah - Bangaon Local,Sealdah,Bangaon,14:09,16:17,16:30,13,128,77,Bangaon Line,Sealdah,UP
31571,Sealdah - Ranaghat Local,Sealdah,Ranaghat,14:10,16:05,16:19,14,115,73,Main Line,Sealdah,UP
32755,Sealdah - Sonarpur Local,Sealdah,Sonarpur,14:10,14:47,15:01,14,37,17,South Line,Sealdah,UP
33571,Sealdah - Majerhat Local,Sealdah,Majerhat,14:10,14:49,15:00,11,39,15,Circular Railway,Sealdah,UP
32971,Sealdah - Baruipur Local,Sealdah,Baruipur,14:12,15:04,15:09,5,52,25,South Line,Sealdah,UP
32133,Sealdah - Hasnabad Local,Sealdah,Hasnabad,14:13,16:21,16:31,10,128,75,Bangaon Line,Sealdah,UP
33379,Sealdah - Canning Local,Sealdah,Canning,14:13,15:30,15:33,3,77,45,South Line,Sealdah,UP
31423,Sealdah - Kalyani Simanta Local,Sealdah,Kalyani Simanta,14:14,15:38,15:40,2,84,53,Main Line,Sealdah,UP
33299,Sealdah - Namkhana Local,Sealdah,Namkhana,14:14,16:54,17:02,8,160,109,South Line,Sealdah,UP
33235,Sealdah - Kakdwip Local,Sealdah,Kakdwip,14:16,16:40,16:58,18,144,95,South Line,Sealdah,UP
31237,Sealdah - Naihati Local,Sealdah,Naihati,14:18,15:27,15:31,4,69,38,Main Line,Sealdah,UP
32397,Sealdah - Barrackpore Local,Sealdah,Barrackpore,14:18,15:02,15:06,4,44,22,Main Line,Sealdah,UP
32565,Sealdah - Budge Budge Local,Sealdah,Budge Budge,14:20,15:16,15:20,4,56,26,South Line,Sealdah,UP
33137,Sealdah - Diamond Harbour Local,Sealdah,Diamond Harbour,14:20,15:54,16:12,18,94,60,South Line,Sealdah,UP
32249,Sealdah - Dankuni Local,Sealdah,Dankuni,14:21,15:04,15:12,8,43,22,Chord Link,Sealdah,UP
32001,Sealdah - Bangaon Local,Sealdah,Bangaon,14:22,16:27,16:42,15,125,77,Bangaon Line,Sealdah,UP
32757,Sealdah - Sonarpur Local,Sealdah,Sonarpur,14:22,14:55,15:13,18,33,17,South Line,Sealdah,UP
31797,Sealdah - Shantipur Local,Sealdah,Shantipur,14:25,16:36,16:55,19,131,93,Main Line,Sealdah,UP
32973,Sealdah - Baruipur Local,Sealdah,Baruipur,14:26,15:15,15:29,14,49,25,South Line,Sealdah,UP
31239,Sealdah - Naihati Local,Sealdah,Naihati,14:27,15:32,15:51,19,65,38,Main Line,Sealdah,UP
31573,Sealdah - Ranaghat Local,Sealdah,Ranaghat,14:27,16:19,16:24,5,112,73,Main Line,Sealdah,UP
31705,Sealdah - Krishnanagar Local,Sealdah,Krishnanagar,14:30,16:53,16:55,2,143,100,Main Line,Sealdah,UP
33481,Sealdah - Lakshmikantapur Local,Sealdah,Lakshmikantapur,14:30,16:01,16:20,19,91,62,South Line,Sealdah,UP
32399,Sealdah - Barrackpore Local,Sealdah,Barrackpore,14:31,15:13,15:15,2,42,22,Main Line,Sealdah,UP
32759,Sealdah - Sonarpur Local,Sealdah,Sonarpur,14:33,15:12,15:26,14,39,17,South Line,Sealdah,UP
31241,Sealdah - Naihati Local,Sealdah,Naihati,14:35,15:39,15:50,11,64,38,Main Line,Sealdah,UP
31425,Sealdah - Kalyani Simanta Local,Sealdah,Kalyani Simanta,14:35,16:02,16:14,12,87,53,Main Line,Sealdah,UP
32003,Sealdah - Bangaon Local,Sealdah,Bangaon,14:35,16:36,16:46,10,121,77,Bangaon Line,Sealdah,UP
32567,Sealdah - Budge Budge Local,Sealdah,Budge Budge,14:35,15:28,15:38,10,53,26,South Line,Sealdah,UP
32135,Sealdah - Hasnabad Local,Sealdah,Hasnabad,14:36,16:49,16:55,6,133,75,Bangaon Line,Sealdah,UP
33381,Sealdah - Canning Local,Sealdah,Canning,14:38,15:49,15:51,2,71,45,South Line,Sealdah,UP
33139,Sealdah - Diamond Harbour Local,Sealdah,Diamond Harbour,14:39,16:18,16:36,18,99,60,South Line,Sealdah,UP
31575,Sealdah - Ranaghat Local,Sealdah,Ranaghat,14:40,16:31,16:34,3,111,73,Main Line,Sealdah,UP
32251,Sealdah - Dankuni Local,Sealdah,Dankuni,14:40,15:23,15:37,14,43,22,Chord Link,Sealdah,UP
32975,Sealdah - Baruipur Local,Sealdah,Baruipur,14:40,15:26,15:36,10,46,25,South Line,Sealdah,UP
33573,Sealdah - Majerhat Local,Sealdah,Majerhat,14:41,15:20,15:25,5,39,15,Circular Railway,Sealdah,UP
31877,Sealdah - Gede Local,Sealdah,Gede,14:43,17:25,17:31,6,162,117,Main Line,Sealdah,UP
32761,Sealdah - Sonarpur Local,Sealdah,Sonarpur,14:43,15:17,15:29,12,34,17,South Line,Sealdah,UP
31243,Sealdah - Naihati Local,Sealdah,Naihati,14:47,15:53,15:57,4,66,38,Main Line,Sealdah,UP
32401,Sealdah - Barrackpore Local,Sealdah,Barrackpore,14:48,15:24,15:37,13,36,22,Main Line,Sealdah,UP
32005,Sealdah - Bangaon Local,Sealdah,Bangaon,14:49,16:50,17:04,14,121,77,Bangaon Line,Sealdah,UP
32569,Sealdah - Budge Budge Local,Sealdah,Budge Budge,14:51,15:43,15:51,8,52,26,South Line,Sealdah,UP
33237,Sealdah - Kakdwip Local,Sealdah,Kakdwip,14:51,17:15,17:31,16,144,95,South Line,Sealdah,UP
31577,Sealdah - Ranaghat Local,Sealdah,Ranaghat,14:54,16:45,16:53,8,111,73,Main Line,Sealdah,UP
31799,Sealdah - Shantipur Local,Sealdah,Shantipur,14:54,17:09,17:18,9,135,93,Main Line,Sealdah,UP
32977,Sealdah - Baruipur Local,Sealdah,Baruipur,14:54,15:48,15:54,6,54,25,South Line,Sealdah,UP
31427,Sealdah - Kalyani Simanta Local,Sealdah,Kalyani Simanta,14:55,16:16,16:31,15,81,53,Main Line,Sealdah,UP
33483,Sealdah - Lakshmikantapur Local,Sealdah,Lakshmikantapur,14:55,16:32,16:37,5,97,62,South Line,Sealdah,UP
31245,Sealdah - Naihati Local,Sealdah,Naihati,14:56,16:05,16:16,11,69,38,Main Line,Sealdah,UP
32763,Sealdah - Sonarpur Local,Sealdah,Sonarpur,14:56,15:30,15:46,16,34,17,South Line,Sealdah,UP
31707,Sealdah - Krishnanagar Local,Sealdah,Krishnanagar,14:57,17:19,17:38,19,142,100,Main Line,Sealdah,UP
33141,Sealdah - Diamond Harbour Local,Sealdah,Diamond Harbour,14:59,16:35,16:49,14,96,60,South Line,Sealdah,UP
32137,Sealdah - Hasnabad Local,Sealdah,Hasnabad,15:01,17:14,17:23,9,133,75,Bangaon Line,Sealdah,UP
32253,Sealdah - Dankuni Local,Sealdah,Dankuni,15:01,15:47,15:57,10,46,22,Chord Link,Sealdah,UP
32403,Sealdah - Barrackpore Local,Sealdah,Barrackpore,15:01,15:41,15:58,17,40,22,Main Line,Sealdah,UP
33301,Sealdah - Namkhana Local,Sealdah,Namkhana,15:01,17:45,18:02,17,164,109,South Line,Sealdah,UP
33383,Sealdah - Canning Local,Sealdah,Canning,15:02,16:16,16:24,8,74,45,South Line,Sealdah,UP
32007,Sealdah - Bangaon Local,Sealdah,Bangaon,15:03,17:08,17:23,15,125,77,Bangaon Line,Sealdah,UP
31247,Sealdah - Naihati Local,Sealdah,Naihati,15:05,16:06,16:21,15,61,38,Main Line,Sealdah,UP
32571,Sealdah - Budge Budge Local,Sealdah,Budge Budge,15:06,16:02,16:07,5,56,26,South Line,Sealdah,UP
32979,Sealdah - Baruipur Local,Sealdah,Baruipur,15:07,16:01,16:17,16,54,25,South Line,Sealdah,UP
32765,Sealdah - Sonarpur Local,Sealdah,Sonarpur,15:08,15:44,15:48,4,36,17,South Line,Sealdah,UP
31579,Sealdah - Ranaghat Local,Sealdah,Ranaghat,15:09,17:07,17:13,6,118,73,Main Line,Sealdah,UP
33575,Sealdah - Majerhat Local,Sealdah,Majerhat,15:10,15:49,15:51,2,39,15,Circular Railway,Sealdah,UP
31429,Sealdah - Kalyani Simanta Local,Sealdah,Kalyani Simanta,15:16,16:42,16:46,4,86,53,Main Line,Sealdah,UP
31249,Sealdah - Naihati Local,Sealdah,Naihati,15:17,16:23,16:39,16,66,38,Main Line,Sealdah,UP
31879,Sealdah - Gede Local,Sealdah,Gede,15:18,18:05,18:14,9,167,117,Main Line,Sealdah,UP
32009,Sealdah - Bangaon Local,Sealdah,Bangaon,15:18,17:25,17:30,5,127,77,Bangaon Line,Sealdah,UP
32405,Sealdah - Barrackpore Local,Sealdah,Barrackpore,15:18,15:58,16:01,3,40,22,Main Line,Sealdah,UP
33143,Sealdah - Diamond Harbour Local,Sealdah,Diamond Harbour,15:18,16:53,17:04,11,95,60,South Line,Sealdah,UP
32573,Sealdah - Budge Budge Local,Sealdah,Budge Budge,15:20,16:14,16:19,5,54,26,South Line,Sealdah,UP
32981,Sealdah - Baruipur Local,Sealdah,Baruipur,15:20,16:09,16:13,4,49,25,South Line,Sealdah,UP
32767,Sealdah - Sonarpur Local,Sealdah,Sonarpur,15:21,15:53,15:56,3,32,17,South Line,Sealdah,UP
31801,Sealdah - Shantipur Local,Sealdah,Shantipur,15:22,17:39,17:57,18,137,93,Main Line,Sealdah,UP
32255,Sealdah - Dankuni Local,Sealdah,Dankuni,15:22,16:11,16:25,14,49,22,Chord Link,Sealdah,UP
33485,Sealdah - Lakshmikantapur Local,Sealdah,Lakshmikantapur,15:22,17:00,17:06,6,98,62,South Line,Sealdah,UP
31581,Sealdah - Ranaghat Local,Sealdah,Ranaghat,15:23,17:21,17:31,10,118,73,Main Line,Sealdah,UP
31709,Sealdah - Krishnanagar Local,Sealdah,Krishnanagar,15:23,17:50,17:57,7,147,100,Main Line,Sealdah,UP
33239,Sealdah - Kakdwip Local,Sealdah,Kakdwip,15:26,17:45,17:51,6,139,95,South Line,Sealdah,UP
33385,Sealdah - Canning Local,Sealdah,Canning,15:27,16:44,16:55,11,77,45,South Line,Sealdah,UP
32139,Sealdah - Hasnabad Local,Sealdah,Hasnabad,15:28,17:42,17:51,9,134,75,Bangaon Line,Sealdah,UP
31251,Sealdah - Naihati Local,Sealdah,Naihati,15:29,16:30,16:38,8,61,38,Main Line,Sealdah,UP
32575,Sealdah - Budge Budge Local,Sealdah,Budge Budge,15:33,16:25,16:33,8,52,26,South Line,Sealdah,UP
32769,Sealdah - Sonarpur Local,Sealdah,Sonarpur,15:33,16:09,16:16,7,36,17,South Line,Sealdah,UP
32983,Sealdah - Baruipur Local,Sealdah,Baruipur,15:33,16:23,16:27,4,50,25,South Line,Sealdah,UP
32011,Sealdah - Bangaon Local,Sealdah,Bangaon,15:35,17:43,17:59,16,128,77,Bangaon Line,Sealdah,UP
32407,Sealdah - Barrackpore Local,Sealdah,Barrackpore,15:35,16:19,16:24,5,44,22,Main Line,Sealdah,UP
31431,Sealdah - Kalyani Simanta Local,Sealdah,Kalyani Simanta,15:37,17:00,17:13,13,83,53,Main Line,Sealdah,UP
33145,Sealdah - Diamond Harbour Local,Sealdah,Diamond Harbour,15:39,17:10,17:17,7,91,60,South Line,Sealdah,UP
31253,Sealdah - Naihati Local,Sealdah,Naihati,15:40,16:46,16:51,5,66,38,Main Line,Sealdah,UP
31583,Sealdah - Ranaghat Local,Sealdah,Ranaghat,15:40,17:33,17:49,16,113,73,Main Line,Sealdah,UP
33577,Sealdah - Majerhat Local,Sealdah,Majerhat,15:40,16:19,16:29,10,39,15,Circular Railway,Sealdah,UP
32257,Sealdah - Dankuni Local,Sealdah,Dankuni,15:43,16:32,16:38,6,49,22,Chord Link,Sealdah,UP
33303,Sealdah - Namkhana Local,Sealdah,Namkhana,15:44,18:28,18:42,14,164,109,South Line,Sealdah,UP
32985,Sealdah - Baruipur Local,Sealdah,Baruipur,15:46,16:38,16:57,19,52,25,South Line,Sealdah,UP
33487,Sealdah - Lakshmikantapur Local,Sealdah,Lakshmikantapur,15:46,17:22,17:28,6,96,62,South Line,Sealdah,UP
32771,Sealdah - Sonarpur Local,Sealdah,Sonarpur,15:47,16:26,16:43,17,39,17,South Line,Sealdah,UP
31255,Sealdah - Naihati Local,Sealdah,Naihati,15:48,16:52,17:07,15,64,38,Main Line,Sealdah,UP
32409,Sealdah - Barrackpore Local,Sealdah,Barrackpore,15:48,16:26,16:43,17,38,22,Main Line,Sealdah,UP
32577,Sealdah - Budge Budge Local,Sealdah,Budge Budge,15:48,16:44,17:00,16,56,26,South Line,Sealdah,UP
31711,Sealdah - Krishnanagar Local,Sealdah,Krishnanagar,15:49,18:10,18:15,5,141,100,Main Line,Sealdah,UP
33387,Sealdah - Canning Local,Sealdah,Canning,15:51,17:07,17:15,8,76,45,South Line,Sealdah,UP
32013,Sealdah - Bangaon Local,Sealdah,Bangaon,15:52,17:53,18:10,17,121,77,Bangaon Line,Sealdah,UP
32141,Sealdah - Hasnabad Local,Sealdah,Hasnabad,15:52,18:03,18:12,9,131,75,Bangaon Line,Sealdah,UP
31803,Sealdah - Shantipur Local,Sealdah,Shantipur,15:53,18:11,18:29,18,138,93,Main Line,Sealdah,UP
31585,Sealdah - Ranaghat Local,Sealdah,Ranaghat,15:55,17:52,18:09,17,117,73,Main Line,Sealdah,UP
31881,Sealdah - Gede Local,Sealdah,Gede,15:55,18:40,18:51,11,165,117,Main Line,Sealdah,UP
32987,Sealdah - Baruipur Local,Sealdah,Baruipur,15:56,16:50,17:01,11,54,25,South Line,Sealdah,UP
32773,Sealdah - Sonarpur Local,Sealdah,Sonarpur,15:57,16:30,16:33,3,33,17,South Line,Sealdah,UP
31257,Sealdah - Naihati Local,Sealdah,Naihati,15:58,17:02,17:12,10,64,38,Main Line,Sealdah,UP
31433,Sealdah - Kalyani Simanta Local,Sealdah,Kalyani Simanta,15:58,17:21,17:39,18,83,53,Main Line,Sealdah,UP
33147,Sealdah - Diamond Harbour Local,Sealdah,Diamond Harbour,15:58,17:36,17:48,12,98,60,South Line,Sealdah,UP
33241,Sealdah - Kakdwip Local,Sealdah,Kakdwip,16:00,18:20,18:31,11,140,95,South Line,Sealdah,UP
32579,Sealdah - Budge Budge Local,Sealdah,Budge Budge,16:02,17:01,17:19,18,59,26,South Line,Sealdah,UP
32259,Sealdah - Dankuni Local,Sealdah,Dankuni,16:04,16:48,16:53,5,44,22,Chord Link,Sealdah,UP
32411,Sealdah - Barrackpore Local,Sealdah,Barrackpore,16:04,16:41,16:58,17,37,22,Main Line,Sealdah,UP
31259,Sealdah - Naihati Local,Sealdah,Naihati,16:06,17:08,17:24,16,62,38,Main Line,Sealdah,UP
32989,Sealdah - Baruipur Local,Sealdah,Baruipur,16:06,17:00,17:06,6,54,25,South Line,Sealdah,UP
32015,Sealdah - Bangaon Local,Sealdah,Bangaon,16:07,18:12,18:19,7,125,77,Bangaon Line,Sealdah,UP
32775,Sealdah - Sonarpur Local,Sealdah,Sonarpur,16:07,16:46,17:04,18,39,17,South Line,Sealdah,UP
33579,Sealdah - Majerhat Local,Sealdah,Majerhat,16:09,16:50,16:52,2,41,15,Circular Railway,Sealdah,UP
31587,Sealdah - Ranaghat Local,Sealdah,Ranaghat,16:12,18:04,18:09,5,112,73,Main Line,Sealdah,UP
33489,Sealdah - Lakshmikantapur Local,Sealdah,Lakshmikantapur,16:12,17:44,18:02,18,92,62,South Line,Sealdah,UP
31713,Sealdah - Krishnanagar Local,Sealdah,Krishnanagar,16:14,18:38,18:48,10,144,100,Main Line,Sealdah,UP
32143,Sealdah - Hasnabad Local,Sealdah,Hasnabad,16:16,18:27,18:30,3,131,75,Bangaon Line,Sealdah,UP
32581,Sealdah - Budge Budge Local,Sealdah,Budge Budge,16:16,17:13,17:22,9,57,26,South Line,Sealdah,UP
33389,Sealdah - Canning Local,Sealdah,Canning,16:16,17:32,17:48,16,76,45,South Line,Sealdah,UP
32413,Sealdah - Barrackpore Local,Sealdah,Barrackpore,16:17,16:55,17:03,8,38,22,Main Line,Sealdah,UP
31261,Sealdah - Naihati Local,Sealdah,Naihati,16:18,17:26,17:33,7,68,38,Main Line,Sealdah,UP
32777,Sealdah - Sonarpur Local,Sealdah,Sonarpur,16:18,16:55,16:57,2,37,17,South Line,Sealdah,UP
31435,Sealdah - Kalyani Simanta Local,Sealdah,Kalyani Simanta,16:19,17:48,18:04,16,89,53,Main Line,Sealdah,UP
32991,Sealdah - Baruipur Local,Sealdah,Baruipur,16:20,17:08,17:16,8,48,25,South Line,Sealdah,UP
33149,Sealdah - Diamond Harbour Local,Sealdah,Diamond Harbour,16:20,17:58,18:16,18,98,60,South Line,Sealdah,UP
32017,Sealdah - Bangaon Local,Sealdah,Bangaon,16:21,18:22,18:25,3,121,77,Bangaon Line,Sealdah,UP
32261,Sealdah - Dankuni Local,Sealdah,Dankuni,16:23,17:05,17:15,10,42,22,Chord Link,Sealdah,UP
31805,Sealdah - Shantipur Local,Sealdah,Shantipur,16:24,18:39,18:49,10,135,93,Main Line,Sealdah,UP
31263,Sealdah - Naihati Local,Sealdah,Naihati,16:26,17:35,17:49,14,69,38,Main Line,Sealdah,UP
31589,Sealdah - Ranaghat Local,Sealdah,Ranaghat,16:28,18:24,18:31,7,116,73,Main Line,Sealdah,UP
32779,Sealdah - Sonarpur Local,Sealdah,Sonarpur,16:28,17:06,17:13,7,38,17,South Line,Sealdah,UP
33305,Sealdah - Namkhana Local,Sealdah,Namkhana,16:29,19:12,19:16,4,163,109,South Line,Sealdah,UP
31883,Sealdah - Gede Local,Sealdah,Gede,16:30,19:13,19:31,18,163,117,Main Line,Sealdah,UP
32583,Sealdah - Budge Budge Local,Sealdah,Budge Budge,16:32,17:25,17:43,18,53,26,South Line,Sealdah,UP
31265,Sealdah - Naihati Local,Sealdah,Naihati,16:34,17:37,17:50,13,63,38,Main Line,Sealdah,UP
32415,Sealdah - Barrackpore Local,Sealdah,Barrackpore,16:34,17:13,17:30,17,39,22,Main Line,Sealdah,UP
32993,Sealdah - Baruipur Local,Sealdah,Baruipur,16:34,17:27,17:43,16,53,25,South Line,Sealdah,UP
33243,Sealdah - Kakdwip Local,Sealdah,Kakdwip,16:34,18:52,19:06,14,138,95,South Line,Sealdah,UP
32019,Sealdah - Bangaon Local,Sealdah,Bangaon,16:36,18:41,18:43,2,125,77,Bangaon Line,Sealdah,UP
32781,Sealdah - Sonarpur Local,Sealdah,Sonarpur,16:38,17:13,17:31,18,35,17,South Line,Sealdah,UP
33581,Sealdah - Majerhat Local,Sealdah,Majerhat,16:38,17:15,17:19,4,37,15,Circular Railway,Sealdah,UP
31715,Sealdah - Krishnanagar Local,Sealdah,Krishnanagar,16:39,19:07,19:23,16,148,100,Main Line,Sealdah,UP
33151,Sealdah - Diamond Harbour Local,Sealdah,Diamond Harbour,16:39,18:13,18:18,5,94,60,South Line,Sealdah,UP
33491,Sealdah - Lakshmikantapur Local,Sealdah,Lakshmikantapur,16:39,18:12,18:17,5,93,62,South Line,Sealdah,UP
33391,Sealdah - Canning Local,Sealdah,Canning,16:40,17:58,18:17,19,78,45,South Line,Sealdah,UP
31437,Sealdah - Kalyani Simanta Local,Sealdah,Kalyani Simanta,16:41,18:08,18:26,18,87,53,Main Line,Sealdah,UP
31267,Sealdah - Naihati Local,Sealdah,Naihati,16:43,17:52,18:04,12,69,38,Main Line,Sealdah,UP
32145,Sealdah - Hasnabad Local,Sealdah,Hasnabad,16:43,18:55,18:59,4,132,75,Bangaon Line,Sealdah,UP
31591,Sealdah - Ranaghat Local,Sealdah,Ranaghat,16:44,18:40,18:49,9,116,73,Main Line,Sealdah,UP
32995,Sealdah - Baruipur Local,Sealdah,Baruipur,16:44,17:32,17:47,15,48,25,South Line,Sealdah,UP
32263,Sealdah - Dankuni Local,Sealdah,Dankuni,16:45,17:33,17:35,2,48,22,Chord Link,Sealdah,UP
32417,Sealdah - Barrackpore Local,Sealdah,Barrackpore,16:48,17:32,17:47,15,44,22,Main Line,Sealdah,UP
32585,Sealdah - Budge Budge Local,Sealdah,Budge Budge,16:49,17:46,17:49,3,57,26,South Line,Sealdah,UP
32783,Sealdah - Sonarpur Local,Sealdah,Sonarpur,16:50,17:22,17:27,5,32,17,South Line,Sealdah,UP
32021,Sealdah - Bangaon Local,Sealdah,Bangaon,16:51,18:57,19:04,7,126,77,Bangaon Line,Sealdah,UP
31269,Sealdah - Naihati Local,Sealdah,Naihati,16:54,17:59,18:01,2,65,38,Main Line,Sealdah,UP
31807,Sealdah - Shantipur Local,Sealdah,Shantipur,16:55,19:14,19:32,18,139,93,Main Line,Sealdah,UP
32997,Sealdah - Baruipur Local,Sealdah,Baruipur,16:55,17:44,17:53,9,49,25,South Line,Sealdah,UP
31439,Sealdah - Kalyani Simanta Local,Sealdah,Kalyani Simanta,16:59,18:20,18:22,2,81,53,Main Line,Sealdah,UP
33153,Sealdah - Diamond Harbour Local,Sealdah,Diamond Harbour,16:59,18:30,18:36,6,91,60,South Line,Sealdah,UP
31593,Sealdah - Ranaghat Local,Sealdah,Ranaghat,17:00,18:52,19:09,17,112,73,Main Line,Sealdah,UP
32785,Sealdah - Sonarpur Local,Sealdah,Sonarpur,17:02,17:40,17:47,7,38,17,South Line,Sealdah,UP
31271,Sealdah - Naihati Local,Sealdah,Naihati,17:03,18:10,18:19,9,67,38,Main Line,Sealdah,UP
32023,Sealdah - Bangaon Local,Sealdah,Bangaon,17:04,19:11,19:25,14,127,77,Bangaon Line,Sealdah,UP
31717,Sealdah - Krishnanagar Local,Sealdah,Krishnanagar,17:05,19:31,19:48,17,146,100,Main Line,Sealdah,UP
32419,Sealdah - Barrackpore Local,Sealdah,Barrackpore,17:05,17:46,17:50,4,41,22,Main Line,Sealdah,UP
33493,Sealdah - Lakshmikantapur Local,Sealdah,Lakshmikantapur,17:05,18:43,18:56,13,98,62,South Line,Sealdah,UP
32587,Sealdah - Budge Budge Local,Sealdah,Budge Budge,17:06,17:59,18:16,17,53,26,South Line,Sealdah,UP
32999,Sealdah - Baruipur Local,Sealdah,Baruipur,17:06,17:52,18:04,12,46,25,South Line,Sealdah,UP
33393,Sealdah - Canning Local,Sealdah,Canning,17:06,18:22,18:33,11,76,45,South Line,Sealdah,UP
31885,Sealdah - Gede Local,Sealdah,Gede,17:07,19:49,19:54,5,162,117,Main Line,Sealdah,UP
32147,Sealdah - Hasnabad Local,Sealdah,Hasnabad,17:07,19:17,19:30,13,130,75,Bangaon Line,Sealdah,UP
32265,Sealdah - Dankuni Local,Sealdah,Dankuni,17:07,17:53,17:56,3,46,22,Chord Link,Sealdah,UP
33583,Sealdah - Majerhat Local,Sealdah,Majerhat,17:07,17:44,17:50,6,37,15,Circular Railway,Sealdah,UP
33245,Sealdah - Kakdwip Local,Sealdah,Kakdwip,17:09,19:33,19:42,9,144,95,South Line,Sealdah,UP
31273,Sealdah - Naihati Local,Sealdah,Naihati,17:15,18:24,18:32,8,69,38,Main Line,Sealdah,UP
31595,Sealdah - Ranaghat Local,Sealdah,Ranaghat,17:15,19:11,19:26,15,116,73,Main Line,Sealdah,UP
32787,Sealdah - Sonarpur Local,Sealdah,Sonarpur,17:16,17:52,17:56,4,36,17,South Line,Sealdah,UP
33307,Sealdah - Namkhana Local,Sealdah,Namkhana,17:16,19:52,20:11,19,156,109,South Line,Sealdah,UP
33001,Sealdah - Baruipur Local,Sealdah,Baruipur,17:17,18:04,18:21,17,47,25,South Line,Sealdah,UP
33155,Sealdah - Diamond Harbour Local,Sealdah,Diamond Harbour,17:17,18:49,19:08,19,92,60,South Line,Sealdah,UP
32025,Sealdah - Bangaon Local,Sealdah,Bangaon,17:20,19:27,19:44,17,127,77,Bangaon Line,Sealdah,UP
32421,Sealdah - Barrackpore Local,Sealdah,Barrackpore,17:20,18:02,18:11,9,42,22,Main Line,Sealdah,UP
31441,Sealdah - Kalyani Simanta Local,Sealdah,Kalyani Simanta,17:21,18:48,18:50,2,87,53,Main Line,Sealdah,UP
32589,Sealdah - Budge Budge Local,Sealdah,Budge Budge,17:22,18:21,18:39,18,59,26,South Line,Sealdah,UP
31275,Sealdah - Naihati Local,Sealdah,Naihati,17:24,18:29,18:42,13,65,38,Main Line,Sealdah,UP
31809,Sealdah - Shantipur Local,Sealdah,Shantipur,17:24,19:40,19:52,12,136,93,Main Line,Sealdah,UP
32789,Sealdah - Sonarpur Local,Sealdah,Sonarpur,17:26,18:01,18:07,6,35,17,South Line,Sealdah,UP
31597,Sealdah - Ranaghat Local,Sealdah,Ranaghat,17:29,19:27,19:40,13,118,73,Main Line,Sealdah,UP
31719,Sealdah - Krishnanagar Local,Sealdah,Krishnanagar,17:29,19:55,20:13,18,146,100,Main Line,Sealdah,UP
32267,Sealdah - Dankuni Local,Sealdah,Dankuni,17:29,18:11,18:18,7,42,22,Chord Link,Sealdah,UP
33003,Sealdah - Baruipur Local,Sealdah,Baruipur,17:30,18:19,18:21,2,49,25,South Line,Sealdah,UP
33495,Sealdah - Lakshmikantapur Local,Sealdah,Lakshmikantapur,17:30,19:02,19:08,6,92,62,South Line,Sealdah,UP
33395,Sealdah - Canning Local,Sealdah,Canning,17:32,18:50,19:05,15,78,45,South Line,Sealdah,UP
31277,Sealdah - Naihati Local,Sealdah,Naihati,17:33,18:39,18:45,6,66,38,Main Line,Sealdah,UP
32149,Sealdah - Hasnabad Local,Sealdah,Hasnabad,17:34,19:45,19:47,2,131,75,Bangaon Line,Sealdah,UP
32423,Sealdah - Barrackpore Local,Sealdah,Barrackpore,17:35,18:16,18:35,19,41,22,Main Line,Sealdah,UP
33157,Sealdah - Diamond Harbour Local,Sealdah,Diamond Harbour,17:35,19:13,19:30,17,98,60,South Line,Sealdah,UP
33585,Sealdah - Majerhat Local,Sealdah,Majerhat,17:35,18:11,18:21,10,36,15,Circular Railway,Sealdah,UP
32027,Sealdah - Bangaon Local,Sealdah,Bangaon,17:36,19:39,19:45,6,123,77,Bangaon Line,Sealdah,UP
32791,Sealdah - Sonarpur Local,Sealdah,Sonarpur,17:37,18:12,18:15,3,35,17,South Line,Sealdah,UP
32591,Sealdah - Budge Budge Local,Sealdah,Budge Budge,17:38,18:37,18:53,16,59,26,South Line,Sealdah,UP
31443,Sealdah - Kalyani Simanta Local,Sealdah,Kalyani Simanta,17:39,19:07,19:15,8,88,53,Main Line,Sealdah,UP
31887,Sealdah - Gede Local,Sealdah,Gede,17:42,20:25,20:30,5,163,117,Main Line,Sealdah,UP
33005,Sealdah - Baruipur Local,Sealdah,Baruipur,17:43,18:33,18:35,2,50,25,South Line,Sealdah,UP
33247,Sealdah - Kakdwip Local,Sealdah,Kakdwip,17:43,20:04,20:18,14,141,95,South Line,Sealdah,UP
31279,Sealdah - Naihati Local,Sealdah,Naihati,17:44,18:53,19:01,8,69,38,Main Line,Sealdah,UP
31599,Sealdah - Ranaghat Local,Sealdah,Ranaghat,17:45,19:42,19:58,16,117,73,Main Line,Sealdah,UP
32269,Sealdah - Dankuni Local,Sealdah,Dankuni,17:47,18:36,18:51,15,49,22,Chord Link,Sealdah,UP
32425,Sealdah - Barrackpore Local,Sealdah,Barrackpore,17:48,18:31,18:50,19,43,22,Main Line,Sealdah,UP
32029,Sealdah - Bangaon Local,Sealdah,Bangaon,17:51,19:59,20:10,11,128,77,Bangaon Line,Sealdah,UP
32793,Sealdah - Sonarpur Local,Sealdah,Sonarpur,17:51,18:25,18:35,10,34,17,South Line,Sealdah,UP
31721,Sealdah - Krishnanagar Local,Sealdah,Krishnanagar,17:52,20:18,20:27,9,146,100,Main Line,Sealdah,UP
31811,Sealdah - Shantipur Local,Sealdah,Shantipur,17:52,20:04,20:15,11,132,93,Main Line,Sealdah,UP
32593,Sealdah - Budge Budge Local,Sealdah,Budge Budge,17:52,18:50,19:08,18,58,26,South Line,Sealdah,UP
33007,Sealdah - Baruipur Local,Sealdah,Baruipur,17:54,18:41,18:44,3,47,25,South Line,Sealdah,UP
33497,Sealdah - Lakshmikantapur Local,Sealdah,Lakshmikantapur,17:54,19:33,19:40,7,99,62,South Line,Sealdah,UP
31281,Sealdah - Naihati Local,Sealdah,Naihati,17:55,18:57,19:03,6,62,38,Main Line,Sealdah,UP
33159,Sealdah - Diamond Harbour Local,Sealdah,Diamond Harbour,17:57,19:29,19:39,10,92,60,South Line,Sealdah,UP
33397,Sealdah - Canning Local,Sealdah,Canning,17:57,19:09,19:15,6,72,45,South Line,Sealdah,UP
31445,Sealdah - Kalyani Simanta Local,Sealdah,Kalyani Simanta,17:58,19:19,19:38,19,81,53,Main Line,Sealdah,UP
31601,Sealdah - Ranaghat Local,Sealdah,Ranaghat,18:00,19:51,20:01,10,111,73,Main Line,Sealdah,UP
32151,Sealdah - Hasnabad Local,Sealdah,Hasnabad,18:01,20:15,20:33,18,134,75,Bangaon Line,Sealdah,UP
33309,Sealdah - Namkhana Local,Sealdah,Namkhana,18:02,20:41,20:59,18,159,109,South Line,Sealdah,UP
32427,Sealdah - Barrackpore Local,Sealdah,Barrackpore,18:04,18:43,18:56,13,39,22,Main Line,Sealdah,UP
32271,Sealdah - Dankuni Local,Sealdah,Dankuni,18:05,18:49,18:57,8,44,22,Chord Link,Sealdah,UP
32795,Sealdah - Sonarpur Local,Sealdah,Sonarpur,18:05,18:41,18:45,4,36,17,South Line,Sealdah,UP
31283,Sealdah - Naihati Local,Sealdah,Naihati,18:06,19:10,19:21,11,64,38,Main Line,Sealdah,UP
32595,Sealdah - Budge Budge Local,Sealdah,Budge Budge,18:06,18:59,19:02,3,53,26,South Line,Sealdah,UP
33009,Sealdah - Baruipur Local,Sealdah,Baruipur,18:06,18:58,19:02,4,52,25,South Line,Sealdah,UP
33587,Sealdah - Majerhat Local,Sealdah,Majerhat,18:06,18:42,18:59,17,36,15,Circular Railway,Sealdah,UP
32031,Sealdah - Bangaon Local,Sealdah,Bangaon,18:07,20:16,20:19,3,129,77,Bangaon Line,Sealdah,UP
31285,Sealdah - Naihati Local,Sealdah,Naihati,18:15,19:21,19:32,11,66,38,Main Line,Sealdah,UP
33011,Sealdah - Baruipur Local,Sealdah,Baruipur,18:16,19:08,19:15,7,52,25,South Line,Sealdah,UP
33161,Sealdah - Diamond Harbour Local,Sealdah,Diamond Harbour,18:16,19:48,20:00,12,92,60,South Line,Sealdah,UP
31447,Sealdah - Kalyani Simanta Local,Sealdah,Kalyani Simanta,18:17,19:44,19:52,8,87,53,Main Line,Sealdah,UP
31603,Sealdah - Ranaghat Local,Sealdah,Ranaghat,18:17,20:09,20:25,16,112,73,Main Line,Sealdah,UP
32797,Sealdah - Sonarpur Local,Sealdah,Sonarpur,18:18,18:56,19:03,7,38,17,South Line,Sealdah,UP
31723,Sealdah - Krishnanagar Local,Sealdah,Krishnanagar,18:19,20:46,20:56,10,147,100,Main Line,Sealdah,UP
31889,Sealdah - Gede Local,Sealdah,Gede,18:19,21:04,21:17,13,165,117,Main Line,Sealdah,UP
33499,Sealdah - Lakshmikantapur Local,Sealdah,Lakshmikantapur,18:19,19:54,19:58,4,95,62,South Line,Sealdah,UP
33249,Sealdah - Kakdwip Local,Sealdah,Kakdwip,18:20,20:41,20:57,16,141,95,South Line,Sealdah,UP
32429,Sealdah - Barrackpore Local,Sealdah,Barrackpore,18:21,19:01,19:04,3,40,22,Main Line,Sealdah,UP
32597,Sealdah - Budge Budge Local,Sealdah,Budge Budge,18:21,19:17,19:20,3,56,26,South Line,Sealdah,UP
32033,Sealdah - Bangaon Local,Sealdah,Bangaon,18:22,20:24,20:28,4,122,77,Bangaon Line,Sealdah,UP
31287,Sealdah - Naihati Local,Sealdah,Naihati,18:23,19:32,19:39,7,69,38,Main Line,Sealdah,UP
31813,Sealdah - Shantipur Local,Sealdah,Shantipur,18:23,20:41,20:57,16,138,93,Main Line,Sealdah,UP
33399,Sealdah - Canning Local,Sealdah,Canning,18:24,19:36,19:47,11,72,45,South Line,Sealdah,UP
32273,Sealdah - Dankuni Local,Sealdah,Dankuni,18:27,19:16,19:26,10,49,22,Chord Link,Sealdah,UP
32153,Sealdah - Hasnabad Local,Sealdah,Hasnabad,18:28,20:41,20:43,2,133,75,Bangaon Line,Sealdah,UP
33013,Sealdah - Baruipur Local,Sealdah,Baruipur,18:30,19:21,19:38,17,51,25,South Line,Sealdah,UP
31289,Sealdah - Naihati Local,Sealdah,Naihati,18:31,19:35,19:42,7,64,38,Main Line,Sealdah,UP
32799,Sealdah - Sonarpur Local,Sealdah,Sonarpur,18:32,19:11,19:21,10,39,17,South Line,Sealdah,UP
31605,Sealdah - Ranaghat Local,Sealdah,Ranaghat,18:33,20:28,20:33,5,115,73,Main Line,Sealdah,UP
32431,Sealdah - Barrackpore Local,Sealdah,Barrackpore,18:35,19:11,19:14,3,36,22,Main Line,Sealdah,UP
32599,Sealdah - Budge Budge Local,Sealdah,Budge Budge,18:35,19:26,19:31,5,51,26,South Line,Sealdah,UP
31449,Sealdah - Kalyani Simanta Local,Sealdah,Kalyani Simanta,18:37,20:01,20:03,2,84,53,Main Line,Sealdah,UP
32035,Sealdah - Bangaon Local,Sealdah,Bangaon,18:37,20:39,20:50,11,122,77,Bangaon Line,Sealdah,UP
33163,Sealdah - Diamond Harbour Local,Sealdah,Diamond Harbour,18:38,20:13,20:29,16,95,60,South Line,Sealdah,UP
33589,Sealdah - Majerhat Local,Sealdah,Majerhat,18:38,19:19,19:36,17,41,15,Circular Railway,Sealdah,UP
31291,Sealdah - Naihati Local,Sealdah,Naihati,18:40,19:42,19:47,5,62,38,Main Line,Sealdah,UP
31725,Sealdah - Krishnanagar Local,Sealdah,Krishnanagar,18:42,21:06,21:09,3,144,100,Main Line,Sealdah,UP
32801,Sealdah - Sonarpur Local,Sealdah,Sonarpur,18:43,19:16,19:30,14,33,17,South Line,Sealdah,UP
33015,Sealdah - Baruipur Local,Sealdah,Baruipur,18:44,19:38,19:40,2,54,25,South Line,Sealdah,UP
33501,Sealdah - Lakshmikantapur Local,Sealdah,Lakshmikantapur,18:45,20:16,20:34,18,91,62,South Line,Sealdah,UP
33311,Sealdah - Namkhana Local,Sealdah,Namkhana,18:47,21:31,21:45,14,164,109,South Line,Sealdah,UP
31293,Sealdah - Naihati Local,Sealdah,Naihati,18:48,19:52,19:57,5,64,38,Main Line,Sealdah,UP
31607,Sealdah - Ranaghat Local,Sealdah,Ranaghat,18:48,20:40,20:48,8,112,73,Main Line,Sealdah,UP
32433,Sealdah - Barrackpore Local,Sealdah,Barrackpore,18:48,19:30,19:48,18,42,22,Main Line,Sealdah,UP
33401,Sealdah - Canning Local,Sealdah,Canning,18:48,20:01,20:11,10,73,45,South Line,Sealdah,UP
32275,Sealdah - Dankuni Local,Sealdah,Dankuni,18:49,19:32,19:37,5,43,22,Chord Link,Sealdah,UP
32601,Sealdah - Budge Budge Local,Sealdah,Budge Budge,18:51,19:42,19:44,2,51,26,South Line,Sealdah,UP
31815,Sealdah - Shantipur Local,Sealdah,Shantipur,18:53,21:08,21:19,11,135,93,Main Line,Sealdah,UP
32037,Sealdah - Bangaon Local,Sealdah,Bangaon,18:53,20:56,21:01,5,123,77,Bangaon Line,Sealdah,UP
33251,Sealdah - Kakdwip Local,Sealdah,Kakdwip,18:53,21:16,21:26,10,143,95,South Line,Sealdah,UP
31891,Sealdah - Gede Local,Sealdah,Gede,18:54,21:37,21:51,14,163,117,Main Line,Sealdah,UP
32803,Sealdah - Sonarpur Local,Sealdah,Sonarpur,18:54,19:31,19:46,15,37,17,South Line,Sealdah,UP
32155,Sealdah - Hasnabad Local,Sealdah,Hasnabad,18:55,21:05,21:16,11,130,75,Bangaon Line,Sealdah,UP
31295,Sealdah - Naihati Local,Sealdah,Naihati,18:56,19:57,20:04,7,61,38,Main Line,Sealdah,UP
33017,Sealdah - Baruipur Local,Sealdah,Baruipur,18:56,19:42,19:59,17,46,25,South Line,Sealdah,UP
33165,Sealdah - Diamond Harbour Local,Sealdah,Diamond Harbour,18:56,20:34,20:41,7,98,60,South Line,Sealdah,UP
31451,Sealdah - Kalyani Simanta Local,Sealdah,Kalyani Simanta,18:57,20:23,20:41,18,86,53,Main Line,Sealdah,UP
32435,Sealdah - Barrackpore Local,Sealdah,Barrackpore,19:01,19:43,19:54,11,42,22,Main Line,Sealdah,UP
31609,Sealdah - Ranaghat Local,Sealdah,Ranaghat,19:03,21:02,21:21,19,119,73,Main Line,Sealdah,UP
31297,Sealdah - Naihati Local,Sealdah,Naihati,19:04,20:06,20:25,19,62,38,Main Line,Sealdah,UP
32805,Sealdah - Sonarpur Local,Sealdah,Sonarpur,19:04,19:38,19:42,4,34,17,South Line,Sealdah,UP
32603,Sealdah - Budge Budge Local,Sealdah,Budge Budge,19:06,19:59,20:15,16,53,26,South Line,Sealdah,UP
31727,Sealdah - Krishnanagar Local,Sealdah,Krishnanagar,19:07,21:35,21:51,16,148,100,Main Line,Sealdah,UP
32277,Sealdah - Dankuni Local,Sealdah,Dankuni,19:08,19:57,20:02,5,49,22,Chord Link,Sealdah,UP
32039,Sealdah - Bangaon Local,Sealdah,Bangaon,19:09,21:14,21:24,10,125,77,Bangaon Line,Sealdah,UP
33019,Sealdah - Baruipur Local,Sealdah,Baruipur,19:09,20:03,20:21,18,54,25,South Line,Sealdah,UP
33503,Sealdah - Lakshmikantapur Local,Sealdah,Lakshmikantapur,19:09,20:48,21:00,12,99,62,South Line,Sealdah,UP
33591,Sealdah - Majerhat Local,Sealdah,Majerhat,19:09,19:50,20:00,10,41,15,Circular Railway,Sealdah,UP
33403,Sealdah - Canning Local,Sealdah,Canning,19:13,20:27,20:38,11,74,45,South Line,Sealdah,UP
31299,Sealdah - Naihati Local,Sealdah,Naihati,19:14,20:18,20:37,19,64,38,Main Line,Sealdah,UP
32807,Sealdah - Sonarpur Local,Sealdah,Sonarpur,19:14,19:50,20:04,14,36,17,South Line,Sealdah,UP
33167,Sealdah - Diamond Harbour Local,Sealdah,Diamond Harbour,19:15,20:50,20:59,9,95,60,South Line,Sealdah,UP
32437,Sealdah - Barrackpore Local,Sealdah,Barrackpore,19:17,20:00,20:08,8,43,22,Main Line,Sealdah,UP
31453,Sealdah - Kalyani Simanta Local,Sealdah,Kalyani Simanta,19:18,20:45,21:03,18,87,53,Main Line,Sealdah,UP
31611,Sealdah - Ranaghat Local,Sealdah,Ranaghat,19:19,21:18,21:34,16,119,73,Main Line,Sealdah,UP
32157,Sealdah - Hasnabad Local,Sealdah,Hasnabad,19:22,21:28,21:44,16,126,75,Bangaon Line,Sealdah,UP
32605,Sealdah - Budge Budge Local,Sealdah,Budge Budge,19:22,20:19,20:21,2,57,26,South Line,Sealdah,UP
33021,Sealdah - Baruipur Local,Sealdah,Baruipur,19:23,20:10,20:25,15,47,25,South Line,Sealdah,UP
31817,Sealdah - Shantipur Local,Sealdah,Shantipur,19:25,21:39,21:45,6,134,93,Main Line,Sealdah,UP
31301,Sealdah - Naihati Local,Sealdah,Naihati,19:26,20:34,20:46,12,68,38,Main Line,Sealdah,UP
32041,Sealdah - Bangaon Local,Sealdah,Bangaon,19:26,21:28,21:45,17,122,77,Bangaon Line,Sealdah,UP
32279,Sealdah - Dankuni Local,Sealdah,Dankuni,19:28,20:10,20:13,3,42,22,Chord Link,Sealdah,UP
32809,Sealdah - Sonarpur Local,Sealdah,Sonarpur,19:28,20:04,20:13,9,36,17,South Line,Sealdah,UP
31729,Sealdah - Krishnanagar Local,Sealdah,Krishnanagar,19:30,21:54,22:06,12,144,100,Main Line,Sealdah,UP
31893,Sealdah - Gede Local,Sealdah,Gede,19:30,22:12,22:31,19,162,117,Main Line,Sealdah,UP
33253,Sealdah - Kakdwip Local,Sealdah,Kakdwip,19:30,21:52,21:56,4,142,95,South Line,Sealdah,UP
31613,Sealdah - Ranaghat Local,Sealdah,Ranaghat,19:32,21:29,21:31,2,117,73,Main Line,Sealdah,UP
33313,Sealdah - Namkhana Local,Sealdah,Namkhana,19:32,22:09,22:21,12,157,109,South Line,Sealdah,UP
33505,Sealdah - Lakshmikantapur Local,Sealdah,Lakshmikantapur,19:32,21:11,21:28,17,99,62,South Line,Sealdah,UP
32439,Sealdah - Barrackpore Local,Sealdah,Barrackpore,19:34,20:10,20:29,19,36,22,Main Line,Sealdah,UP
33169,Sealdah - Diamond Harbour Local,Sealdah,Diamond Harbour,19:35,21:06,21:23,17,91,60,South Line,Sealdah,UP
31303,Sealdah - Naihati Local,Sealdah,Naihati,19:36,20:45,20:56,11,69,38,Main Line,Sealdah,UP
32607,Sealdah - Budge Budge Local,Sealdah,Budge Budge,19:36,20:35,20:54,19,59,26,South Line,Sealdah,UP
33023,Sealdah - Baruipur Local,Sealdah,Baruipur,19:36,20:24,20:31,7,48,25,South Line,Sealdah,UP
31455,Sealdah - Kalyani Simanta Local,Sealdah,Kalyani Simanta,19:38,21:05,21:10,5,87,53,Main Line,Sealdah,UP
32811,Sealdah - Sonarpur Local,Sealdah,Sonarpur,19:38,20:15,20:29,14,37,17,South Line,Sealdah,UP
33405,Sealdah - Canning Local,Sealdah,Canning,19:40,20:52,21:07,15,72,45,South Line,Sealdah,UP
32043,Sealdah - Bangaon Local,Sealdah,Bangaon,19:41,21:47,21:51,4,126,77,Bangaon Line,Sealdah,UP
33593,Sealdah - Majerhat Local,Sealdah,Majerhat,19:41,20:21,20:32,11,40,15,Circular Railway,Sealdah,UP
31305,Sealdah - Naihati Local,Sealdah,Naihati,19:45,20:53,21:00,7,68,38,Main Line,Sealdah,UP
32441,Sealdah - Barrackpore Local,Sealdah,Barrackpore,19:47,20:24,20:26,2,37,22,Main Line,Sealdah,UP
31615,Sealdah - Ranaghat Local,Sealdah,Ranaghat,19:48,21:42,21:57,15,114,73,Main Line,Sealdah,UP
32159,Sealdah - Hasnabad Local,Sealdah,Hasnabad,19:48,21:59,22:08,9,131,75,Bangaon Line,Sealdah,UP
32813,Sealdah - Sonarpur Local,Sealdah,Sonarpur,19:48,20:20,20:35,15,32,17,South Line,Sealdah,UP
32281,Sealdah - Dankuni Local,Sealdah,Dankuni,19:49,20:37,20:48,11,48,22,Chord Link,Sealdah,UP
33025,Sealdah - Baruipur Local,Sealdah,Baruipur,19:49,20:36,20:54,18,47,25,South Line,Sealdah,UP
31731,Sealdah - Krishnanagar Local,Sealdah,Krishnanagar,19:53,22:14,22:24,10,141,100,Main Line,Sealdah,UP
31819,Sealdah - Shantipur Local,Sealdah,Shantipur,19:53,22:04,22:11,7,131,93,Main Line,Sealdah,UP
32609,Sealdah - Budge Budge Local,Sealdah,Budge Budge,19:53,20:50,21:02,12,57,26,South Line,Sealdah,UP
31307,Sealdah - Naihati Local,Sealdah,Naihati,19:54,21:02,21:10,8,68,38,Main Line,Sealdah,UP
32045,Sealdah - Bangaon Local,Sealdah,Bangaon,19:54,21:59,22:17,18,125,77,Bangaon Line,Sealdah,UP
33507,Sealdah - Lakshmikantapur Local,Sealdah,Lakshmikantapur,19:55,21:32,21:34,2,97,62,South Line,Sealdah,UP
33171,Sealdah - Diamond Harbour Local,Sealdah,Diamond Harbour,19:56,21:29,21:35,6,93,60,South Line,Sealdah,UP
31457,Sealdah - Kalyani Simanta Local,Sealdah,Kalyani Simanta,19:58,21:20,21:30,10,82,53,Main Line,Sealdah,UP
32815,Sealdah - Sonarpur Local,Sealdah,Sonarpur,20:00,20:39,20:58,19,39,17,South Line,Sealdah,UP
33027,Sealdah - Baruipur Local,Sealdah,Baruipur,20:00,20:47,20:50,3,47,25,South Line,Sealdah,UP
31617,Sealdah - Ranaghat Local,Sealdah,Ranaghat,20:01,21:57,22:09,12,116,73,Main Line,Sealdah,UP
32443,Sealdah - Barrackpore Local,Sealdah,Barrackpore,20:01,20:43,20:50,7,42,22,Main Line,Sealdah,UP
31309,Sealdah - Naihati Local,Sealdah,Naihati,20:03,21:07,21:16,9,64,38,Main Line,Sealdah,UP
33407,Sealdah - Canning Local,Sealdah,Canning,20:05,21:16,21:21,5,71,45,South Line,Sealdah,UP
31895,Sealdah - Gede Local,Sealdah,Gede,20:07,22:56,23:15,19,169,117,Main Line,Sealdah,UP
33255,Sealdah - Kakdwip Local,Sealdah,Kakdwip,20:07,22:27,22:39,12,140,95,South Line,Sealdah,UP
32283,Sealdah - Dankuni Local,Sealdah,Dankuni,20:08,20:57,21:03,6,49,22,Chord Link,Sealdah,UP
32047,Sealdah - Bangaon Local,Sealdah,Bangaon,20:09,22:16,22:32,16,127,77,Bangaon Line,Sealdah,UP
32611,Sealdah - Budge Budge Local,Sealdah,Budge Budge,20:09,21:06,21:25,19,57,26,South Line,Sealdah,UP
33029,Sealdah - Baruipur Local,Sealdah,Baruipur,20:10,21:04,21:07,3,54,25,South Line,Sealdah,UP
32817,Sealdah - Sonarpur Local,Sealdah,Sonarpur,20:11,20:48,21:00,12,37,17,South Line,Sealdah,UP
33595,Sealdah - Majerhat Local,Sealdah,Majerhat,20:12,20:50,21:04,14,38,15,Circular Railway,Sealdah,UP
32161,Sealdah - Hasnabad Local,Sealdah,Hasnabad,20:13,22:25,22:30,5,132,75,Bangaon Line,Sealdah,UP
31311,Sealdah - Naihati Local,Sealdah,Naihati,20:14,21:16,21:24,8,62,38,Main Line,Sealdah,UP
33173,Sealdah - Diamond Harbour Local,Sealdah,Diamond Harbour,20:14,21:49,22:01,12,95,60,South Line,Sealdah,UP
33315,Sealdah - Namkhana Local,Sealdah,Namkhana,20:15,22:59,23:04,5,164,109,South Line,Sealdah,UP
32445,Sealdah - Barrackpore Local,Sealdah,Barrackpore,20:17,20:54,21:10,16,37,22,Main Line,Sealdah,UP
31459,Sealdah - Kalyani Simanta Local,Sealdah,Kalyani Simanta,20:18,21:39,21:41,2,81,53,Main Line,Sealdah,UP
31619,Sealdah - Ranaghat Local,Sealdah,Ranaghat,20:18,22:16,22:20,4,118,73,Main Line,Sealdah,UP
33509,Sealdah - Lakshmikantapur Local,Sealdah,Lakshmikantapur,20:18,21:54,22:09,15,96,62,South Line,Sealdah,UP
31733,Sealdah - Krishnanagar Local,Sealdah,Krishnanagar,20:20,22:46,22:53,7,146,100,Main Line,Sealdah,UP
31313,Sealdah - Naihati Local,Sealdah,Naihati,20:22,21:28,21:47,19,66,38,Main Line,Sealdah,UP
32819,Sealdah - Sonarpur Local,Sealdah,Sonarpur,20:22,20:53,20:55,2,31,17,South Line,Sealdah,UP
33031,Sealdah - Baruipur Local,Sealdah,Baruipur,20:22,21:14,21:21,7,52,25,South Line,Sealdah,UP
31821,Sealdah - Shantipur Local,Sealdah,Shantipur,20:24,22:38,22:45,7,134,93,Main Line,Sealdah,UP
32049,Sealdah - Bangaon Local,Sealdah,Bangaon,20:25,22:33,22:50,17,128,77,Bangaon Line,Sealdah,UP
32613,Sealdah - Budge Budge Local,Sealdah,Budge Budge,20:25,21:23,21:29,6,58,26,South Line,Sealdah,UP
32285,Sealdah - Dankuni Local,Sealdah,Dankuni,20:26,21:07,21:25,18,41,22,Chord Link,Sealdah,UP
33409,Sealdah - Canning Local,Sealdah,Canning,20:28,21:39,21:50,11,71,45,South Line,Sealdah,UP
32447,Sealdah - Barrackpore Local,Sealdah,Barrackpore,20:32,21:08,21:27,19,36,22,Main Line,Sealdah,UP
33175,Sealdah - Diamond Harbour Local,Sealdah,Diamond Harbour,20:32,22:08,22:16,8,96,60,South Line,Sealdah,UP
31315,Sealdah - Naihati Local,Sealdah,Naihati,20:33,21:40,21:44,4,67,38,Main Line,Sealdah,UP
33033,Sealdah - Baruipur Local,Sealdah,Baruipur,20:34,21:26,21:40,14,52,25,South Line,Sealdah,UP
31621,Sealdah - Ranaghat Local,Sealdah,Ranaghat,20:35,22:26,22:42,16,111,73,Main Line,Sealdah,UP
32821,Sealdah - Sonarpur Local,Sealdah,Sonarpur,20:35,21:10,21:14,4,35,17,South Line,Sealdah,UP
32163,Sealdah - Hasnabad Local,Sealdah,Hasnabad,20:36,22:46,22:51,5,130,75,Bangaon Line,Sealdah,UP
31461,Sealdah - Kalyani Simanta Local,Sealdah,Kalyani Simanta,20:39,22:00,22:06,6,81,53,Main Line,Sealdah,UP
32051,Sealdah - Bangaon Local,Sealdah,Bangaon,20:39,22:47,22:49,2,128,77,Bangaon Line,Sealdah,UP
32615,Sealdah - Budge Budge Local,Sealdah,Budge Budge,20:41,21:33,21:38,5,52,26,South Line,Sealdah,UP
31897,Sealdah - Gede Local,Sealdah,Gede,20:42,23:28,23:41,13,166,117,Main Line,Sealdah,UP
33511,Sealdah - Lakshmikantapur Local,Sealdah,Lakshmikantapur,20:42,22:18,22:29,11,96,62,South Line,Sealdah,UP
31735,Sealdah - Krishnanagar Local,Sealdah,Krishnanagar,20:43,23:06,23:20,14,143,100,Main Line,Sealdah,UP
33597,Sealdah - Majerhat Local,Sealdah,Majerhat,20:43,21:23,21:38,15,40,15,Circular Railway,Sealdah,UP
31317,Sealdah - Naihati Local,Sealdah,Naihati,20:44,21:45,21:51,6,61,38,Main Line,Sealdah,UP
33257,Sealdah - Kakdwip Local,Sealdah,Kakdwip,20:44,23:00,23:05,5,136,95,South Line,Sealdah,UP
32823,Sealdah - Sonarpur Local,Sealdah,Sonarpur,20:46,21:17,21:32,15,31,17,South Line,Sealdah,UP
33035,Sealdah - Baruipur Local,Sealdah,Baruipur,20:46,21:39,21:50,11,53,25,South Line,Sealdah,UP
32287,Sealdah - Dankuni Local,Sealdah,Dankuni,20:47,21:30,21:48,18,43,22,Chord Link,Sealdah,UP
32449,Sealdah - Barrackpore Local,Sealdah,Barrackpore,20:49,21:28,21:39,11,39,22,Main Line,Sealdah,UP
31623,Sealdah - Ranaghat Local,Sealdah,Ranaghat,20:51,22:46,22:54,8,115,73,Main Line,Sealdah,UP
31823,Sealdah - Shantipur Local,Sealdah,Shantipur,20:52,23:06,23:23,17,134,93,Main Line,Sealdah,UP
33177,Sealdah - Diamond Harbour Local,Sealdah,Diamond Harbour,20:52,22:24,22:26,2,92,60,South Line,Sealdah,UP
32053,Sealdah - Bangaon Local,Sealdah,Bangaon,20:54,23:00,23:18,18,126,77,Bangaon Line,Sealdah,UP
31319,Sealdah - Naihati Local,Sealdah,Naihati,20:55,21:56,22:06,10,61,38,Main Line,Sealdah,UP
32617,Sealdah - Budge Budge Local,Sealdah,Budge Budge,20:55,21:46,21:53,7,51,26,South Line,Sealdah,UP
33411,Sealdah - Canning Local,Sealdah,Canning,20:55,22:12,22:26,14,77,45,South Line,Sealdah,UP
32825,Sealdah - Sonarpur Local,Sealdah,Sonarpur,20:56,21:35,21:39,4,39,17,South Line,Sealdah,UP
33037,Sealdah - Baruipur Local,Sealdah,Baruipur,20:59,21:47,21:55,8,48,25,South Line,Sealdah,UP
33317,Sealdah - Namkhana Local,Sealdah,Namkhana,20:59,23:35,23:45,10,156,109,South Line,Sealdah,UP
31463,Sealdah - Kalyani Simanta Local,Sealdah,Kalyani Simanta,21:01,22:25,22:31,6,84,53,Main Line,Sealdah,UP
31321,Sealdah - Naihati Local,Sealdah,Naihati,21:03,22:09,22:20,11,66,38,Main Line,Sealdah,UP
32165,Sealdah - Hasnabad Local,Sealdah,Hasnabad,21:03,23:16,23:34,18,133,75,Bangaon Line,Sealdah,UP
32451,Sealdah - Barrackpore Local,Sealdah,Barrackpore,21:03,21:46,21:59,13,43,22,Main Line,Sealdah,UP
31625,Sealdah - Ranaghat Local,Sealdah,Ranaghat,21:05,22:58,23:15,17,113,73,Main Line,Sealdah,UP
31737,Sealdah - Krishnanagar Local,Sealdah,Krishnanagar,21:07,23:31,23:35,4,144,100,Main Line,Sealdah,UP
32055,Sealdah - Bangaon Local,Sealdah,Bangaon,21:07,23:14,23:24,10,127,77,Bangaon Line,Sealdah,UP
32827,Sealdah - Sonarpur Local,Sealdah,Sonarpur,21:07,21:43,21:59,16,36,17,South Line,Sealdah,UP
32289,Sealdah - Dankuni Local,Sealdah,Dankuni,21:08,21:55,22:01,6,47,22,Chord Link,Sealdah,UP
33513,Sealdah - Lakshmikantapur Local,Sealdah,Lakshmikantapur,21:08,22:41,22:55,14,93,62,South Line,Sealdah,UP
33039,Sealdah - Baruipur Local,Sealdah,Baruipur,21:09,22:01,22:16,15,52,25,South Line,Sealdah,UP
32619,Sealdah - Budge Budge Local,Sealdah,Budge Budge,21:12,22:07,22:23,16,55,26,South Line,Sealdah,UP
33179,Sealdah - Diamond Harbour Local,Sealdah,Diamond Harbour,21:13,22:44,23:01,17,91,60,South Line,Sealdah,UP
31323,Sealdah - Naihati Local,Sealdah,Naihati,21:14,22:18,22:32,14,64,38,Main Line,Sealdah,UP
33599,Sealdah - Majerhat Local,Sealdah,Majerhat,21:15,21:54,22:12,18,39,15,Circular Railway,Sealdah,UP
31899,Sealdah - Gede Local,Sealdah,Gede,21:18,00:07,00:16,9,169,117,Main Line,Sealdah,UP
32453,Sealdah - Barrackpore Local,Sealdah,Barrackpore,21:20,21:56,21:59,3,36,22,Main Line,Sealdah,UP
32829,Sealdah - Sonarpur Local,Sealdah,Sonarpur,21:20,21:52,21:58,6,32,17,South Line,Sealdah,UP
33259,Sealdah - Kakdwip Local,Sealdah,Kakdwip,21:20,23:37,23:44,7,137,95,South Line,Sealdah,UP
31465,Sealdah - Kalyani Simanta Local,Sealdah,Kalyani Simanta,21:21,22:42,22:55,13,81,53,Main Line,Sealdah,UP
33041,Sealdah - Baruipur Local,Sealdah,Baruipur,21:21,22:13,22:32,19,52,25,South Line,Sealdah,UP
31325,Sealdah - Naihati Local,Sealdah,Naihati,21:22,22:26,22:28,2,64,38,Main Line,Sealdah,UP
31627,Sealdah - Ranaghat Local,Sealdah,Ranaghat,21:22,23:20,23:38,18,118,73,Main Line,Sealdah,UP
31825,Sealdah - Shantipur Local,Sealdah,Shantipur,21:22,23:37,23:49,12,135,93,Main Line,Sealdah,UP
33413,Sealdah - Canning Local,Sealdah,Canning,21:22,22:36,22:47,11,74,45,South Line,Sealdah,UP
32057,Sealdah - Bangaon Local,Sealdah,Bangaon,21:24,23:25,23:40,15,121,77,Bangaon Line,Sealdah,UP
32167,Sealdah - Hasnabad Local,Sealdah,Hasnabad,21:26,23:35,23:46,11,129,75,Bangaon Line,Sealdah,UP
32621,Sealdah - Budge Budge Local,Sealdah,Budge Budge,21:26,22:21,22:37,16,55,26,South Line,Sealdah,UP
32291,Sealdah - Dankuni Local,Sealdah,Dankuni,21:30,22:11,22:16,5,41,22,Chord Link,Sealdah,UP
31327,Sealdah - Naihati Local,Sealdah,Naihati,21:31,22:39,22:42,3,68,38,Main Line,Sealdah,UP
33181,Sealdah - Diamond Harbour Local,Sealdah,Diamond Harbour,21:31,23:04,23:14,10,93,60,South Line,Sealdah,UP
33515,Sealdah - Lakshmikantapur Local,Sealdah,Lakshmikantapur,21:31,23:06,23:17,11,95,62,South Line,Sealdah,UP
33043,Sealdah - Baruipur Local,Sealdah,Baruipur,21:32,22:24,22:36,12,52,25,South Line,Sealdah,UP
32831,Sealdah - Sonarpur Local,Sealdah,Sonarpur,21:33,22:05,22:20,15,32,17,South Line,Sealdah,UP
31739,Sealdah - Krishnanagar Local,Sealdah,Krishnanagar,21:34,00:03,00:11,8,149,100,Main Line,Sealdah,UP
32455,Sealdah - Barrackpore Local,Sealdah,Barrackpore,21:35,22:15,22:31,16,40,22,Main Line,Sealdah,UP
31629,Sealdah - Ranaghat Local,Sealdah,Ranaghat,21:37,23:29,23:45,16,112,73,Main Line,Sealdah,UP
31467,Sealdah - Kalyani Simanta Local,Sealdah,Kalyani Simanta,21:39,23:03,23:12,9,84,53,Main Line,Sealdah,UP
32059,Sealdah - Bangaon Local,Sealdah,Bangaon,21:39,23:46,23:58,12,127,77,Bangaon Line,Sealdah,UP
32623,Sealdah - Budge Budge Local,Sealdah,Budge Budge,21:39,22:38,22:48,10,59,26,South Line,Sealdah,UP
33045,Sealdah - Baruipur Local,Sealdah,Baruipur,21:42,22:31,22:47,16,49,25,South Line,Sealdah,UP
31329,Sealdah - Naihati Local,Sealdah,Naihati,21:43,22:50,22:52,2,67,38,Main Line,Sealdah,UP
33319,Sealdah - Namkhana Local,Sealdah,Namkhana,21:46,00:25,00:27,2,159,109,South Line,Sealdah,UP
33601,Sealdah - Majerhat Local,Sealdah,Majerhat,21:46,22:24,22:28,4,38,15,Circular Railway,Sealdah,UP
32833,Sealdah - Sonarpur Local,Sealdah,Sonarpur,21:47,22:20,22:31,11,33,17,South Line,Sealdah,UP
32457,Sealdah - Barrackpore Local,Sealdah,Barrackpore,21:48,22:24,22:33,9,36,22,Main Line,Sealdah,UP
33183,Sealdah - Diamond Harbour Local,Sealdah,Diamond Harbour,21:49,23:25,23:41,16,96,60,South Line,Sealdah,UP
33415,Sealdah - Canning Local,Sealdah,Canning,21:49,23:08,23:19,11,79,45,South Line,Sealdah,UP
31827,Sealdah - Shantipur Local,Sealdah,Shantipur,21:51,00:07,00:09,2,136,93,Main Line,Sealdah,UP
32169,Sealdah - Hasnabad Local,Sealdah,Hasnabad,21:51,00:04,00:23,19,133,75,Bangaon Line,Sealdah,UP
32293,Sealdah - Dankuni Local,Sealdah,Dankuni,21:51,22:39,22:42,3,48,22,Chord Link,Sealdah,UP
31331,Sealdah - Naihati Local,Sealdah,Naihati,21:52,22:57,23:11,14,65,38,Main Line,Sealdah,UP
31901,Sealdah - Gede Local,Sealdah,Gede,21:52,00:39,00:41,2,167,117,Main Line,Sealdah,UP
32061,Sealdah - Bangaon Local,Sealdah,Bangaon,21:52,00:01,00:04,3,129,77,Bangaon Line,Sealdah,UP
31631,Sealdah - Ranaghat Local,Sealdah,Ranaghat,21:53,23:47,00:04,17,114,73,Main Line,Sealdah,UP
32625,Sealdah - Budge Budge Local,Sealdah,Budge Budge,21:53,22:46,23:02,16,53,26,South Line,Sealdah,UP
33047,Sealdah - Baruipur Local,Sealdah,Baruipur,21:54,22:47,23:01,14,53,25,South Line,Sealdah,UP
31469,Sealdah - Kalyani Simanta Local,Sealdah,Kalyani Simanta,21:57,23:18,23:35,17,81,53,Main Line,Sealdah,UP
31741,Sealdah - Krishnanagar Local,Sealdah,Krishnanagar,21:57,00:21,00:39,18,144,100,Main Line,Sealdah,UP
33261,Sealdah - Kakdwip Local,Sealdah,Kakdwip,21:57,00:19,00:27,8,142,95,South Line,Sealdah,UP
33517,Sealdah - Lakshmikantapur Local,Sealdah,Lakshmikantapur,21:57,23:36,23:54,18,99,62,South Line,Sealdah,UP
31333,Sealdah - Naihati Local,Sealdah,Naihati,22:01,23:05,23:13,8,64,38,Main Line,Sealdah,UP
32835,Sealdah - Sonarpur Local,Sealdah,Sonarpur,22:01,22:33,22:47,14,32,17,South Line,Sealdah,UP
33049,Sealdah - Baruipur Local,Sealdah,Baruipur,22:04,22:55,23:01,6,51,25,South Line,Sealdah,UP
32459,Sealdah - Barrackpore Local,Sealdah,Barrackpore,22:05,22:46,23:04,18,41,22,Main Line,Sealdah,UP
31633,Sealdah - Ranaghat Local,Sealdah,Ranaghat,22:06,00:01,00:05,4,115,73,Main Line,Sealdah,UP
32063,Sealdah - Bangaon Local,Sealdah,Bangaon,22:07,00:08,00:16,8,121,77,Bangaon Line,Sealdah,UP
32627,Sealdah - Budge Budge Local,Sealdah,Budge Budge,22:08,23:06,23:24,18,58,26,South Line,Sealdah,UP
33185,Sealdah - Diamond Harbour Local,Sealdah,Diamond Harbour,22:08,23:46,23:54,8,98,60,South Line,Sealdah,UP
31335,Sealdah - Naihati Local,Sealdah,Naihati,22:12,23:20,23:22,2,68,38,Main Line,Sealdah,UP
33417,Sealdah - Canning Local,Sealdah,Canning,22:12,23:31,23:49,18,79,45,South Line,Sealdah,UP
32295,Sealdah - Dankuni Local,Sealdah,Dankuni,22:13,22:54,23:12,18,41,22,Chord Link,Sealdah,UP
32171,Sealdah - Hasnabad Local,Sealdah,Hasnabad,22:14,00:28,00:40,12,134,75,Bangaon Line,Sealdah,UP
32837,Sealdah - Sonarpur Local,Sealdah,Sonarpur,22:14,22:45,22:49,4,31,17,South Line,Sealdah,UP
31471,Sealdah - Kalyani Simanta Local,Sealdah,Kalyani Simanta,22:16,23:39,23:55,16,83,53,Main Line,Sealdah,UP
33051,Sealdah - Baruipur Local,Sealdah,Baruipur,22:16,23:07,23:19,12,51,25,South Line,Sealdah,UP
33603,Sealdah - Majerhat Local,Sealdah,Majerhat,22:18,23:02,23:19,17,44,15,Circular Railway,Sealdah,UP
32461,Sealdah - Barrackpore Local,Sealdah,Barrackpore,22:19,22:58,23:08,10,39,22,Main Line,Sealdah,UP
31337,Sealdah - Naihati Local,Sealdah,Naihati,22:20,23:22,23:24,2,62,38,Main Line,Sealdah,UP
31635,Sealdah - Ranaghat Local,Sealdah,Ranaghat,22:20,00:11,00:28,17,111,73,Main Line,Sealdah,UP
31743,Sealdah - Krishnanagar Local,Sealdah,Krishnanagar,22:21,00:47,00:57,10,146,100,Main Line,Sealdah,UP
31829,Sealdah - Shantipur Local,Sealdah,Shantipur,22:21,00:32,00:45,13,131,93,Main Line,Sealdah,UP
32065,Sealdah - Bangaon Local,Sealdah,Bangaon,22:21,00:29,00:39,10,128,77,Bangaon Line,Sealdah,UP
33519,Sealdah - Lakshmikantapur Local,Sealdah,Lakshmikantapur,22:22,23:58,00:06,8,96,62,South Line,Sealdah,UP
32629,Sealdah - Budge Budge Local,Sealdah,Budge Budge,22:24,23:23,23:38,15,59,26,South Line,Sealdah,UP
31903,Sealdah - Gede Local,Sealdah,Gede,22:25,01:11,01:14,3,166,117,Main Line,Sealdah,UP
33053,Sealdah - Baruipur Local,Sealdah,Baruipur,22:26,23:16,23:26,10,50,25,South Line,Sealdah,UP
32839,Sealdah - Sonarpur Local,Sealdah,Sonarpur,22:28,23:01,23:15,14,33,17,South Line,Sealdah,UP
33187,Sealdah - Diamond Harbour Local,Sealdah,Diamond Harbour,22:28,00:03,00:19,16,95,60,South Line,Sealdah,UP
33321,Sealdah - Namkhana Local,Sealdah,Namkhana,22:29,01:11,01:15,4,162,109,South Line,Sealdah,UP
33263,Sealdah - Kakdwip Local,Sealdah,Kakdwip,22:30,00:46,00:58,12,136,95,South Line,Sealdah,UP
31339,Sealdah - Naihati Local,Sealdah,Naihati,22:32,23:41,23:56,15,69,38,Main Line,Sealdah,UP
32463,Sealdah - Barrackpore Local,Sealdah,Barrackpore,22:32,23:10,23:19,9,38,22,Main Line,Sealdah,UP
32297,Sealdah - Dankuni Local,Sealdah,Dankuni,22:33,23:18,23:37,19,45,22,Chord Link,Sealdah,UP
32067,Sealdah - Bangaon Local,Sealdah,Bangaon,22:35,00:38,00:55,17,123,77,Bangaon Line,Sealdah,UP
31637,Sealdah - Ranaghat Local,Sealdah,Ranaghat,22:37,00:34,00:37,3,117,73,Main Line,Sealdah,UP
33419,Sealdah - Canning Local,Sealdah,Canning,22:37,23:55,00:04,9,78,45,South Line,Sealdah,UP
31473,Sealdah - Kalyani Simanta Local,Sealdah,Kalyani Simanta,22:38,00:01,00:08,7,83,53,Main Line,Sealdah,UP
32173,Sealdah - Hasnabad Local,Sealdah,Hasnabad,22:38,00:50,01:03,13,132,75,Bangaon Line,Sealdah,UP
33055,Sealdah - Baruipur Local,Sealdah,Baruipur,22:38,23:31,23:47,16,53,25,South Line,Sealdah,UP
31341,Sealdah - Naihati Local,Sealdah,Naihati,22:40,23:42,23:51,9,62,38,Main Line,Sealdah,UP
32631,Sealdah - Budge Budge Local,Sealdah,Budge Budge,22:41,23:33,23:38,5,52,26,South Line,Sealdah,UP
32841,Sealdah - Sonarpur Local,Sealdah,Sonarpur,22:41,23:16,23:32,16,35,17,South Line,Sealdah,UP
31745,Sealdah - Krishnanagar Local,Sealdah,Krishnanagar,22:45,01:06,01:24,18,141,100,Main Line,Sealdah,UP
33605,Sealdah - Majerhat Local,Sealdah,Majerhat,22:46,23:29,23:43,14,43,15,Circular Railway,Sealdah,UP
31343,Sealdah - Naihati Local,Sealdah,Naihati,22:48,23:51,00:10,19,63,38,Main Line,Sealdah,UP
32069,Sealdah - Bangaon Local,Sealdah,Bangaon,22:48,00:52,00:55,3,124,77,Bangaon Line,Sealdah,UP
33521,Sealdah - Lakshmikantapur Local,Sealdah,Lakshmikantapur,22:48,00:23,00:37,14,95,62,South Line,Sealdah,UP
31831,Sealdah - Shantipur Local,Sealdah,Shantipur,22:49,01:06,01:20,14,137,93,Main Line,Sealdah,UP
32465,Sealdah - Barrackpore Local,Sealdah,Barrackpore,22:49,23:26,23:42,16,37,22,Main Line,Sealdah,UP
33057,Sealdah - Baruipur Local,Sealdah,Baruipur,22:50,23:39,23:50,11,49,25,South Line,Sealdah,UP
33189,Sealdah - Diamond Harbour Local,Sealdah,Diamond Harbour,22:50,00:26,00:30,4,96,60,South Line,Sealdah,UP
32843,Sealdah - Sonarpur Local,Sealdah,Sonarpur,22:52,23:28,23:32,4,36,17,South Line,Sealdah,UP
31639,Sealdah - Ranaghat Local,Sealdah,Ranaghat,22:54,00:48,01:03,15,114,73,Main Line,Sealdah,UP
32299,Sealdah - Dankuni Local,Sealdah,Dankuni,22:54,23:38,23:47,9,44,22,Chord Link,Sealdah,UP
32633,Sealdah - Budge Budge Local,Sealdah,Budge Budge,22:54,23:53,23:58,5,59,26,South Line,Sealdah,UP
31345,Sealdah - Naihati Local,Sealdah,Naihati,22:57,00:05,00:17,12,68,38,Main Line,Sealdah,UP
31475,Sealdah - Kalyani Simanta Local,Sealdah,Kalyani Simanta,22:57,00:19,00:31,12,82,53,Main Line,Sealdah,UP
33059,Sealdah - Baruipur Local,Sealdah,Baruipur,23:00,23:50,00:02,12,50,25,South Line,Sealdah,UP
32071,Sealdah - Bangaon Local,Sealdah,Bangaon,23:01,01:07,01:10,3,126,77,Bangaon Line,Sealdah,UP
31905,Sealdah - Gede Local,Sealdah,Gede,23:02,01:48,02:06,18,166,117,Main Line,Sealdah,UP
32845,Sealdah - Sonarpur Local,Sealdah,Sonarpur,23:04,23:40,23:50,10,36,17,South Line,Sealdah,UP
33265,Sealdah - Kakdwip Local,Sealdah,Kakdwip,23:04,01:23,01:26,3,139,95,South Line,Sealdah,UP
33421,Sealdah - Canning Local,Sealdah,Canning,23:04,00:20,00:36,16,76,45,South Line,Sealdah,UP
32175,Sealdah - Hasnabad Local,Sealdah,Hasnabad,23:05,01:14,01:31,17,129,75,Bangaon Line,Sealdah,UP
32467,Sealdah - Barrackpore Local,Sealdah,Barrackpore,23:05,23:43,23:48,5,38,22,Main Line,Sealdah,UP
31641,Sealdah - Ranaghat Local,Sealdah,Ranaghat,23:07,01:05,01:14,9,118,73,Main Line,Sealdah,UP
31347,Sealdah - Naihati Local,Sealdah,Naihati,23:08,00:12,00:22,10,64,38,Main Line,Sealdah,UP
33191,Sealdah - Diamond Harbour Local,Sealdah,Diamond Harbour,23:08,00:41,00:47,6,93,60,South Line,Sealdah,UP
31747,Sealdah - Krishnanagar Local,Sealdah,Krishnanagar,23:09,01:32,01:49,17,143,100,Main Line,Sealdah,UP
32635,Sealdah - Budge Budge Local,Sealdah,Budge Budge,23:09,00:08,00:22,14,59,26,South Line,Sealdah,UP
33061,Sealdah - Baruipur Local,Sealdah,Baruipur,23:11,00:02,00:10,8,51,25,South Line,Sealdah,UP
32301,Sealdah - Dankuni Local,Sealdah,Dankuni,23:12,23:54,00:12,18,42,22,Chord Link,Sealdah,UP
33323,Sealdah - Namkhana Local,Sealdah,Namkhana,23:13,01:52,01:56,4,159,109,South Line,Sealdah,UP
33523,Sealdah - Lakshmikantapur Local,Sealdah,Lakshmikantapur,23:15,00:49,00:55,6,94,62,South Line,Sealdah,UP
32073,Sealdah - Bangaon Local,Sealdah,Bangaon,23:16,01:17,01:30,13,121,77,Bangaon Line,Sealdah,UP
32847,Sealdah - Sonarpur Local,Sealdah,Sonarpur,23:17,23:55,00:03,8,38,17,South Line,Sealdah,UP
33607,Sealdah - Majerhat Local,Sealdah,Majerhat,23:17,23:53,00:03,10,36,15,Circular Railway,Sealdah,UP
31477,Sealdah - Kalyani Simanta Local,Sealdah,Kalyani Simanta,23:18,00:42,00:49,7,84,53,Main Line,Sealdah,UP
31349,Sealdah - Naihati Local,Sealdah,Naihati,23:19,00:20,00:38,18,61,38,Main Line,Sealdah,UP
31643,Sealdah - Ranaghat Local,Sealdah,Ranaghat,23:20,01:13,01:30,17,113,73,Main Line,Sealdah,UP
31833,Sealdah - Shantipur Local,Sealdah,Shantipur,23:20,01:33,01:37,4,133,93,Main Line,Sealdah,UP
32469,Sealdah - Barrackpore Local,Sealdah,Barrackpore,23:20,23:59,00:04,5,39,22,Main Line,Sealdah,UP
32637,Sealdah - Budge Budge Local,Sealdah,Budge Budge,23:24,00:22,00:33,11,58,26,South Line,Sealdah,UP
33063,Sealdah - Baruipur Local,Sealdah,Baruipur,23:24,00:16,00:22,6,52,25,South Line,Sealdah,UP
33193,Sealdah - Diamond Harbour Local,Sealdah,Diamond Harbour,23:28,01:05,01:16,11,97,60,South Line,Sealdah,UP
33423,Sealdah - Canning Local,Sealdah,Canning,23:28,00:42,00:55,13,74,45,South Line,Sealdah,UP
32177,Sealdah - Hasnabad Local,Sealdah,Hasnabad,23:29,01:36,01:47,11,127,75,Bangaon Line,Sealdah,UP
32849,Sealdah - Sonarpur Local,Sealdah,Sonarpur,23:29,00:03,00:17,14,34,17,South Line,Sealdah,UP
31351,Sealdah - Naihati Local,Sealdah,Naihati,23:30,00:37,00:49,12,67,38,Main Line,Sealdah,UP
32075,Sealdah - Bangaon Local,Sealdah,Bangaon,23:32,01:35,01:52,17,123,77,Bangaon Line,Sealdah,UP
31645,Sealdah - Ranaghat Local,Sealdah,Ranaghat,23:33,01:28,01:37,9,115,73,Main Line,Sealdah,UP
31749,Sealdah - Krishnanagar Local,Sealdah,Krishnanagar,23:34,02:03,02:12,9,149,100,Main Line,Sealdah,UP
32303,Sealdah - Dankuni Local,Sealdah,Dankuni,23:34,00:21,00:30,9,47,22,Chord Link,Sealdah,UP
31907,Sealdah - Gede Local,Sealdah,Gede,23:35,02:18,02:32,14,163,117,Main Line,Sealdah,UP
33065,Sealdah - Baruipur Local,Sealdah,Baruipur,23:36,00:23,00:26,3,47,25,South Line,Sealdah,UP
32471,Sealdah - Barrackpore Local,Sealdah,Barrackpore,23:37,00:19,00:32,13,42,22,Main Line,Sealdah,UP
32639,Sealdah - Budge Budge Local,Sealdah,Budge Budge,23:37,00:31,00:42,11,54,26,South Line,Sealdah,UP
33267,Sealdah - Kakdwip Local,Sealdah,Kakdwip,23:37,01:55,02:08,13,138,95,South Line,Sealdah,UP
31353,Sealdah - Naihati Local,Sealdah,Naihati,23:39,00:46,00:58,12,67,38,Main Line,Sealdah,UP
31479,Sealdah - Kalyani Simanta Local,Sealdah,Kalyani Simanta,23:40,01:05,01:21,16,85,53,Main Line,Sealdah,UP
32851,Sealdah - Sonarpur Local,Sealdah,Sonarpur,23:41,00:15,00:32,17,34,17,South Line,Sealdah,UP
33525,Sealdah - Lakshmikantapur Local,Sealdah,Lakshmikantapur,23:41,01:20,01:38,18,99,62,South Line,Sealdah,UP
33195,Sealdah - Diamond Harbour Local,Sealdah,Diamond Harbour,23:46,01:24,01:27,3,98,60,South Line,Sealdah,UP
31355,Sealdah - Naihati Local,Sealdah,Naihati,23:47,00:55,01:14,19,68,38,Main Line,Sealdah,UP
31647,Sealdah - Ranaghat Local,Sealdah,Ranaghat,23:49,01:44,01:57,13,115,73,Main Line,Sealdah,UP
31835,Sealdah - Shantipur Local,Sealdah,Shantipur,23:49,02:08,02:27,19,139,93,Main Line,Sealdah,UP
32077,Sealdah - Bangaon Local,Sealdah,Bangaon,23:49,01:55,02:13,18,126,77,Bangaon Line,Sealdah,UP
33609,Sealdah - Majerhat Local,Sealdah,Majerhat,23:49,00:30,00:37,7,41,15,Circular Railway,Sealdah,UP
33067,Sealdah - Baruipur Local,Sealdah,Baruipur,23:50,00:43,00:59,16,53,25,South Line,Sealdah,UP
32853,Sealdah - Sonarpur Local,Sealdah,Sonarpur,23:51,00:23,00:27,4,32,17,South Line,Sealdah,UP
32179,Sealdah - Hasnabad Local,Sealdah,Hasnabad,23:52,01:58,02:05,7,126,75,Bangaon Line,Sealdah,UP
32305,Sealdah - Dankuni Local,Sealdah,Dankuni,23:52,00:34,00:38,4,42,22,Chord Link,Sealdah,UP
32473,Sealdah - Barrackpore Local,Sealdah,Barrackpore,23:54,00:35,00:37,2,41,22,Main Line,Sealdah,UP
32641,Sealdah - Budge Budge Local,Sealdah,Budge Budge,23:54,00:46,01:00,14,52,26,South Line,Sealdah,UP
33425,Sealdah - Canning Local,Sealdah,Canning,23:54,01:09,01:24,15,75,45,South Line,Sealdah,UP
31102,Shantipur - Sealdah Local,Shantipur,Sealdah,03:00,05:19,05:33,14,139,93,Main Line,Sealdah,DOWN
31104,Shantipur - Sealdah Local,Shantipur,Sealdah,03:29,05:45,05:50,5,136,93,Main Line,Sealdah,DOWN
31106,Shantipur - Sealdah Local,Shantipur,Sealdah,04:01,06:18,06:26,8,137,93,Main Line,Sealdah,DOWN
31108,Shantipur - Sealdah Local,Shantipur,Sealdah,04:29,06:46,06:57,11,137,93,Main Line,Sealdah,DOWN
31110,Shantipur - Sealdah Local,Shantipur,Sealdah,04:57,07:15,07:23,8,138,93,Main Line,Sealdah,DOWN
31112,Shantipur - Sealdah Local,Shantipur,Sealdah,05:25,07:41,07:57,16,136,93,Main Line,Sealdah,DOWN
31114,Shantipur - Sealdah Local,Shantipur,Sealdah,05:53,08:10,08:26,16,137,93,Main Line,Sealdah,DOWN
31116,Shantipur - Sealdah Local,Shantipur,Sealdah,06:25,08:42,08:47,5,137,93,Main Line,Sealdah,DOWN
31118,Shantipur - Sealdah Local,Shantipur,Sealdah,06:57,09:12,09:19,7,135,93,Main Line,Sealdah,DOWN
31120,Shantipur - Sealdah Local,Shantipur,Sealdah,07:28,09:45,09:51,6,137,93,Main Line,Sealdah,DOWN
31122,Shantipur - Sealdah Local,Shantipur,Sealdah,07:56,10:12,10:25,13,136,93,Main Line,Sealdah,DOWN
31124,Shantipur - Sealdah Local,Shantipur,Sealdah,08:24,10:42,10:44,2,138,93,Main Line,Sealdah,DOWN
31126,Shantipur - Sealdah Local,Shantipur,Sealdah,08:53,11:05,11:14,9,132,93,Main Line,Sealdah,DOWN
31128,Shantipur - Sealdah Local,Shantipur,Sealdah,09:23,11:35,11:37,2,132,93,Main Line,Sealdah,DOWN
31130,Shantipur - Sealdah Local,Shantipur,Sealdah,09:54,12:11,12:17,6,137,93,Main Line,Sealdah,DOWN
31132,Shantipur - Sealdah Local,Shantipur,Sealdah,10:23,12:40,12:47,7,137,93,Main Line,Sealdah,DOWN
31134,Shantipur - Sealdah Local,Shantipur,Sealdah,10:55,13:07,13:11,4,132,93,Main Line,Sealdah,DOWN
31136,Shantipur - Sealdah Local,Shantipur,Sealdah,11:27,13:42,13:58,16,135,93,Main Line,Sealdah,DOWN
31138,Shantipur - Sealdah Local,Shantipur,Sealdah,11:58,14:12,14:18,6,134,93,Main Line,Sealdah,DOWN
31140,Shantipur - Sealdah Local,Shantipur,Sealdah,12:28,14:41,14:56,15,133,93,Main Line,Sealdah,DOWN
31142,Shantipur - Sealdah Local,Shantipur,Sealdah,12:58,15:17,15:36,19,139,93,Main Line,Sealdah,DOWN
31144,Shantipur - Sealdah Local,Shantipur,Sealdah,13:26,15:45,16:02,17,139,93,Main Line,Sealdah,DOWN
31146,Shantipur - Sealdah Local,Shantipur,Sealdah,13:54,16:08,16:15,7,134,93,Main Line,Sealdah,DOWN
31148,Shantipur - Sealdah Local,Shantipur,Sealdah,14:26,16:42,16:57,15,136,93,Main Line,Sealdah,DOWN
31150,Shantipur - Sealdah Local,Shantipur,Sealdah,14:56,17:10,17:19,9,134,93,Main Line,Sealdah,DOWN
31152,Shantipur - Sealdah Local,Shantipur,Sealdah,15:25,17:38,17:46,8,133,93,Main Line,Sealdah,DOWN
31154,Shantipur - Sealdah Local,Shantipur,Sealdah,15:53,18:07,18:16,9,134,93,Main Line,Sealdah,DOWN
31156,Shantipur - Sealdah Local,Shantipur,Sealdah,16:23,18:36,18:50,14,133,93,Main Line,Sealdah,DOWN
31158,Shantipur - Sealdah Local,Shantipur,Sealdah,16:52,19:05,19:12,7,133,93,Main Line,Sealdah,DOWN
31160,Shantipur - Sealdah Local,Shantipur,Sealdah,17:20,19:38,19:57,19,138,93,Main Line,Sealdah,DOWN
31162,Shantipur - Sealdah Local,Shantipur,Sealdah,17:51,20:09,20:12,3,138,93,Main Line,Sealdah,DOWN
31164,Shantipur - Sealdah Local,Shantipur,Sealdah,18:23,20:39,20:48,9,136,93,Main Line,Sealdah,DOWN
31166,Shantipur - Sealdah Local,Shantipur,Sealdah,18:55,21:08,21:20,12,133,93,Main Line,Sealdah,DOWN
31168,Shantipur - Sealdah Local,Shantipur,Sealdah,19:25,21:37,21:39,2,132,93,Main Line,Sealdah,DOWN
31170,Shantipur - Sealdah Local,Shantipur,Sealdah,19:56,22:14,22:21,7,138,93,Main Line,Sealdah,DOWN
31172,Shantipur - Sealdah Local,Shantipur,Sealdah,20:27,22:42,22:59,17,135,93,Main Line,Sealdah,DOWN
31174,Shantipur - Sealdah Local,Shantipur,Sealdah,20:57,23:08,23:21,13,131,93,Main Line,Sealdah,DOWN
31176,Shantipur - Sealdah Local,Shantipur,Sealdah,21:29,23:48,00:00,12,139,93,Main Line,Sealdah,DOWN
31178,Shantipur - Sealdah Local,Shantipur,Sealdah,21:59,00:14,00:25,11,135,93,Main Line,Sealdah,DOWN
31180,Shantipur - Sealdah Local,Shantipur,Sealdah,22:27,00:45,00:49,4,138,93,Main Line,Sealdah,DOWN
31182,Shantipur - Sealdah Local,Shantipur,Sealdah,22:58,01:09,01:23,14,131,93,Main Line,Sealdah,DOWN
31184,Shantipur - Sealdah Local,Shantipur,Sealdah,23:26,01:41,01:45,4,135,93,Main Line,Sealdah,DOWN
31102,Sonarpur - Sealdah Local,Sonarpur,Sealdah,03:00,03:32,03:48,16,32,17,South Line,Sealdah,DOWN
31104,Sonarpur - Sealdah Local,Sonarpur,Sealdah,03:11,03:49,04:06,17,38,17,South Line,Sealdah,DOWN
31106,Sonarpur - Sealdah Local,Sonarpur,Sealdah,03:22,03:58,04:12,14,36,17,South Line,Sealdah,DOWN
31108,Sonarpur - Sealdah Local,Sonarpur,Sealdah,03:35,04:07,04:25,18,32,17,South Line,Sealdah,DOWN
31110,Sonarpur - Sealdah Local,Sonarpur,Sealdah,03:48,04:24,04:28,4,36,17,South Line,Sealdah,DOWN
31112,Sonarpur - Sealdah Local,Sonarpur,Sealdah,04:02,04:40,04:52,12,38,17,South Line,Sealdah,DOWN
31114,Sonarpur - Sealdah Local,Sonarpur,Sealdah,04:13,04:51,05:03,12,38,17,South Line,Sealdah,DOWN
31116,Sonarpur - Sealdah Local,Sonarpur,Sealdah,04:25,04:57,05:14,17,32,17,South Line,Sealdah,DOWN
31118,Sonarpur - Sealdah Local,Sonarpur,Sealdah,04:37,05:10,05:14,4,33,17,South Line,Sealdah,DOWN
31120,Sonarpur - Sealdah Local,Sonarpur,Sealdah,04:47,05:18,05:25,7,31,17,South Line,Sealdah,DOWN
31122,Sonarpur - Sealdah Local,Sonarpur,Sealdah,04:59,05:35,05:50,15,36,17,South Line,Sealdah,DOWN
31124,Sonarpur - Sealdah Local,Sonarpur,Sealdah,05:10,05:42,06:01,19,32,17,South Line,Sealdah,DOWN
31126,Sonarpur - Sealdah Local,Sonarpur,Sealdah,05:21,05:57,06:15,18,36,17,South Line,Sealdah,DOWN
31128,Sonarpur - Sealdah Local,Sonarpur,Sealdah,05:32,06:11,06:16,5,39,17,South Line,Sealdah,DOWN
31130,Sonarpur - Sealdah Local,Sonarpur,Sealdah,05:45,06:20,06:36,16,35,17,South Line,Sealdah,DOWN
31132,Sonarpur - Sealdah Local,Sonarpur,Sealdah,05:55,06:28,06:40,12,33,17,South Line,Sealdah,DOWN
31134,Sonarpur - Sealdah Local,Sonarpur,Sealdah,06:07,06:44,06:48,4,37,17,South Line,Sealdah,DOWN
31136,Sonarpur - Sealdah Local,Sonarpur,Sealdah,06:17,06:56,07:00,4,39,17,South Line,Sealdah,DOWN
31138,Sonarpur - Sealdah Local,Sonarpur,Sealdah,06:30,07:04,07:21,17,34,17,South Line,Sealdah,DOWN
31140,Sonarpur - Sealdah Local,Sonarpur,Sealdah,06:44,07:22,07:28,6,38,17,South Line,Sealdah,DOWN
31142,Sonarpur - Sealdah Local,Sonarpur,Sealdah,06:54,07:27,07:38,11,33,17,South Line,Sealdah,DOWN
31144,Sonarpur - Sealdah Local,Sonarpur,Sealdah,07:04,07:35,07:40,5,31,17,South Line,Sealdah,DOWN
31146,Sonarpur - Sealdah Local,Sonarpur,Sealdah,07:14,07:48,08:00,12,34,17,South Line,Sealdah,DOWN
31148,Sonarpur - Sealdah Local,Sonarpur,Sealdah,07:24,07:58,08:01,3,34,17,South Line,Sealdah,DOWN
31150,Sonarpur - Sealdah Local,Sonarpur,Sealdah,07:35,08:11,08:22,11,36,17,South Line,Sealdah,DOWN
31152,Sonarpur - Sealdah Local,Sonarpur,Sealdah,07:48,08:23,08:35,12,35,17,South Line,Sealdah,DOWN
31154,Sonarpur - Sealdah Local,Sonarpur,Sealdah,07:58,08:29,08:46,17,31,17,South Line,Sealdah,DOWN
31156,Sonarpur - Sealdah Local,Sonarpur,Sealdah,08:08,08:42,08:54,12,34,17,South Line,Sealdah,DOWN
31158,Sonarpur - Sealdah Local,Sonarpur,Sealdah,08:18,08:51,09:06,15,33,17,South Line,Sealdah,DOWN
31160,Sonarpur - Sealdah Local,Sonarpur,Sealdah,08:31,09:07,09:10,3,36,17,South Line,Sealdah,DOWN
31162,Sonarpur - Sealdah Local,Sonarpur,Sealdah,08:41,09:12,09:18,6,31,17,South Line,Sealdah,DOWN
31164,Sonarpur - Sealdah Local,Sonarpur,Sealdah,08:51,09:22,09:28,6,31,17,South Line,Sealdah,DOWN
31166,Sonarpur - Sealdah Local,Sonarpur,Sealdah,09:04,09:41,09:54,13,37,17,South Line,Sealdah,DOWN
31168,Sonarpur - Sealdah Local,Sonarpur,Sealdah,09:15,09:53,10:12,19,38,17,South Line,Sealdah,DOWN
31170,Sonarpur - Sealdah Local,Sonarpur,Sealdah,09:28,10:05,10:10,5,37,17,South Line,Sealdah,DOWN
31172,Sonarpur - Sealdah Local,Sonarpur,Sealdah,09:38,10:11,10:29,18,33,17,South Line,Sealdah,DOWN
31174,Sonarpur - Sealdah Local,Sonarpur,Sealdah,09:51,10:25,10:36,11,34,17,South Line,Sealdah,DOWN
31176,Sonarpur - Sealdah Local,Sonarpur,Sealdah,10:03,10:38,10:45,7,35,17,South Line,Sealdah,DOWN
31178,Sonarpur - Sealdah Local,Sonarpur,Sealdah,10:14,10:52,11:07,15,38,17,South Line,Sealdah,DOWN
31180,Sonarpur - Sealdah Local,Sonarpur,Sealdah,10:26,10:57,11:09,12,31,17,South Line,Sealdah,DOWN
31182,Sonarpur - Sealdah Local,Sonarpur,Sealdah,10:37,11:11,11:23,12,34,17,South Line,Sealdah,DOWN
31184,Sonarpur - Sealdah Local,Sonarpur,Sealdah,10:51,11:29,11:48,19,38,17,South Line,Sealdah,DOWN
31186,Sonarpur - Sealdah Local,Sonarpur,Sealdah,11:03,11:42,12:01,19,39,17,South Line,Sealdah,DOWN
31188,Sonarpur - Sealdah Local,Sonarpur,Sealdah,11:16,11:47,11:59,12,31,17,South Line,Sealdah,DOWN
31190,Sonarpur - Sealdah Local,Sonarpur,Sealdah,11:29,12:04,12:17,13,35,17,South Line,Sealdah,DOWN
31192,Sonarpur - Sealdah Local,Sonarpur,Sealdah,11:39,12:12,12:18,6,33,17,South Line,Sealdah,DOWN
31194,Sonarpur - Sealdah Local,Sonarpur,Sealdah,11:52,12:26,12:36,10,34,17,South Line,Sealdah,DOWN
31196,Sonarpur - Sealdah Local,Sonarpur,Sealdah,12:05,12:39,12:49,10,34,17,South Line,Sealdah,DOWN
31198,Sonarpur - Sealdah Local,Sonarpur,Sealdah,12:19,12:50,13:01,11,31,17,South Line,Sealdah,DOWN
31200,Sonarpur - Sealdah Local,Sonarpur,Sealdah,12:33,13:09,13:11,2,36,17,South Line,Sealdah,DOWN
31202,Sonarpur - Sealdah Local,Sonarpur,Sealdah,12:46,13:25,13:33,8,39,17,South Line,Sealdah,DOWN
31204,Sonarpur - Sealdah Local,Sonarpur,Sealdah,12:59,13:35,13:40,5,36,17,South Line,Sealdah,DOWN
31206,Sonarpur - Sealdah Local,Sonarpur,Sealdah,13:12,13:51,13:53,2,39,17,South Line,Sealdah,DOWN
31208,Sonarpur - Sealdah Local,Sonarpur,Sealdah,13:26,14:03,14:19,16,37,17,South Line,Sealdah,DOWN
31210,Sonarpur - Sealdah Local,Sonarpur,Sealdah,13:38,14:11,14:20,9,33,17,South Line,Sealdah,DOWN
31212,Sonarpur - Sealdah Local,Sonarpur,Sealdah,13:50,14:26,14:39,13,36,17,South Line,Sealdah,DOWN
31214,Sonarpur - Sealdah Local,Sonarpur,Sealdah,14:00,14:34,14:53,19,34,17,South Line,Sealdah,DOWN
31216,Sonarpur - Sealdah Local,Sonarpur,Sealdah,14:14,14:49,15:05,16,35,17,South Line,Sealdah,DOWN
31218,Sonarpur - Sealdah Local,Sonarpur,Sealdah,14:24,15:02,15:20,18,38,17,South Line,Sealdah,DOWN
31220,Sonarpur - Sealdah Local,Sonarpur,Sealdah,14:34,15:10,15:25,15,36,17,South Line,Sealdah,DOWN
31222,Sonarpur - Sealdah Local,Sonarpur,Sealdah,14:48,15:22,15:37,15,34,17,South Line,Sealdah,DOWN
31224,Sonarpur - Sealdah Local,Sonarpur,Sealdah,15:02,15:34,15:53,19,32,17,South Line,Sealdah,DOWN
31226,Sonarpur - Sealdah Local,Sonarpur,Sealdah,15:13,15:47,16:06,19,34,17,South Line,Sealdah,DOWN
31228,Sonarpur - Sealdah Local,Sonarpur,Sealdah,15:24,16:03,16:20,17,39,17,South Line,Sealdah,DOWN
31230,Sonarpur - Sealdah Local,Sonarpur,Sealdah,15:36,16:10,16:12,2,34,17,South Line,Sealdah,DOWN
31232,Sonarpur - Sealdah Local,Sonarpur,Sealdah,15:46,16:23,16:35,12,37,17,South Line,Sealdah,DOWN
31234,Sonarpur - Sealdah Local,Sonarpur,Sealdah,16:00,16:33,16:49,16,33,17,South Line,Sealdah,DOWN
31236,Sonarpur - Sealdah Local,Sonarpur,Sealdah,16:12,16:46,16:59,13,34,17,South Line,Sealdah,DOWN
31238,Sonarpur - Sealdah Local,Sonarpur,Sealdah,16:23,16:59,17:08,9,36,17,South Line,Sealdah,DOWN
31240,Sonarpur - Sealdah Local,Sonarpur,Sealdah,16:37,17:08,17:15,7,31,17,South Line,Sealdah,DOWN
31242,Sonarpur - Sealdah Local,Sonarpur,Sealdah,16:49,17:22,17:26,4,33,17,South Line,Sealdah,DOWN
31244,Sonarpur - Sealdah Local,Sonarpur,Sealdah,17:01,17:35,17:49,14,34,17,South Line,Sealdah,DOWN
31246,Sonarpur - Sealdah Local,Sonarpur,Sealdah,17:15,17:54,18:08,14,39,17,South Line,Sealdah,DOWN
31248,Sonarpur - Sealdah Local,Sonarpur,Sealdah,17:28,18:01,18:04,3,33,17,South Line,Sealdah,DOWN
31250,Sonarpur - Sealdah Local,Sonarpur,Sealdah,17:40,18:11,18:17,6,31,17,South Line,Sealdah,DOWN
31252,Sonarpur - Sealdah Local,Sonarpur,Sealdah,17:53,18:24,18:42,18,31,17,South Line,Sealdah,DOWN
31254,Sonarpur - Sealdah Local,Sonarpur,Sealdah,18:03,18:37,18:44,7,34,17,South Line,Sealdah,DOWN
31256,Sonarpur - Sealdah Local,Sonarpur,Sealdah,18:14,18:53,18:56,3,39,17,South Line,Sealdah,DOWN
31258,Sonarpur - Sealdah Local,Sonarpur,Sealdah,18:24,18:55,19:00,5,31,17,South Line,Sealdah,DOWN
31260,Sonarpur - Sealdah Local,Sonarpur,Sealdah,18:37,19:11,19:23,12,34,17,South Line,Sealdah,DOWN
31262,Sonarpur - Sealdah Local,Sonarpur,Sealdah,18:49,19:25,19:34,9,36,17,South Line,Sealdah,DOWN
31264,Sonarpur - Sealdah Local,Sonarpur,Sealdah,19:00,19:36,19:49,13,36,17,South Line,Sealdah,DOWN
31266,Sonarpur - Sealdah Local,Sonarpur,Sealdah,19:11,19:42,19:51,9,31,17,South Line,Sealdah,DOWN
31268,Sonarpur - Sealdah Local,Sonarpur,Sealdah,19:21,19:54,20:06,12,33,17,South Line,Sealdah,DOWN
31270,Sonarpur - Sealdah Local,Sonarpur,Sealdah,19:32,20:11,20:20,9,39,17,South Line,Sealdah,DOWN
31272,Sonarpur - Sealdah Local,Sonarpur,Sealdah,19:42,20:14,20:23,9,32,17,South Line,Sealdah,DOWN
31274,Sonarpur - Sealdah Local,Sonarpur,Sealdah,19:54,20:31,20:49,18,37,17,South Line,Sealdah,DOWN
31276,Sonarpur - Sealdah Local,Sonarpur,Sealdah,20:06,20:38,20:55,17,32,17,South Line,Sealdah,DOWN
31278,Sonarpur - Sealdah Local,Sonarpur,Sealdah,20:20,20:55,21:10,15,35,17,South Line,Sealdah,DOWN
31280,Sonarpur - Sealdah Local,Sonarpur,Sealdah,20:32,21:05,21:17,12,33,17,South Line,Sealdah,DOWN
31282,Sonarpur - Sealdah Local,Sonarpur,Sealdah,20:44,21:21,21:29,8,37,17,South Line,Sealdah,DOWN
31284,Sonarpur - Sealdah Local,Sonarpur,Sealdah,20:55,21:31,21:48,17,36,17,South Line,Sealdah,DOWN
31286,Sonarpur - Sealdah Local,Sonarpur,Sealdah,21:08,21:47,22:01,14,39,17,South Line,Sealdah,DOWN
31288,Sonarpur - Sealdah Local,Sonarpur,Sealdah,21:19,21:55,22:11,16,36,17,South Line,Sealdah,DOWN
31290,Sonarpur - Sealdah Local,Sonarpur,Sealdah,21:33,22:06,22:23,17,33,17,South Line,Sealdah,DOWN
31292,Sonarpur - Sealdah Local,Sonarpur,Sealdah,21:44,22:19,22:29,10,35,17,South Line,Sealdah,DOWN
31294,Sonarpur - Sealdah Local,Sonarpur,Sealdah,21:57,22:30,22:34,4,33,17,South Line,Sealdah,DOWN
31296,Sonarpur - Sealdah Local,Sonarpur,Sealdah,22:09,22:40,22:46,6,31,17,South Line,Sealdah,DOWN
31298,Sonarpur - Sealdah Local,Sonarpur,Sealdah,22:20,22:57,23:08,11,37,17,South Line,Sealdah,DOWN
31300,Sonarpur - Sealdah Local,Sonarpur,Sealdah,22:34,23:05,23:23,18,31,17,South Line,Sealdah,DOWN
31302,Sonarpur - Sealdah Local,Sonarpur,Sealdah,22:48,23:24,23:40,16,36,17,South Line,Sealdah,DOWN
31304,Sonarpur - Sealdah Local,Sonarpur,Sealdah,22:59,23:33,23:42,9,34,17,South Line,Sealdah,DOWN
31306,Sonarpur - Sealdah Local,Sonarpur,Sealdah,23:13,23:45,00:01,16,32,17,South Line,Sealdah,DOWN
31308,Sonarpur - Sealdah Local,Sonarpur,Sealdah,23:27,00:00,00:15,15,33,17,South Line,Sealdah,DOWN
31310,Sonarpur - Sealdah Local,Sonarpur,Sealdah,23:40,00:12,00:20,8,32,17,South Line,Sealdah,DOWN
31312,Sonarpur - Sealdah Local,Sonarpur,Sealdah,23:52,00:28,00:41,13,36,17,South Line,Sealdah,DOWN
