Train Number,Train Name,Source,Destination,Departure,Arrival,Journey Time (mins),Distance (km),Line/Route,Division,Direction
37102,Arambagh - Howrah Local,Arambagh,Howrah,03:00,04:53,113,81,Tarakeswar Line,Howrah,DOWN
37104,Arambagh - Howrah Local,Arambagh,Howrah,03:42,05:35,113,81,Tarakeswar Line,Howrah,DOWN
37106,Arambagh - Howrah Local,Arambagh,Howrah,04:23,06:16,113,81,Tarakeswar Line,Howrah,DOWN
37108,Arambagh - Howrah Local,Arambagh,Howrah,05:01,06:56,115,81,Tarakeswar Line,Howrah,DOWN
37110,Arambagh - Howrah Local,Arambagh,Howrah,05:41,07:33,112,81,Tarakeswar Line,Howrah,DOWN
37112,Arambagh - Howrah Local,Arambagh,Howrah,06:22,08:17,115,81,Tarakeswar Line,Howrah,DOWN
37114,Arambagh - Howrah Local,Arambagh,Howrah,07:03,08:59,116,81,Tarakeswar Line,Howrah,DOWN
37116,Arambagh - Howrah Local,Arambagh,Howrah,07:44,09:37,113,81,Tarakeswar Line,Howrah,DOWN
37118,Arambagh - Howrah Local,Arambagh,Howrah,08:24,10:19,115,81,Tarakeswar Line,Howrah,DOWN
37120,Arambagh - Howrah Local,Arambagh,Howrah,09:02,10:59,117,81,Tarakeswar Line,Howrah,DOWN
37122,Arambagh - Howrah Local,Arambagh,Howrah,09:40,11:36,116,81,Tarakeswar Line,Howrah,DOWN
37124,Arambagh - Howrah Local,Arambagh,Howrah,10:21,12:16,115,81,Tarakeswar Line,Howrah,DOWN
37126,Arambagh - Howrah Local,Arambagh,Howrah,10:59,12:52,113,81,Tarakeswar Line,Howrah,DOWN
37128,Arambagh - Howrah Local,Arambagh,Howrah,11:39,13:31,112,81,Tarakeswar Line,Howrah,DOWN
37130,Arambagh - Howrah Local,Arambagh,Howrah,12:20,14:14,114,81,Tarakeswar Line,Howrah,DOWN
37132,Arambagh - Howrah Local,Arambagh,Howrah,13:01,14:58,117,81,Tarakeswar Line,Howrah,DOWN
37134,Arambagh - Howrah Local,Arambagh,Howrah,13:43,15:41,118,81,Tarakeswar Line,Howrah,DOWN
37136,Arambagh - Howrah Local,Arambagh,Howrah,14:22,16:15,113,81,Tarakeswar Line,Howrah,DOWN
37138,Arambagh - Howrah Local,Arambagh,Howrah,15:00,16:57,117,81,Tarakeswar Line,Howrah,DOWN
37140,Arambagh - Howrah Local,Arambagh,Howrah,15:42,17:34,112,81,Tarakeswar Line,Howrah,DOWN
37142,Arambagh - Howrah Local,Arambagh,Howrah,16:21,18:16,115,81,Tarakeswar Line,Howrah,DOWN
37144,Arambagh - Howrah Local,Arambagh,Howrah,17:02,18:53,111,81,Tarakeswar Line,Howrah,DOWN
37146,Arambagh - Howrah Local,Arambagh,Howrah,17:40,19:32,112,81,Tarakeswar Line,Howrah,DOWN
37148,Arambagh - Howrah Local,Arambagh,Howrah,18:18,20:13,115,81,Tarakeswar Line,Howrah,DOWN
37150,Arambagh - Howrah Local,Arambagh,Howrah,19:00,20:51,111,81,Tarakeswar Line,Howrah,DOWN
37152,Arambagh - Howrah Local,Arambagh,Howrah,19:41,21:34,113,81,Tarakeswar Line,Howrah,DOWN
37154,Arambagh - Howrah Local,Arambagh,Howrah,20:22,22:13,111,81,Tarakeswar Line,Howrah,DOWN
37156,Arambagh - Howrah Local,Arambagh,Howrah,21:00,22:55,115,81,Tarakeswar Line,Howrah,DOWN
37158,Arambagh - Howrah Local,Arambagh,Howrah,21:41,23:37,116,81,Tarakeswar Line,Howrah,DOWN
37160,Arambagh - Howrah Local,Arambagh,Howrah,22:20,00:11,111,81,Tarakeswar Line,Howrah,DOWN
37162,Arambagh - Howrah Local,Arambagh,Howrah,23:01,00:59,118,81,Tarakeswar Line,Howrah,DOWN
37164,Arambagh - Howrah Local,Arambagh,Howrah,23:43,01:40,117,81,Tarakeswar Line,Howrah,DOWN
37102,Bandel - Howrah Local,Bandel,Howrah,03:00,04:09,69,40,Main Line,Howrah,DOWN
37104,Bandel - Howrah Local,Bandel,Howrah,03:14,04:19,65,40,Main Line,Howrah,DOWN
37106,Bandel - Howrah Local,Bandel,Howrah,03:24,04:29,65,40,Main Line,Howrah,DOWN
37108,Bandel - Howrah Local,Bandel,Howrah,03:37,04:43,66,40,Main Line,Howrah,DOWN
37110,Bandel - Howrah Local,Bandel,Howrah,03:48,04:52,64,40,Main Line,Howrah,DOWN
37112,Bandel - Howrah Local,Bandel,Howrah,03:58,05:02,64,40,Main Line,Howrah,DOWN
37114,Bandel - Howrah Local,Bandel,Howrah,04:08,05:14,66,40,Main Line,Howrah,DOWN
37116,Bandel - Howrah Local,Bandel,Howrah,04:21,05:24,63,40,Main Line,Howrah,DOWN
37118,Bandel - Howrah Local,Bandel,Howrah,04:31,05:33,62,40,Main Line,Howrah,DOWN
37120,Bandel - Howrah Local,Bandel,Howrah,04:43,05:47,64,40,Main Line,Howrah,DOWN
37122,Bandel - Howrah Local,Bandel,Howrah,04:56,05:57,61,40,Main Line,Howrah,DOWN
37124,Bandel - Howrah Local,Bandel,Howrah,05:06,06:14,68,40,Main Line,Howrah,DOWN
37126,Bandel - Howrah Local,Bandel,Howrah,05:20,06:23,63,40,Main Line,Howrah,DOWN
37128,Bandel - Howrah Local,Bandel,Howrah,05:34,06:36,62,40,Main Line,Howrah,DOWN
37130,Bandel - Howrah Local,Bandel,Howrah,05:46,06:49,63,40,Main Line,Howrah,DOWN
37132,Bandel - Howrah Local,Bandel,Howrah,05:57,06:59,62,40,Main Line,Howrah,DOWN
37134,Bandel - Howrah Local,Bandel,Howrah,06:10,07:16,66,40,Main Line,Howrah,DOWN
37136,Bandel - Howrah Local,Bandel,Howrah,06:24,07:25,61,40,Main Line,Howrah,DOWN
37138,Bandel - Howrah Local,Bandel,Howrah,06:34,07:37,63,40,Main Line,Howrah,DOWN
37140,Bandel - Howrah Local,Bandel,Howrah,06:46,07:48,62,40,Main Line,Howrah,DOWN
37142,Bandel - Howrah Local,Bandel,Howrah,07:00,08:08,68,40,Main Line,Howrah,DOWN
37144,Bandel - Howrah Local,Bandel,Howrah,07:11,08:17,66,40,Main Line,Howrah,DOWN
37146,Bandel - Howrah Local,Bandel,Howrah,07:22,08:28,66,40,Main Line,Howrah,DOWN
37148,Bandel - Howrah Local,Bandel,Howrah,07:36,08:40,64,40,Main Line,Howrah,DOWN
37150,Bandel - Howrah Local,Bandel,Howrah,07:49,08:56,67,40,Main Line,Howrah,DOWN
37152,Bandel - Howrah Local,Bandel,Howrah,07:59,09:02,63,40,Main Line,Howrah,DOWN
37154,Bandel - Howrah Local,Bandel,Howrah,08:11,09:12,61,40,Main Line,Howrah,DOWN
37156,Bandel - Howrah Local,Bandel,Howrah,08:23,09:31,68,40,Main Line,Howrah,DOWN
37158,Bandel - Howrah Local,Bandel,Howrah,08:36,09:41,65,40,Main Line,Howrah,DOWN
37160,Bandel - Howrah Local,Bandel,Howrah,08:50,09:58,68,40,Main Line,Howrah,DOWN
37162,Bandel - Howrah Local,Bandel,Howrah,09:04,10:07,63,40,Main Line,Howrah,DOWN
37164,Bandel - Howrah Local,Bandel,Howrah,09:15,10:21,66,40,Main Line,Howrah,DOWN
37166,Bandel - Howrah Local,Bandel,Howrah,09:29,10:37,68,40,Main Line,Howrah,DOWN
37168,Bandel - Howrah Local,Bandel,Howrah,09:41,10:50,69,40,Main Line,Howrah,DOWN
37170,Bandel - Howrah Local,Bandel,Howrah,09:53,10:55,62,40,Main Line,Howrah,DOWN
37172,Bandel - Howrah Local,Bandel,Howrah,10:04,11:07,63,40,Main Line,Howrah,DOWN
37174,Bandel - Howrah Local,Bandel,Howrah,10:18,11:23,65,40,Main Line,Howrah,DOWN
37176,Bandel - Howrah Local,Bandel,Howrah,10:31,11:40,69,40,Main Line,Howrah,DOWN
37178,Bandel - Howrah Local,Bandel,Howrah,10:43,11:51,68,40,Main Line,Howrah,DOWN
37180,Bandel - Howrah Local,Bandel,Howrah,10:55,12:04,69,40,Main Line,Howrah,DOWN
37182,Bandel - Howrah Local,Bandel,Howrah,11:05,12:08,63,40,Main Line,Howrah,DOWN
37184,Bandel - Howrah Local,Bandel,Howrah,11:18,12:24,66,40,Main Line,Howrah,DOWN
37186,Bandel - Howrah Local,Bandel,Howrah,11:28,12:32,64,40,Main Line,Howrah,DOWN
37188,Bandel - Howrah Local,Bandel,Howrah,11:42,12:44,62,40,Main Line,Howrah,DOWN
37190,Bandel - Howrah Local,Bandel,Howrah,11:54,13:01,67,40,Main Line,Howrah,DOWN
37192,Bandel - Howrah Local,Bandel,Howrah,12:08,13:17,69,40,Main Line,Howrah,DOWN
37194,Bandel - Howrah Local,Bandel,Howrah,12:19,13:28,69,40,Main Line,Howrah,DOWN
37196,Bandel - Howrah Local,Bandel,Howrah,12:32,13:37,65,40,Main Line,Howrah,DOWN
37198,Bandel - Howrah Local,Bandel,Howrah,12:43,13:50,67,40,Main Line,Howrah,DOWN
37200,Bandel - Howrah Local,Bandel,Howrah,12:55,13:57,62,40,Main Line,Howrah,DOWN
37202,Bandel - Howrah Local,Bandel,Howrah,13:07,14:16,69,40,Main Line,Howrah,DOWN
37204,Bandel - Howrah Local,Bandel,Howrah,13:17,14:18,61,40,Main Line,Howrah,DOWN
37206,Bandel - Howrah Local,Bandel,Howrah,13:27,14:30,63,40,Main Line,Howrah,DOWN
37208,Bandel - Howrah Local,Bandel,Howrah,13:38,14:42,64,40,Main Line,Howrah,DOWN
37210,Bandel - Howrah Local,Bandel,Howrah,13:48,14:56,68,40,Main Line,Howrah,DOWN
37212,Bandel - Howrah Local,Bandel,Howrah,13:58,15:00,62,40,Main Line,Howrah,DOWN
37214,Bandel - Howrah Local,Bandel,Howrah,14:09,15:16,67,40,Main Line,Howrah,DOWN
37216,Bandel - Howrah Local,Bandel,Howrah,14:19,15:28,69,40,Main Line,Howrah,DOWN
37218,Bandel - Howrah Local,Bandel,Howrah,14:32,15:37,65,40,Main Line,Howrah,DOWN
37220,Bandel - Howrah Local,Bandel,Howrah,14:46,15:52,66,40,Main Line,Howrah,DOWN
37222,Bandel - Howrah Local,Bandel,Howrah,14:56,15:58,62,40,Main Line,Howrah,DOWN
37224,Bandel - Howrah Local,Bandel,Howrah,15:07,16:11,64,40,Main Line,Howrah,DOWN
37226,Bandel - Howrah Local,Bandel,Howrah,15:17,16:19,62,40,Main Line,Howrah,DOWN
37228,Bandel - Howrah Local,Bandel,Howrah,15:30,16:31,61,40,Main Line,Howrah,DOWN
37230,Bandel - Howrah Local,Bandel,Howrah,15:43,16:52,69,40,Main Line,Howrah,DOWN
37232,Bandel - Howrah Local,Bandel,Howrah,15:55,17:01,66,40,Main Line,Howrah,DOWN
37234,Bandel - Howrah Local,Bandel,Howrah,16:08,17:13,65,40,Main Line,Howrah,DOWN
37236,Bandel - Howrah Local,Bandel,Howrah,16:18,17:19,61,40,Main Line,Howrah,DOWN
37238,Bandel - Howrah Local,Bandel,Howrah,16:32,17:37,65,40,Main Line,Howrah,DOWN
37240,Bandel - Howrah Local,Bandel,Howrah,16:42,17:46,64,40,Main Line,Howrah,DOWN
37242,Bandel - Howrah Local,Bandel,Howrah,16:52,17:54,62,40,Main Line,Howrah,DOWN
37244,Bandel - Howrah Local,Bandel,Howrah,17:06,18:10,64,40,Main Line,Howrah,DOWN
37246,Bandel - Howrah Local,Bandel,Howrah,17:16,18:23,67,40,Main Line,Howrah,DOWN
37248,Bandel - Howrah Local,Bandel,Howrah,17:30,18:34,64,40,Main Line,Howrah,DOWN
37250,Bandel - Howrah Local,Bandel,Howrah,17:41,18:45,64,40,Main Line,Howrah,DOWN
37252,Bandel - Howrah Local,Bandel,Howrah,17:55,18:58,63,40,Main Line,Howrah,DOWN
37254,Bandel - Howrah Local,Bandel,Howrah,18:09,19:18,69,40,Main Line,Howrah,DOWN
37256,Bandel - Howrah Local,Bandel,Howrah,18:23,19:25,62,40,Main Line,Howrah,DOWN
37258,Bandel - Howrah Local,Bandel,Howrah,18:36,19:42,66,40,Main Line,Howrah,DOWN
37260,Bandel - Howrah Local,Bandel,Howrah,18:50,19:57,67,40,Main Line,Howrah,DOWN
37262,Bandel - Howrah Local,Bandel,Howrah,19:03,20:06,63,40,Main Line,Howrah,DOWN
37264,Bandel - Howrah Local,Bandel,Howrah,19:13,20:22,69,40,Main Line,Howrah,DOWN
37266,Bandel - Howrah Local,Bandel,Howrah,19:24,20:33,69,40,Main Line,Howrah,DOWN
37268,Bandel - Howrah Local,Bandel,Howrah,19:37,20:40,63,40,Main Line,Howrah,DOWN
37270,Bandel - Howrah Local,Bandel,Howrah,19:49,20:57,68,40,Main Line,Howrah,DOWN
37272,Bandel - Howrah Local,Bandel,Howrah,20:03,21:09,66,40,Main Line,Howrah,DOWN
37274,Bandel - Howrah Local,Bandel,Howrah,20:15,21:21,66,40,Main Line,Howrah,DOWN
37276,Bandel - Howrah Local,Bandel,Howrah,20:29,21:36,67,40,Main Line,Howrah,DOWN
37278,Bandel - Howrah Local,Bandel,Howrah,20:41,21:47,66,40,Main Line,Howrah,DOWN
37280,Bandel - Howrah Local,Bandel,Howrah,20:54,21:58,64,40,Main Line,Howrah,DOWN
37282,Bandel - Howrah Local,Bandel,Howrah,21:08,22:17,69,40,Main Line,Howrah,DOWN
37284,Bandel - Howrah Local,Bandel,Howrah,21:22,22:29,67,40,Main Line,Howrah,DOWN
37286,Bandel - Howrah Local,Bandel,Howrah,21:33,22:38,65,40,Main Line,Howrah,DOWN
37288,Bandel - Howrah Local,Bandel,Howrah,21:47,22:55,68,40,Main Line,Howrah,DOWN
37290,Bandel - Howrah Local,Bandel,Howrah,21:59,23:06,67,40,Main Line,Howrah,DOWN
37292,Bandel - Howrah Local,Bandel,Howrah,22:12,23:13,61,40,Main Line,Howrah,DOWN
37294,Bandel - Howrah Local,Bandel,Howrah,22:22,23:23,61,40,Main Line,Howrah,DOWN
37296,Bandel - Howrah Local,Bandel,Howrah,22:34,23:37,63,40,Main Line,Howrah,DOWN
37298,Bandel - Howrah Local,Bandel,Howrah,22:48,23:49,61,40,Main Line,Howrah,DOWN
37300,Bandel - Howrah Local,Bandel,Howrah,23:00,00:04,64,40,Main Line,Howrah,DOWN
37302,Bandel - Howrah Local,Bandel,Howrah,23:12,00:18,66,40,Main Line,Howrah,DOWN
37304,Bandel - Howrah Local,Bandel,Howrah,23:23,00:28,65,40,Main Line,Howrah,DOWN
37306,Bandel - Howrah Local,Bandel,Howrah,23:33,00:42,69,40,Main Line,Howrah,DOWN
37308,Bandel - Howrah Local,Bandel,Howrah,23:47,00:50,63,40,Main Line,Howrah,DOWN
37102,Barddhaman - Howrah Local,Barddhaman,Howrah,03:00,05:31,151,107,Main Line,Howrah,DOWN
37102,Barddhaman - Howrah Local,Barddhaman,Howrah,03:00,05:13,133,95,Chord Line,Howrah,DOWN
37104,Barddhaman - Howrah Local,Barddhaman,Howrah,03:20,05:33,133,95,Chord Line,Howrah,DOWN
37104,Barddhaman - Howrah Local,Barddhaman,Howrah,03:21,05:55,154,107,Main Line,Howrah,DOWN
37106,Barddhaman - Howrah Local,Barddhaman,Howrah,03:38,05:49,131,95,Chord Line,Howrah,DOWN
37106,Barddhaman - Howrah Local,Barddhaman,Howrah,03:41,06:15,154,107,Main Line,Howrah,DOWN
37108,Barddhaman - Howrah Local,Barddhaman,Howrah,03:57,06:12,135,95,Chord Line,Howrah,DOWN
37108,Barddhaman - Howrah Local,Barddhaman,Howrah,04:03,06:42,159,107,Main Line,Howrah,DOWN
37110,Barddhaman - Howrah Local,Barddhaman,Howrah,04:19,06:37,138,95,Chord Line,Howrah,DOWN
37110,Barddhaman - Howrah Local,Barddhaman,Howrah,04:22,06:57,155,107,Main Line,Howrah,DOWN
37112,Barddhaman - Howrah Local,Barddhaman,Howrah,04:37,06:55,138,95,Chord Line,Howrah,DOWN
37112,Barddhaman - Howrah Local,Barddhaman,Howrah,04:44,07:22,158,107,Main Line,Howrah,DOWN
37114,Barddhaman - Howrah Local,Barddhaman,Howrah,04:58,07:09,131,95,Chord Line,Howrah,DOWN
37114,Barddhaman - Howrah Local,Barddhaman,Howrah,05:06,07:39,153,107,Main Line,Howrah,DOWN
37116,Barddhaman - Howrah Local,Barddhaman,Howrah,05:20,07:38,138,95,Chord Line,Howrah,DOWN
37116,Barddhaman - Howrah Local,Barddhaman,Howrah,05:28,08:05,157,107,Main Line,Howrah,DOWN
37118,Barddhaman - Howrah Local,Barddhaman,Howrah,05:42,07:56,134,95,Chord Line,Howrah,DOWN
37118,Barddhaman - Howrah Local,Barddhaman,Howrah,05:46,08:25,159,107,Main Line,Howrah,DOWN
37120,Barddhaman - Howrah Local,Barddhaman,Howrah,06:01,08:19,138,95,Chord Line,Howrah,DOWN
37120,Barddhaman - Howrah Local,Barddhaman,Howrah,06:08,08:43,155,107,Main Line,Howrah,DOWN
37122,Barddhaman - Howrah Local,Barddhaman,Howrah,06:23,08:40,137,95,Chord Line,Howrah,DOWN
37122,Barddhaman - Howrah Local,Barddhaman,Howrah,06:26,08:57,151,107,Main Line,Howrah,DOWN
37124,Barddhaman - Howrah Local,Barddhaman,Howrah,06:44,08:56,132,95,Chord Line,Howrah,DOWN
37124,Barddhaman - Howrah Local,Barddhaman,Howrah,06:45,09:19,154,107,Main Line,Howrah,DOWN
37126,Barddhaman - Howrah Local,Barddhaman,Howrah,07:05,09:40,155,107,Main Line,Howrah,DOWN
37126,Barddhaman - Howrah Local,Barddhaman,Howrah,07:05,09:16,131,95,Chord Line,Howrah,DOWN
37128,Barddhaman - Howrah Local,Barddhaman,Howrah,07:27,10:05,158,107,Main Line,Howrah,DOWN
37128,Barddhaman - Howrah Local,Barddhaman,Howrah,07:27,09:46,139,95,Chord Line,Howrah,DOWN
37130,Barddhaman - Howrah Local,Barddhaman,Howrah,07:45,10:17,152,107,Main Line,Howrah,DOWN
37130,Barddhaman - Howrah Local,Barddhaman,Howrah,07:46,10:05,139,95,Chord Line,Howrah,DOWN
37132,Barddhaman - Howrah Local,Barddhaman,Howrah,08:03,10:38,155,107,Main Line,Howrah,DOWN
37132,Barddhaman - Howrah Local,Barddhaman,Howrah,08:06,10:17,131,95,Chord Line,Howrah,DOWN
37134,Barddhaman - Howrah Local,Barddhaman,Howrah,08:24,10:56,152,107,Main Line,Howrah,DOWN
37134,Barddhaman - Howrah Local,Barddhaman,Howrah,08:25,10:38,133,95,Chord Line,Howrah,DOWN
37136,Barddhaman - Howrah Local,Barddhaman,Howrah,08:44,11:19,155,107,Main Line,Howrah,DOWN
37136,Barddhaman - Howrah Local,Barddhaman,Howrah,08:44,11:00,136,95,Chord Line,Howrah,DOWN
37138,Barddhaman - Howrah Local,Barddhaman,Howrah,09:02,11:36,154,107,Main Line,Howrah,DOWN
37138,Barddhaman - Howrah Local,Barddhaman,Howrah,09:02,11:15,133,95,Chord Line,Howrah,DOWN
37140,Barddhaman - Howrah Local,Barddhaman,Howrah,09:20,11:35,135,95,Chord Line,Howrah,DOWN
37140,Barddhaman - Howrah Local,Barddhaman,Howrah,09:23,12:02,159,107,Main Line,Howrah,DOWN
37142,Barddhaman - Howrah Local,Barddhaman,Howrah,09:38,11:50,132,95,Chord Line,Howrah,DOWN
37142,Barddhaman - Howrah Local,Barddhaman,Howrah,09:44,12:20,156,107,Main Line,Howrah,DOWN
37144,Barddhaman - Howrah Local,Barddhaman,Howrah,09:58,12:10,132,95,Chord Line,Howrah,DOWN
37144,Barddhaman - Howrah Local,Barddhaman,Howrah,10:02,12:41,159,107,Main Line,Howrah,DOWN
37146,Barddhaman - Howrah Local,Barddhaman,Howrah,10:16,12:29,133,95,Chord Line,Howrah,DOWN
37146,Barddhaman - Howrah Local,Barddhaman,Howrah,10:23,12:56,153,107,Main Line,Howrah,DOWN
37148,Barddhaman - Howrah Local,Barddhaman,Howrah,10:37,12:52,135,95,Chord Line,Howrah,DOWN
37148,Barddhaman - Howrah Local,Barddhaman,Howrah,10:41,13:20,159,107,Main Line,Howrah,DOWN
37150,Barddhaman - Howrah Local,Barddhaman,Howrah,10:56,13:15,139,95,Chord Line,Howrah,DOWN
37150,Barddhaman - Howrah Local,Barddhaman,Howrah,11:00,13:39,159,107,Main Line,Howrah,DOWN
37152,Barddhaman - Howrah Local,Barddhaman,Howrah,11:18,13:36,138,95,Chord Line,Howrah,DOWN
37152,Barddhaman - Howrah Local,Barddhaman,Howrah,11:21,13:52,151,107,Main Line,Howrah,DOWN
37154,Barddhaman - Howrah Local,Barddhaman,Howrah,11:37,13:53,136,95,Chord Line,Howrah,DOWN
37154,Barddhaman - Howrah Local,Barddhaman,Howrah,11:39,14:18,159,107,Main Line,Howrah,DOWN
37156,Barddhaman - Howrah Local,Barddhaman,Howrah,11:58,14:34,156,107,Main Line,Howrah,DOWN
37156,Barddhaman - Howrah Local,Barddhaman,Howrah,11:59,14:11,132,95,Chord Line,Howrah,DOWN
37158,Barddhaman - Howrah Local,Barddhaman,Howrah,12:17,14:33,136,95,Chord Line,Howrah,DOWN
37158,Barddhaman - Howrah Local,Barddhaman,Howrah,12:18,14:55,157,107,Main Line,Howrah,DOWN
37160,Barddhaman - Howrah Local,Barddhaman,Howrah,12:37,14:54,137,95,Chord Line,Howrah,DOWN
37160,Barddhaman - Howrah Local,Barddhaman,Howrah,12:39,15:10,151,107,Main Line,Howrah,DOWN
37162,Barddhaman - Howrah Local,Barddhaman,Howrah,12:57,15:14,137,95,Chord Line,Howrah,DOWN
37162,Barddhaman - Howrah Local,Barddhaman,Howrah,12:58,15:34,156,107,Main Line,Howrah,DOWN
37164,Barddhaman - Howrah Local,Barddhaman,Howrah,13:15,15:27,132,95,Chord Line,Howrah,DOWN
37164,Barddhaman - Howrah Local,Barddhaman,Howrah,13:18,15:53,155,107,Main Line,Howrah,DOWN
37166,Barddhaman - Howrah Local,Barddhaman,Howrah,13:37,15:55,138,95,Chord Line,Howrah,DOWN
37166,Barddhaman - Howrah Local,Barddhaman,Howrah,13:38,16:17,159,107,Main Line,Howrah,DOWN
37168,Barddhaman - Howrah Local,Barddhaman,Howrah,13:57,16:28,151,107,Main Line,Howrah,DOWN
37168,Barddhaman - Howrah Local,Barddhaman,Howrah,13:57,16:09,132,95,Chord Line,Howrah,DOWN
37170,Barddhaman - Howrah Local,Barddhaman,Howrah,14:16,16:32,136,95,Chord Line,Howrah,DOWN
37170,Barddhaman - Howrah Local,Barddhaman,Howrah,14:17,16:54,157,107,Main Line,Howrah,DOWN
37172,Barddhaman - Howrah Local,Barddhaman,Howrah,14:36,16:53,137,95,Chord Line,Howrah,DOWN
37172,Barddhaman - Howrah Local,Barddhaman,Howrah,14:37,17:16,159,107,Main Line,Howrah,DOWN
37174,Barddhaman - Howrah Local,Barddhaman,Howrah,14:55,17:29,154,107,Main Line,Howrah,DOWN
37174,Barddhaman - Howrah Local,Barddhaman,Howrah,14:58,17:12,134,95,Chord Line,Howrah,DOWN
37176,Barddhaman - Howrah Local,Barddhaman,Howrah,15:15,17:51,156,107,Main Line,Howrah,DOWN
37176,Barddhaman - Howrah Local,Barddhaman,Howrah,15:20,17:31,131,95,Chord Line,Howrah,DOWN
37178,Barddhaman - Howrah Local,Barddhaman,Howrah,15:34,18:07,153,107,Main Line,Howrah,DOWN
37178,Barddhaman - Howrah Local,Barddhaman,Howrah,15:39,17:58,139,95,Chord Line,Howrah,DOWN
37180,Barddhaman - Howrah Local,Barddhaman,Howrah,15:55,18:32,157,107,Main Line,Howrah,DOWN
37180,Barddhaman - Howrah Local,Barddhaman,Howrah,15:57,18:15,138,95,Chord Line,Howrah,DOWN
37182,Barddhaman - Howrah Local,Barddhaman,Howrah,16:13,18:47,154,107,Main Line,Howrah,DOWN
37182,Barddhaman - Howrah Local,Barddhaman,Howrah,16:15,18:30,135,95,Chord Line,Howrah,DOWN
37184,Barddhaman - Howrah Local,Barddhaman,Howrah,16:35,19:09,154,107,Main Line,Howrah,DOWN
37184,Barddhaman - Howrah Local,Barddhaman,Howrah,16:37,18:53,136,95,Chord Line,Howrah,DOWN
37186,Barddhaman - Howrah Local,Barddhaman,Howrah,16:56,19:29,153,107,Main Line,Howrah,DOWN
37186,Barddhaman - Howrah Local,Barddhaman,Howrah,16:58,19:17,139,95,Chord Line,Howrah,DOWN
37188,Barddhaman - Howrah Local,Barddhaman,Howrah,17:18,19:53,155,107,Main Line,Howrah,DOWN
37188,Barddhaman - Howrah Local,Barddhaman,Howrah,17:18,19:34,136,95,Chord Line,Howrah,DOWN
37190,Barddhaman - Howrah Local,Barddhaman,Howrah,17:39,20:15,156,107,Main Line,Howrah,DOWN
37190,Barddhaman - Howrah Local,Barddhaman,Howrah,17:40,19:58,138,95,Chord Line,Howrah,DOWN
37192,Barddhaman - Howrah Local,Barddhaman,Howrah,17:59,20:17,138,95,Chord Line,Howrah,DOWN
37192,Barddhaman - Howrah Local,Barddhaman,Howrah,18:01,20:40,159,107,Main Line,Howrah,DOWN
37194,Barddhaman - Howrah Local,Barddhaman,Howrah,18:21,20:34,133,95,Chord Line,Howrah,DOWN
37194,Barddhaman - Howrah Local,Barddhaman,Howrah,18:22,20:56,154,107,Main Line,Howrah,DOWN
37196,Barddhaman - Howrah Local,Barddhaman,Howrah,18:41,21:20,159,107,Main Line,Howrah,DOWN
37196,Barddhaman - Howrah Local,Barddhaman,Howrah,18:42,20:56,134,95,Chord Line,Howrah,DOWN
37198,Barddhaman - Howrah Local,Barddhaman,Howrah,19:00,21:33,153,107,Main Line,Howrah,DOWN
37198,Barddhaman - Howrah Local,Barddhaman,Howrah,19:04,21:18,134,95,Chord Line,Howrah,DOWN
37200,Barddhaman - Howrah Local,Barddhaman,Howrah,19:19,21:58,159,107,Main Line,Howrah,DOWN
37200,Barddhaman - Howrah Local,Barddhaman,Howrah,19:24,21:36,132,95,Chord Line,Howrah,DOWN
37202,Barddhaman - Howrah Local,Barddhaman,Howrah,19:39,22:16,157,107,Main Line,Howrah,DOWN
37202,Barddhaman - Howrah Local,Barddhaman,Howrah,19:42,22:00,138,95,Chord Line,Howrah,DOWN
37204,Barddhaman - Howrah Local,Barddhaman,Howrah,19:58,22:31,153,107,Main Line,Howrah,DOWN
37204,Barddhaman - Howrah Local,Barddhaman,Howrah,20:00,22:14,134,95,Chord Line,Howrah,DOWN
37206,Barddhaman - Howrah Local,Barddhaman,Howrah,20:17,22:49,152,107,Main Line,Howrah,DOWN
37206,Barddhaman - Howrah Local,Barddhaman,Howrah,20:18,22:35,137,95,Chord Line,Howrah,DOWN
37208,Barddhaman - Howrah Local,Barddhaman,Howrah,20:37,23:16,159,107,Main Line,Howrah,DOWN
37208,Barddhaman - Howrah Local,Barddhaman,Howrah,20:40,22:51,131,95,Chord Line,Howrah,DOWN
37210,Barddhaman - Howrah Local,Barddhaman,Howrah,20:59,23:32,153,107,Main Line,Howrah,DOWN
37210,Barddhaman - Howrah Local,Barddhaman,Howrah,21:01,23:17,136,95,Chord Line,Howrah,DOWN
37212,Barddhaman - Howrah Local,Barddhaman,Howrah,21:17,23:50,153,107,Main Line,Howrah,DOWN
37212,Barddhaman - Howrah Local,Barddhaman,Howrah,21:21,23:35,134,95,Chord Line,Howrah,DOWN
37214,Barddhaman - Howrah Local,Barddhaman,Howrah,21:37,00:13,156,107,Main Line,Howrah,DOWN
37214,Barddhaman - Howrah Local,Barddhaman,Howrah,21:43,23:57,134,95,Chord Line,Howrah,DOWN
37216,Barddhaman - Howrah Local,Barddhaman,Howrah,21:55,00:32,157,107,Main Line,Howrah,DOWN
37216,Barddhaman - Howrah Local,Barddhaman,Howrah,22:01,00:16,135,95,Chord Line,Howrah,DOWN
37218,Barddhaman - Howrah Local,Barddhaman,Howrah,22:16,00:54,158,107,Main Line,Howrah,DOWN
37218,Barddhaman - Howrah Local,Barddhaman,Howrah,22:21,00:36,135,95,Chord Line,Howrah,DOWN
37220,Barddhaman - Howrah Local,Barddhaman,Howrah,22:36,01:09,153,107,Main Line,Howrah,DOWN
37220,Barddhaman - Howrah Local,Barddhaman,Howrah,22:39,00:58,139,95,Chord Line,Howrah,DOWN
37222,Barddhaman - Howrah Local,Barddhaman,Howrah,22:56,01:28,152,107,Main Line,Howrah,DOWN
37222,Barddhaman - Howrah Local,Barddhaman,Howrah,22:59,01:15,136,95,Chord Line,Howrah,DOWN
37224,Barddhaman - Howrah Local,Barddhaman,Howrah,23:15,01:48,153,107,Main Line,Howrah,DOWN
37224,Barddhaman - Howrah Local,Barddhaman,Howrah,23:21,01:33,132,95,Chord Line,Howrah,DOWN
37226,Barddhaman - Howrah Local,Barddhaman,Howrah,23:34,02:09,155,107,Main Line,Howrah,DOWN
37226,Barddhaman - Howrah Local,Barddhaman,Howrah,23:39,01:55,136,95,Chord Line,Howrah,DOWN
37228,Barddhaman - Howrah Local,Barddhaman,Howrah,23:52,02:26,154,107,Main Line,Howrah,DOWN
37102,Belmuri - Howrah Local,Belmuri,Howrah,03:00,04:11,71,46,Chord Line,Howrah,DOWN
37104,Belmuri - Howrah Local,Belmuri,Howrah,03:23,04:36,73,46,Chord Line,Howrah,DOWN
37106,Belmuri - Howrah Local,Belmuri,Howrah,03:50,05:02,72,46,Chord Line,Howrah,DOWN
37108,Belmuri - Howrah Local,Belmuri,Howrah,04:17,05:30,73,46,Chord Line,Howrah,DOWN
37110,Belmuri - Howrah Local,Belmuri,Howrah,04:42,05:53,71,46,Chord Line,Howrah,DOWN
37112,Belmuri - Howrah Local,Belmuri,Howrah,05:05,06:11,66,46,Chord Line,Howrah,DOWN
37114,Belmuri - Howrah Local,Belmuri,Howrah,05:32,06:40,68,46,Chord Line,Howrah,DOWN
37116,Belmuri - Howrah Local,Belmuri,Howrah,05:57,07:03,66,46,Chord Line,Howrah,DOWN
37118,Belmuri - Howrah Local,Belmuri,Howrah,06:24,07:35,71,46,Chord Line,Howrah,DOWN
37120,Belmuri - Howrah Local,Belmuri,Howrah,06:48,07:56,68,46,Chord Line,Howrah,DOWN
37122,Belmuri - Howrah Local,Belmuri,Howrah,07:14,08:22,68,46,Chord Line,Howrah,DOWN
37124,Belmuri - Howrah Local,Belmuri,Howrah,07:39,08:49,70,46,Chord Line,Howrah,DOWN
37126,Belmuri - Howrah Local,Belmuri,Howrah,08:02,09:14,72,46,Chord Line,Howrah,DOWN
37128,Belmuri - Howrah Local,Belmuri,Howrah,08:27,09:33,66,46,Chord Line,Howrah,DOWN
37130,Belmuri - Howrah Local,Belmuri,Howrah,08:52,10:02,70,46,Chord Line,Howrah,DOWN
37132,Belmuri - Howrah Local,Belmuri,Howrah,09:17,10:24,67,46,Chord Line,Howrah,DOWN
37134,Belmuri - Howrah Local,Belmuri,Howrah,09:44,10:53,69,46,Chord Line,Howrah,DOWN
37136,Belmuri - Howrah Local,Belmuri,Howrah,10:11,11:18,67,46,Chord Line,Howrah,DOWN
37138,Belmuri - Howrah Local,Belmuri,Howrah,10:35,11:43,68,46,Chord Line,Howrah,DOWN
37140,Belmuri - Howrah Local,Belmuri,Howrah,11:02,12:13,71,46,Chord Line,Howrah,DOWN
37142,Belmuri - Howrah Local,Belmuri,Howrah,11:29,12:39,70,46,Chord Line,Howrah,DOWN
37144,Belmuri - Howrah Local,Belmuri,Howrah,11:54,13:05,71,46,Chord Line,Howrah,DOWN
37146,Belmuri - Howrah Local,Belmuri,Howrah,12:19,13:33,74,46,Chord Line,Howrah,DOWN
37148,Belmuri - Howrah Local,Belmuri,Howrah,12:42,13:53,71,46,Chord Line,Howrah,DOWN
37150,Belmuri - Howrah Local,Belmuri,Howrah,13:09,14:15,66,46,Chord Line,Howrah,DOWN
37152,Belmuri - Howrah Local,Belmuri,Howrah,13:33,14:47,74,46,Chord Line,Howrah,DOWN
37154,Belmuri - Howrah Local,Belmuri,Howrah,13:57,15:08,71,46,Chord Line,Howrah,DOWN
37156,Belmuri - Howrah Local,Belmuri,Howrah,14:22,15:34,72,46,Chord Line,Howrah,DOWN
37158,Belmuri - Howrah Local,Belmuri,Howrah,14:48,15:56,68,46,Chord Line,Howrah,DOWN
37160,Belmuri - Howrah Local,Belmuri,Howrah,15:13,16:22,69,46,Chord Line,Howrah,DOWN
37162,Belmuri - Howrah Local,Belmuri,Howrah,15:36,16:50,74,46,Chord Line,Howrah,DOWN
37164,Belmuri - Howrah Local,Belmuri,Howrah,16:00,17:09,69,46,Chord Line,Howrah,DOWN
37166,Belmuri - Howrah Local,Belmuri,Howrah,16:24,17:38,74,46,Chord Line,Howrah,DOWN
37168,Belmuri - Howrah Local,Belmuri,Howrah,16:51,18:05,74,46,Chord Line,Howrah,DOWN
37170,Belmuri - Howrah Local,Belmuri,Howrah,17:18,18:30,72,46,Chord Line,Howrah,DOWN
37172,Belmuri - Howrah Local,Belmuri,Howrah,17:41,18:48,67,46,Chord Line,Howrah,DOWN
37174,Belmuri - Howrah Local,Belmuri,Howrah,18:07,19:15,68,46,Chord Line,Howrah,DOWN
37176,Belmuri - Howrah Local,Belmuri,Howrah,18:30,19:43,73,46,Chord Line,Howrah,DOWN
37178,Belmuri - Howrah Local,Belmuri,Howrah,18:53,20:03,70,46,Chord Line,Howrah,DOWN
37180,Belmuri - Howrah Local,Belmuri,Howrah,19:18,20:26,68,46,Chord Line,Howrah,DOWN
37182,Belmuri - Howrah Local,Belmuri,Howrah,19:43,20:57,74,46,Chord Line,Howrah,DOWN
37184,Belmuri - Howrah Local,Belmuri,Howrah,20:09,21:17,68,46,Chord Line,Howrah,DOWN
37186,Belmuri - Howrah Local,Belmuri,Howrah,20:34,21:40,66,46,Chord Line,Howrah,DOWN
37188,Belmuri - Howrah Local,Belmuri,Howrah,20:59,22:08,69,46,Chord Line,Howrah,DOWN
37190,Belmuri - Howrah Local,Belmuri,Howrah,21:22,22:30,68,46,Chord Line,Howrah,DOWN
37192,Belmuri - Howrah Local,Belmuri,Howrah,21:46,22:56,70,46,Chord Line,Howrah,DOWN
37194,Belmuri - Howrah Local,Belmuri,Howrah,22:10,23:19,69,46,Chord Line,Howrah,DOWN
37196,Belmuri - Howrah Local,Belmuri,Howrah,22:34,23:41,67,46,Chord Line,Howrah,DOWN
37198,Belmuri - Howrah Local,Belmuri,Howrah,22:58,00:05,67,46,Chord Line,Howrah,DOWN
37200,Belmuri - Howrah Local,Belmuri,Howrah,23:24,00:30,66,46,Chord Line,Howrah,DOWN
37202,Belmuri - Howrah Local,Belmuri,Howrah,23:47,00:59,72,46,Chord Line,Howrah,DOWN
37102,Chandanpur - Howrah Local,Chandanpur,Howrah,03:00,03:57,57,41,Chord Line,Howrah,DOWN
37104,Chandanpur - Howrah Local,Chandanpur,Howrah,03:24,04:23,59,41,Chord Line,Howrah,DOWN
37106,Chandanpur - Howrah Local,Chandanpur,Howrah,03:49,04:48,59,41,Chord Line,Howrah,DOWN
37108,Chandanpur - Howrah Local,Chandanpur,Howrah,04:14,05:16,62,41,Chord Line,Howrah,DOWN
37110,Chandanpur - Howrah Local,Chandanpur,Howrah,04:41,05:40,59,41,Chord Line,Howrah,DOWN
37112,Chandanpur - Howrah Local,Chandanpur,Howrah,05:04,06:07,63,41,Chord Line,Howrah,DOWN
37114,Chandanpur - Howrah Local,Chandanpur,Howrah,05:30,06:30,60,41,Chord Line,Howrah,DOWN
37116,Chandanpur - Howrah Local,Chandanpur,Howrah,05:55,06:56,61,41,Chord Line,Howrah,DOWN
37118,Chandanpur - Howrah Local,Chandanpur,Howrah,06:21,07:23,62,41,Chord Line,Howrah,DOWN
37120,Chandanpur - Howrah Local,Chandanpur,Howrah,06:47,07:51,64,41,Chord Line,Howrah,DOWN
37122,Chandanpur - Howrah Local,Chandanpur,Howrah,07:13,08:11,58,41,Chord Line,Howrah,DOWN
37124,Chandanpur - Howrah Local,Chandanpur,Howrah,07:38,08:35,57,41,Chord Line,Howrah,DOWN
37126,Chandanpur - Howrah Local,Chandanpur,Howrah,08:04,09:04,60,41,Chord Line,Howrah,DOWN
37128,Chandanpur - Howrah Local,Chandanpur,Howrah,08:27,09:30,63,41,Chord Line,Howrah,DOWN
37130,Chandanpur - Howrah Local,Chandanpur,Howrah,08:53,09:51,58,41,Chord Line,Howrah,DOWN
37132,Chandanpur - Howrah Local,Chandanpur,Howrah,09:17,10:14,57,41,Chord Line,Howrah,DOWN
37134,Chandanpur - Howrah Local,Chandanpur,Howrah,09:40,10:37,57,41,Chord Line,Howrah,DOWN
37136,Chandanpur - Howrah Local,Chandanpur,Howrah,10:03,10:59,56,41,Chord Line,Howrah,DOWN
37138,Chandanpur - Howrah Local,Chandanpur,Howrah,10:29,11:31,62,41,Chord Line,Howrah,DOWN
37140,Chandanpur - Howrah Local,Chandanpur,Howrah,10:53,11:54,61,41,Chord Line,Howrah,DOWN
37142,Chandanpur - Howrah Local,Chandanpur,Howrah,11:20,12:20,60,41,Chord Line,Howrah,DOWN
37144,Chandanpur - Howrah Local,Chandanpur,Howrah,11:44,12:41,57,41,Chord Line,Howrah,DOWN
37146,Chandanpur - Howrah Local,Chandanpur,Howrah,12:11,13:15,64,41,Chord Line,Howrah,DOWN
37148,Chandanpur - Howrah Local,Chandanpur,Howrah,12:34,13:37,63,41,Chord Line,Howrah,DOWN
37150,Chandanpur - Howrah Local,Chandanpur,Howrah,13:00,14:00,60,41,Chord Line,Howrah,DOWN
37152,Chandanpur - Howrah Local,Chandanpur,Howrah,13:24,14:27,63,41,Chord Line,Howrah,DOWN
37154,Chandanpur - Howrah Local,Chandanpur,Howrah,13:50,14:50,60,41,Chord Line,Howrah,DOWN
37156,Chandanpur - Howrah Local,Chandanpur,Howrah,14:17,15:18,61,41,Chord Line,Howrah,DOWN
37158,Chandanpur - Howrah Local,Chandanpur,Howrah,14:44,15:48,64,41,Chord Line,Howrah,DOWN
37160,Chandanpur - Howrah Local,Chandanpur,Howrah,15:11,16:07,56,41,Chord Line,Howrah,DOWN
37162,Chandanpur - Howrah Local,Chandanpur,Howrah,15:34,16:31,57,41,Chord Line,Howrah,DOWN
37164,Chandanpur - Howrah Local,Chandanpur,Howrah,16:00,17:03,63,41,Chord Line,Howrah,DOWN
37166,Chandanpur - Howrah Local,Chandanpur,Howrah,16:26,17:28,62,41,Chord Line,Howrah,DOWN
37168,Chandanpur - Howrah Local,Chandanpur,Howrah,16:51,17:54,63,41,Chord Line,Howrah,DOWN
37170,Chandanpur - Howrah Local,Chandanpur,Howrah,17:17,18:13,56,41,Chord Line,Howrah,DOWN
37172,Chandanpur - Howrah Local,Chandanpur,Howrah,17:40,18:44,64,41,Chord Line,Howrah,DOWN
37174,Chandanpur - Howrah Local,Chandanpur,Howrah,18:04,19:02,58,41,Chord Line,Howrah,DOWN
37176,Chandanpur - Howrah Local,Chandanpur,Howrah,18:29,19:31,62,41,Chord Line,Howrah,DOWN
37178,Chandanpur - Howrah Local,Chandanpur,Howrah,18:55,19:55,60,41,Chord Line,Howrah,DOWN
37180,Chandanpur - Howrah Local,Chandanpur,Howrah,19:19,20:22,63,41,Chord Line,Howrah,DOWN
37182,Chandanpur - Howrah Local,Chandanpur,Howrah,19:45,20:48,63,41,Chord Line,Howrah,DOWN
37184,Chandanpur - Howrah Local,Chandanpur,Howrah,20:08,21:12,64,41,Chord Line,Howrah,DOWN
37186,Chandanpur - Howrah Local,Chandanpur,Howrah,20:35,21:38,63,41,Chord Line,Howrah,DOWN
37188,Chandanpur - Howrah Local,Chandanpur,Howrah,21:02,22:06,64,41,Chord Line,Howrah,DOWN
37190,Chandanpur - Howrah Local,Chandanpur,Howrah,21:28,22:32,64,41,Chord Line,Howrah,DOWN
37192,Chandanpur - Howrah Local,Chandanpur,Howrah,21:52,22:54,62,41,Chord Line,Howrah,DOWN
37194,Chandanpur - Howrah Local,Chandanpur,Howrah,22:15,23:18,63,41,Chord Line,Howrah,DOWN
37196,Chandanpur - Howrah Local,Chandanpur,Howrah,22:40,23:42,62,41,Chord Line,Howrah,DOWN
37198,Chandanpur - Howrah Local,Chandanpur,Howrah,23:07,00:08,61,41,Chord Line,Howrah,DOWN
37200,Chandanpur - Howrah Local,Chandanpur,Howrah,23:34,00:35,61,41,Chord Line,Howrah,DOWN
37102,Goghat - Howrah Local,Goghat,Howrah,03:00,05:14,134,91,Tarakeswar Line,Howrah,DOWN
37104,Goghat - Howrah Local,Goghat,Howrah,03:35,05:48,133,91,Tarakeswar Line,Howrah,DOWN
37106,Goghat - Howrah Local,Goghat,Howrah,04:08,06:22,134,91,Tarakeswar Line,Howrah,DOWN
37108,Goghat - Howrah Local,Goghat,Howrah,04:44,06:55,131,91,Tarakeswar Line,Howrah,DOWN
37110,Goghat - Howrah Local,Goghat,Howrah,05:20,07:31,131,91,Tarakeswar Line,Howrah,DOWN
37112,Goghat - Howrah Local,Goghat,Howrah,05:56,08:06,130,91,Tarakeswar Line,Howrah,DOWN
37114,Goghat - Howrah Local,Goghat,Howrah,06:31,08:37,126,91,Tarakeswar Line,Howrah,DOWN
37116,Goghat - Howrah Local,Goghat,Howrah,07:05,09:15,130,91,Tarakeswar Line,Howrah,DOWN
37118,Goghat - Howrah Local,Goghat,Howrah,07:42,09:52,130,91,Tarakeswar Line,Howrah,DOWN
37120,Goghat - Howrah Local,Goghat,Howrah,08:19,10:32,133,91,Tarakeswar Line,Howrah,DOWN
37122,Goghat - Howrah Local,Goghat,Howrah,08:52,11:00,128,91,Tarakeswar Line,Howrah,DOWN
37124,Goghat - Howrah Local,Goghat,Howrah,09:29,11:35,126,91,Tarakeswar Line,Howrah,DOWN
37126,Goghat - Howrah Local,Goghat,Howrah,10:06,12:12,126,91,Tarakeswar Line,Howrah,DOWN
37128,Goghat - Howrah Local,Goghat,Howrah,10:41,12:54,133,91,Tarakeswar Line,Howrah,DOWN
37130,Goghat - Howrah Local,Goghat,Howrah,11:16,13:24,128,91,Tarakeswar Line,Howrah,DOWN
37132,Goghat - Howrah Local,Goghat,Howrah,11:49,13:56,127,91,Tarakeswar Line,Howrah,DOWN
37134,Goghat - Howrah Local,Goghat,Howrah,12:26,14:36,130,91,Tarakeswar Line,Howrah,DOWN
37136,Goghat - Howrah Local,Goghat,Howrah,13:01,15:11,130,91,Tarakeswar Line,Howrah,DOWN
37138,Goghat - Howrah Local,Goghat,Howrah,13:35,15:45,130,91,Tarakeswar Line,Howrah,DOWN
37140,Goghat - Howrah Local,Goghat,Howrah,14:10,16:17,127,91,Tarakeswar Line,Howrah,DOWN
37142,Goghat - Howrah Local,Goghat,Howrah,14:43,16:51,128,91,Tarakeswar Line,Howrah,DOWN
37144,Goghat - Howrah Local,Goghat,Howrah,15:20,17:28,128,91,Tarakeswar Line,Howrah,DOWN
37146,Goghat - Howrah Local,Goghat,Howrah,15:57,18:08,131,91,Tarakeswar Line,Howrah,DOWN
37148,Goghat - Howrah Local,Goghat,Howrah,16:33,18:43,130,91,Tarakeswar Line,Howrah,DOWN
37150,Goghat - Howrah Local,Goghat,Howrah,17:07,19:20,133,91,Tarakeswar Line,Howrah,DOWN
37152,Goghat - Howrah Local,Goghat,Howrah,17:41,19:55,134,91,Tarakeswar Line,Howrah,DOWN
37154,Goghat - Howrah Local,Goghat,Howrah,18:15,20:26,131,91,Tarakeswar Line,Howrah,DOWN
37156,Goghat - Howrah Local,Goghat,Howrah,18:48,20:56,128,91,Tarakeswar Line,Howrah,DOWN
37158,Goghat - Howrah Local,Goghat,Howrah,19:21,21:29,128,91,Tarakeswar Line,Howrah,DOWN
37160,Goghat - Howrah Local,Goghat,Howrah,19:58,22:10,132,91,Tarakeswar Line,Howrah,DOWN
37162,Goghat - Howrah Local,Goghat,Howrah,20:34,22:43,129,91,Tarakeswar Line,Howrah,DOWN
37164,Goghat - Howrah Local,Goghat,Howrah,21:10,23:18,128,91,Tarakeswar Line,Howrah,DOWN
37166,Goghat - Howrah Local,Goghat,Howrah,21:46,23:57,131,91,Tarakeswar Line,Howrah,DOWN
37168,Goghat - Howrah Local,Goghat,Howrah,22:20,00:30,130,91,Tarakeswar Line,Howrah,DOWN
37170,Goghat - Howrah Local,Goghat,Howrah,22:53,00:59,126,91,Tarakeswar Line,Howrah,DOWN
37172,Goghat - Howrah Local,Goghat,Howrah,23:26,01:39,133,91,Tarakeswar Line,Howrah,DOWN
37101,Howrah - Bandel Local,Howrah,Bandel,03:00,04:04,64,40,Main Line,Howrah,UP
37313,Howrah - Barddhaman Local,Howrah,Barddhaman,03:00,05:31,151,107,Main Line,Howrah,UP
37439,Howrah - Barddhaman Local,Howrah,Barddhaman,03:00,05:14,134,95,Chord Line,Howrah,UP
37563,Howrah - Tarakeswar Local,Howrah,Tarakeswar,03:00,04:26,86,57,Tarakeswar Line,Howrah,UP
37703,Howrah - Goghat Local,Howrah,Goghat,03:00,05:08,128,91,Tarakeswar Line,Howrah,UP
37775,Howrah - Arambagh Local,Howrah,Arambagh,03:00,04:58,118,81,Tarakeswar Line,Howrah,UP
37839,Howrah - Katwa Local,Howrah,Katwa,03:00,06:27,207,144,Main Line,Howrah,UP
37911,Howrah - Shrirampur Local,Howrah,Shrirampur,03:00,03:32,32,20,Main Line,Howrah,UP
38081,Howrah - Belmuri Local,Howrah,Belmuri,03:00,04:10,70,46,Chord Line,Howrah,UP
38183,Howrah - Chandanpur Local,Howrah,Chandanpur,03:00,03:59,59,41,Chord Line,Howrah,UP
38285,Howrah - Masagram Local,Howrah,Masagram,03:00,04:41,101,72,Chord Line,Howrah,UP
38359,Howrah - Kamarkundu Local,Howrah,Kamarkundu,03:00,03:53,53,33,Chord Line,Howrah,UP
37103,Howrah - Bandel Local,Howrah,Bandel,03:12,04:21,69,40,Main Line,Howrah,UP
37913,Howrah - Shrirampur Local,Howrah,Shrirampur,03:16,03:52,36,20,Main Line,Howrah,UP
37315,Howrah - Barddhaman Local,Howrah,Barddhaman,03:18,05:54,156,107,Main Line,Howrah,UP
37565,Howrah - Tarakeswar Local,Howrah,Tarakeswar,03:19,04:48,89,57,Tarakeswar Line,Howrah,UP
38361,Howrah - Kamarkundu Local,Howrah,Kamarkundu,03:20,04:15,55,33,Chord Line,Howrah,UP
37441,Howrah - Barddhaman Local,Howrah,Barddhaman,03:22,05:33,131,95,Chord Line,Howrah,UP
38083,Howrah - Belmuri Local,Howrah,Belmuri,03:23,04:35,72,46,Chord Line,Howrah,UP
38185,Howrah - Chandanpur Local,Howrah,Chandanpur,03:23,04:19,56,41,Chord Line,Howrah,UP
37105,Howrah - Bandel Local,Howrah,Bandel,03:26,04:31,65,40,Main Line,Howrah,UP
37915,Howrah - Shrirampur Local,Howrah,Shrirampur,03:31,04:02,31,20,Main Line,Howrah,UP
38287,Howrah - Masagram Local,Howrah,Masagram,03:33,05:14,101,72,Chord Line,Howrah,UP
37567,Howrah - Tarakeswar Local,Howrah,Tarakeswar,03:36,05:07,91,57,Tarakeswar Line,Howrah,UP
37705,Howrah - Goghat Local,Howrah,Goghat,03:36,05:50,134,91,Tarakeswar Line,Howrah,UP
37841,Howrah - Katwa Local,Howrah,Katwa,03:36,07:05,209,144,Main Line,Howrah,UP
37107,Howrah - Bandel Local,Howrah,Bandel,03:37,04:43,66,40,Main Line,Howrah,UP
38363,Howrah - Kamarkundu Local,Howrah,Kamarkundu,03:38,04:37,59,33,Chord Line,Howrah,UP
37317,Howrah - Barddhaman Local,Howrah,Barddhaman,03:39,06:12,153,107,Main Line,Howrah,UP
37443,Howrah - Barddhaman Local,Howrah,Barddhaman,03:41,05:53,132,95,Chord Line,Howrah,UP
37777,Howrah - Arambagh Local,Howrah,Arambagh,03:41,05:39,118,81,Tarakeswar Line,Howrah,UP
38085,Howrah - Belmuri Local,Howrah,Belmuri,03:46,04:55,69,46,Chord Line,Howrah,UP
38187,Howrah - Chandanpur Local,Howrah,Chandanpur,03:46,04:42,56,41,Chord Line,Howrah,UP
37917,Howrah - Shrirampur Local,Howrah,Shrirampur,03:47,04:21,34,20,Main Line,Howrah,UP
37109,Howrah - Bandel Local,Howrah,Bandel,03:49,04:57,68,40,Main Line,Howrah,UP
37569,Howrah - Tarakeswar Local,Howrah,Tarakeswar,03:54,05:27,93,57,Tarakeswar Line,Howrah,UP
37319,Howrah - Barddhaman Local,Howrah,Barddhaman,03:58,06:34,156,107,Main Line,Howrah,UP
38365,Howrah - Kamarkundu Local,Howrah,Kamarkundu,03:58,04:49,51,33,Chord Line,Howrah,UP
37445,Howrah - Barddhaman Local,Howrah,Barddhaman,04:01,06:14,133,95,Chord Line,Howrah,UP
37111,Howrah - Bandel Local,Howrah,Bandel,04:03,05:05,62,40,Main Line,Howrah,UP
37919,Howrah - Shrirampur Local,Howrah,Shrirampur,04:04,04:36,32,20,Main Line,Howrah,UP
37707,Howrah - Goghat Local,Howrah,Goghat,04:10,06:21,131,91,Tarakeswar Line,Howrah,UP
38289,Howrah - Masagram Local,Howrah,Masagram,04:10,05:56,106,72,Chord Line,Howrah,UP
37571,Howrah - Tarakeswar Local,Howrah,Tarakeswar,04:13,05:41,88,57,Tarakeswar Line,Howrah,UP
37843,Howrah - Katwa Local,Howrah,Katwa,04:13,07:45,212,144,Main Line,Howrah,UP
38087,Howrah - Belmuri Local,Howrah,Belmuri,04:13,05:24,71,46,Chord Line,Howrah,UP
38189,Howrah - Chandanpur Local,Howrah,Chandanpur,04:13,05:10,57,41,Chord Line,Howrah,UP
37113,Howrah - Bandel Local,Howrah,Bandel,04:16,05:21,65,40,Main Line,Howrah,UP
38367,Howrah - Kamarkundu Local,Howrah,Kamarkundu,04:17,05:08,51,33,Chord Line,Howrah,UP
37321,Howrah - Barddhaman Local,Howrah,Barddhaman,04:18,06:52,154,107,Main Line,Howrah,UP
37921,Howrah - Shrirampur Local,Howrah,Shrirampur,04:18,04:50,32,20,Main Line,Howrah,UP
37779,Howrah - Arambagh Local,Howrah,Arambagh,04:21,06:15,114,81,Tarakeswar Line,Howrah,UP
37447,Howrah - Barddhaman Local,Howrah,Barddhaman,04:22,06:40,138,95,Chord Line,Howrah,UP
37115,Howrah - Bandel Local,Howrah,Bandel,04:29,05:32,63,40,Main Line,Howrah,UP
37573,Howrah - Tarakeswar Local,Howrah,Tarakeswar,04:29,05:57,88,57,Tarakeswar Line,Howrah,UP
37923,Howrah - Shrirampur Local,Howrah,Shrirampur,04:35,05:11,36,20,Main Line,Howrah,UP
38369,Howrah - Kamarkundu Local,Howrah,Kamarkundu,04:38,05:30,52,33,Chord Line,Howrah,UP
38089,Howrah - Belmuri Local,Howrah,Belmuri,04:39,05:50,71,46,Chord Line,Howrah,UP
38191,Howrah - Chandanpur Local,Howrah,Chandanpur,04:39,05:35,56,41,Chord Line,Howrah,UP
37323,Howrah - Barddhaman Local,Howrah,Barddhaman,04:40,07:15,155,107,Main Line,Howrah,UP
37117,Howrah - Bandel Local,Howrah,Bandel,04:42,05:48,66,40,Main Line,Howrah,UP
37449,Howrah - Barddhaman Local,Howrah,Barddhaman,04:44,06:57,133,95,Chord Line,Howrah,UP
38291,Howrah - Masagram Local,Howrah,Masagram,04:44,06:25,101,72,Chord Line,Howrah,UP
37709,Howrah - Goghat Local,Howrah,Goghat,04:46,06:54,128,91,Tarakeswar Line,Howrah,UP
37845,Howrah - Katwa Local,Howrah,Katwa,04:46,08:13,207,144,Main Line,Howrah,UP
37575,Howrah - Tarakeswar Local,Howrah,Tarakeswar,04:48,06:22,94,57,Tarakeswar Line,Howrah,UP
37925,Howrah - Shrirampur Local,Howrah,Shrirampur,04:52,05:31,39,20,Main Line,Howrah,UP
37119,Howrah - Bandel Local,Howrah,Bandel,04:53,06:00,67,40,Main Line,Howrah,UP
38371,Howrah - Kamarkundu Local,Howrah,Kamarkundu,04:56,05:51,55,33,Chord Line,Howrah,UP
37325,Howrah - Barddhaman Local,Howrah,Barddhaman,04:59,07:31,152,107,Main Line,Howrah,UP
38091,Howrah - Belmuri Local,Howrah,Belmuri,05:02,06:11,69,46,Chord Line,Howrah,UP
37781,Howrah - Arambagh Local,Howrah,Arambagh,05:03,07:00,117,81,Tarakeswar Line,Howrah,UP
37451,Howrah - Barddhaman Local,Howrah,Barddhaman,05:04,07:22,138,95,Chord Line,Howrah,UP
38193,Howrah - Chandanpur Local,Howrah,Chandanpur,05:04,06:04,60,41,Chord Line,Howrah,UP
37121,Howrah - Bandel Local,Howrah,Bandel,05:06,06:08,62,40,Main Line,Howrah,UP
37577,Howrah - Tarakeswar Local,Howrah,Tarakeswar,05:07,06:40,93,57,Tarakeswar Line,Howrah,UP
37927,Howrah - Shrirampur Local,Howrah,Shrirampur,05:09,05:47,38,20,Main Line,Howrah,UP
37123,Howrah - Bandel Local,Howrah,Bandel,05:16,06:22,66,40,Main Line,Howrah,UP
38373,Howrah - Kamarkundu Local,Howrah,Kamarkundu,05:16,06:13,57,33,Chord Line,Howrah,UP
37327,Howrah - Barddhaman Local,Howrah,Barddhaman,05:19,07:56,157,107,Main Line,Howrah,UP
38293,Howrah - Masagram Local,Howrah,Masagram,05:19,07:06,107,72,Chord Line,Howrah,UP
37711,Howrah - Goghat Local,Howrah,Goghat,05:22,07:30,128,91,Tarakeswar Line,Howrah,UP
37847,Howrah - Katwa Local,Howrah,Katwa,05:22,08:56,214,144,Main Line,Howrah,UP
37929,Howrah - Shrirampur Local,Howrah,Shrirampur,05:23,05:58,35,20,Main Line,Howrah,UP
37453,Howrah - Barddhaman Local,Howrah,Barddhaman,05:25,07:38,133,95,Chord Line,Howrah,UP
37579,Howrah - Tarakeswar Local,Howrah,Tarakeswar,05:25,06:51,86,57,Tarakeswar Line,Howrah,UP
38093,Howrah - Belmuri Local,Howrah,Belmuri,05:25,06:39,74,46,Chord Line,Howrah,UP
37125,Howrah - Bandel Local,Howrah,Bandel,05:27,06:33,66,40,Main Line,Howrah,UP
38195,Howrah - Chandanpur Local,Howrah,Chandanpur,05:27,06:24,57,41,Chord Line,Howrah,UP
38375,Howrah - Kamarkundu Local,Howrah,Kamarkundu,05:34,06:26,52,33,Chord Line,Howrah,UP
37931,Howrah - Shrirampur Local,Howrah,Shrirampur,05:37,06:11,34,20,Main Line,Howrah,UP
37127,Howrah - Bandel Local,Howrah,Bandel,05:38,06:43,65,40,Main Line,Howrah,UP
37329,Howrah - Barddhaman Local,Howrah,Barddhaman,05:41,08:15,154,107,Main Line,Howrah,UP
37581,Howrah - Tarakeswar Local,Howrah,Tarakeswar,05:44,07:14,90,57,Tarakeswar Line,Howrah,UP
37783,Howrah - Arambagh Local,Howrah,Arambagh,05:44,07:39,115,81,Tarakeswar Line,Howrah,UP
37455,Howrah - Barddhaman Local,Howrah,Barddhaman,05:46,08:00,134,95,Chord Line,Howrah,UP
37129,Howrah - Bandel Local,Howrah,Bandel,05:50,06:57,67,40,Main Line,Howrah,UP
37933,Howrah - Shrirampur Local,Howrah,Shrirampur,05:50,06:23,33,20,Main Line,Howrah,UP
38197,Howrah - Chandanpur Local,Howrah,Chandanpur,05:50,06:49,59,41,Chord Line,Howrah,UP
38095,Howrah - Belmuri Local,Howrah,Belmuri,05:52,07:02,70,46,Chord Line,Howrah,UP
38295,Howrah - Masagram Local,Howrah,Masagram,05:54,07:41,107,72,Chord Line,Howrah,UP
38377,Howrah - Kamarkundu Local,Howrah,Kamarkundu,05:54,06:47,53,33,Chord Line,Howrah,UP
37713,Howrah - Goghat Local,Howrah,Goghat,05:57,08:03,126,91,Tarakeswar Line,Howrah,UP
37849,Howrah - Katwa Local,Howrah,Katwa,05:59,09:30,211,144,Main Line,Howrah,UP
37131,Howrah - Bandel Local,Howrah,Bandel,06:02,07:10,68,40,Main Line,Howrah,UP
37331,Howrah - Barddhaman Local,Howrah,Barddhaman,06:03,08:39,156,107,Main Line,Howrah,UP
37935,Howrah - Shrirampur Local,Howrah,Shrirampur,06:03,06:41,38,20,Main Line,Howrah,UP
37583,Howrah - Tarakeswar Local,Howrah,Tarakeswar,06:04,07:35,91,57,Tarakeswar Line,Howrah,UP
37457,Howrah - Barddhaman Local,Howrah,Barddhaman,06:05,08:16,131,95,Chord Line,Howrah,UP
38199,Howrah - Chandanpur Local,Howrah,Chandanpur,06:13,07:12,59,41,Chord Line,Howrah,UP
37133,Howrah - Bandel Local,Howrah,Bandel,06:14,07:23,69,40,Main Line,Howrah,UP
38379,Howrah - Kamarkundu Local,Howrah,Kamarkundu,06:15,07:07,52,33,Chord Line,Howrah,UP
38097,Howrah - Belmuri Local,Howrah,Belmuri,06:16,07:22,66,46,Chord Line,Howrah,UP
37937,Howrah - Shrirampur Local,Howrah,Shrirampur,06:19,06:52,33,20,Main Line,Howrah,UP
37333,Howrah - Barddhaman Local,Howrah,Barddhaman,06:21,08:54,153,107,Main Line,Howrah,UP
37459,Howrah - Barddhaman Local,Howrah,Barddhaman,06:24,08:35,131,95,Chord Line,Howrah,UP
37585,Howrah - Tarakeswar Local,Howrah,Tarakeswar,06:24,07:58,94,57,Tarakeswar Line,Howrah,UP
37785,Howrah - Arambagh Local,Howrah,Arambagh,06:25,08:24,119,81,Tarakeswar Line,Howrah,UP
37135,Howrah - Bandel Local,Howrah,Bandel,06:26,07:33,67,40,Main Line,Howrah,UP
38297,Howrah - Masagram Local,Howrah,Masagram,06:27,08:13,106,72,Chord Line,Howrah,UP
37715,Howrah - Goghat Local,Howrah,Goghat,06:31,08:37,126,91,Tarakeswar Line,Howrah,UP
37939,Howrah - Shrirampur Local,Howrah,Shrirampur,06:33,07:04,31,20,Main Line,Howrah,UP
37851,Howrah - Katwa Local,Howrah,Katwa,06:34,10:06,212,144,Main Line,Howrah,UP
38381,Howrah - Kamarkundu Local,Howrah,Kamarkundu,06:34,07:33,59,33,Chord Line,Howrah,UP
37137,Howrah - Bandel Local,Howrah,Bandel,06:39,07:42,63,40,Main Line,Howrah,UP
38099,Howrah - Belmuri Local,Howrah,Belmuri,06:40,07:54,74,46,Chord Line,Howrah,UP
38201,Howrah - Chandanpur Local,Howrah,Chandanpur,06:40,07:41,61,41,Chord Line,Howrah,UP
37335,Howrah - Barddhaman Local,Howrah,Barddhaman,06:42,09:14,152,107,Main Line,Howrah,UP
37587,Howrah - Tarakeswar Local,Howrah,Tarakeswar,06:44,08:13,89,57,Tarakeswar Line,Howrah,UP
37461,Howrah - Barddhaman Local,Howrah,Barddhaman,06:45,09:02,137,95,Chord Line,Howrah,UP
37941,Howrah - Shrirampur Local,Howrah,Shrirampur,06:46,07:21,35,20,Main Line,Howrah,UP
37139,Howrah - Bandel Local,Howrah,Bandel,06:50,07:53,63,40,Main Line,Howrah,UP
38383,Howrah - Kamarkundu Local,Howrah,Kamarkundu,06:56,07:55,59,33,Chord Line,Howrah,UP
37141,Howrah - Bandel Local,Howrah,Bandel,07:00,08:05,65,40,Main Line,Howrah,UP
37589,Howrah - Tarakeswar Local,Howrah,Tarakeswar,07:00,08:31,91,57,Tarakeswar Line,Howrah,UP
37943,Howrah - Shrirampur Local,Howrah,Shrirampur,07:01,07:38,37,20,Main Line,Howrah,UP
38299,Howrah - Masagram Local,Howrah,Masagram,07:02,08:48,106,72,Chord Line,Howrah,UP
37337,Howrah - Barddhaman Local,Howrah,Barddhaman,07:03,09:38,155,107,Main Line,Howrah,UP
38101,Howrah - Belmuri Local,Howrah,Belmuri,07:03,08:10,67,46,Chord Line,Howrah,UP
37717,Howrah - Goghat Local,Howrah,Goghat,07:04,09:17,133,91,Tarakeswar Line,Howrah,UP
37787,Howrah - Arambagh Local,Howrah,Arambagh,07:04,08:55,111,81,Tarakeswar Line,Howrah,UP
38203,Howrah - Chandanpur Local,Howrah,Chandanpur,07:04,08:01,57,41,Chord Line,Howrah,UP
37463,Howrah - Barddhaman Local,Howrah,Barddhaman,07:05,09:19,134,95,Chord Line,Howrah,UP
37853,Howrah - Katwa Local,Howrah,Katwa,07:09,10:36,207,144,Main Line,Howrah,UP
37143,Howrah - Bandel Local,Howrah,Bandel,07:11,08:15,64,40,Main Line,Howrah,UP
38385,Howrah - Kamarkundu Local,Howrah,Kamarkundu,07:14,08:13,59,33,Chord Line,Howrah,UP
37945,Howrah - Shrirampur Local,Howrah,Shrirampur,07:15,07:51,36,20,Main Line,Howrah,UP
37591,Howrah - Tarakeswar Local,Howrah,Tarakeswar,07:20,08:47,87,57,Tarakeswar Line,Howrah,UP
37145,Howrah - Bandel Local,Howrah,Bandel,07:21,08:28,67,40,Main Line,Howrah,UP
37465,Howrah - Barddhaman Local,Howrah,Barddhaman,07:24,09:36,132,95,Chord Line,Howrah,UP
37339,Howrah - Barddhaman Local,Howrah,Barddhaman,07:25,10:02,157,107,Main Line,Howrah,UP
38205,Howrah - Chandanpur Local,Howrah,Chandanpur,07:27,08:27,60,41,Chord Line,Howrah,UP
38103,Howrah - Belmuri Local,Howrah,Belmuri,07:29,08:41,72,46,Chord Line,Howrah,UP
37947,Howrah - Shrirampur Local,Howrah,Shrirampur,07:30,08:08,38,20,Main Line,Howrah,UP
37147,Howrah - Bandel Local,Howrah,Bandel,07:32,08:34,62,40,Main Line,Howrah,UP
38387,Howrah - Kamarkundu Local,Howrah,Kamarkundu,07:36,08:34,58,33,Chord Line,Howrah,UP
37593,Howrah - Tarakeswar Local,Howrah,Tarakeswar,07:38,09:08,90,57,Tarakeswar Line,Howrah,UP
37719,Howrah - Goghat Local,Howrah,Goghat,07:38,09:46,128,91,Tarakeswar Line,Howrah,UP
38301,Howrah - Masagram Local,Howrah,Masagram,07:38,09:22,104,72,Chord Line,Howrah,UP
37149,Howrah - Bandel Local,Howrah,Bandel,07:42,08:50,68,40,Main Line,Howrah,UP
37855,Howrah - Katwa Local,Howrah,Katwa,07:42,11:16,214,144,Main Line,Howrah,UP
37341,Howrah - Barddhaman Local,Howrah,Barddhaman,07:43,10:14,151,107,Main Line,Howrah,UP
37467,Howrah - Barddhaman Local,Howrah,Barddhaman,07:43,10:01,138,95,Chord Line,Howrah,UP
37789,Howrah - Arambagh Local,Howrah,Arambagh,07:45,09:43,118,81,Tarakeswar Line,Howrah,UP
37949,Howrah - Shrirampur Local,Howrah,Shrirampur,07:47,08:19,32,20,Main Line,Howrah,UP
38207,Howrah - Chandanpur Local,Howrah,Chandanpur,07:51,08:52,61,41,Chord Line,Howrah,UP
37151,Howrah - Bandel Local,Howrah,Bandel,07:52,08:53,61,40,Main Line,Howrah,UP
37595,Howrah - Tarakeswar Local,Howrah,Tarakeswar,07:55,09:26,91,57,Tarakeswar Line,Howrah,UP
38105,Howrah - Belmuri Local,Howrah,Belmuri,07:56,09:09,73,46,Chord Line,Howrah,UP
38389,Howrah - Kamarkundu Local,Howrah,Kamarkundu,07:56,08:50,54,33,Chord Line,Howrah,UP
37951,Howrah - Shrirampur Local,Howrah,Shrirampur,08:00,08:39,39,20,Main Line,Howrah,UP
37343,Howrah - Barddhaman Local,Howrah,Barddhaman,08:01,10:37,156,107,Main Line,Howrah,UP
37469,Howrah - Barddhaman Local,Howrah,Barddhaman,08:02,10:20,138,95,Chord Line,Howrah,UP
37153,Howrah - Bandel Local,Howrah,Bandel,08:06,09:13,67,40,Main Line,Howrah,UP
37597,Howrah - Tarakeswar Local,Howrah,Tarakeswar,08:11,09:45,94,57,Tarakeswar Line,Howrah,UP
38303,Howrah - Masagram Local,Howrah,Masagram,08:11,09:55,104,72,Chord Line,Howrah,UP
37953,Howrah - Shrirampur Local,Howrah,Shrirampur,08:13,08:46,33,20,Main Line,Howrah,UP
37721,Howrah - Goghat Local,Howrah,Goghat,08:14,10:22,128,91,Tarakeswar Line,Howrah,UP
38391,Howrah - Kamarkundu Local,Howrah,Kamarkundu,08:14,09:06,52,33,Chord Line,Howrah,UP
37155,Howrah - Bandel Local,Howrah,Bandel,08:16,09:18,62,40,Main Line,Howrah,UP
37857,Howrah - Katwa Local,Howrah,Katwa,08:17,11:44,207,144,Main Line,Howrah,UP
38209,Howrah - Chandanpur Local,Howrah,Chandanpur,08:18,09:16,58,41,Chord Line,Howrah,UP
38107,Howrah - Belmuri Local,Howrah,Belmuri,08:20,09:34,74,46,Chord Line,Howrah,UP
37345,Howrah - Barddhaman Local,Howrah,Barddhaman,08:21,10:58,157,107,Main Line,Howrah,UP
37471,Howrah - Barddhaman Local,Howrah,Barddhaman,08:24,10:42,138,95,Chord Line,Howrah,UP
37791,Howrah - Arambagh Local,Howrah,Arambagh,08:25,10:21,116,81,Tarakeswar Line,Howrah,UP
37955,Howrah - Shrirampur Local,Howrah,Shrirampur,08:27,09:05,38,20,Main Line,Howrah,UP
37157,Howrah - Bandel Local,Howrah,Bandel,08:30,09:35,65,40,Main Line,Howrah,UP
37599,Howrah - Tarakeswar Local,Howrah,Tarakeswar,08:30,10:02,92,57,Tarakeswar Line,Howrah,UP
38393,Howrah - Kamarkundu Local,Howrah,Kamarkundu,08:36,09:32,56,33,Chord Line,Howrah,UP
37159,Howrah - Bandel Local,Howrah,Bandel,08:40,09:43,63,40,Main Line,Howrah,UP
37957,Howrah - Shrirampur Local,Howrah,Shrirampur,08:40,09:12,32,20,Main Line,Howrah,UP
37347,Howrah - Barddhaman Local,Howrah,Barddhaman,08:42,11:16,154,107,Main Line,Howrah,UP
38211,Howrah - Chandanpur Local,Howrah,Chandanpur,08:43,09:42,59,41,Chord Line,Howrah,UP
37473,Howrah - Barddhaman Local,Howrah,Barddhaman,08:44,11:01,137,95,Chord Line,Howrah,UP
38109,Howrah - Belmuri Local,Howrah,Belmuri,08:45,09:56,71,46,Chord Line,Howrah,UP
38305,Howrah - Masagram Local,Howrah,Masagram,08:45,10:27,102,72,Chord Line,Howrah,UP
37601,Howrah - Tarakeswar Local,Howrah,Tarakeswar,08:47,10:14,87,57,Tarakeswar Line,Howrah,UP
37723,Howrah - Goghat Local,Howrah,Goghat,08:47,11:00,133,91,Tarakeswar Line,Howrah,UP
37859,Howrah - Katwa Local,Howrah,Katwa,08:52,12:22,210,144,Main Line,Howrah,UP
37161,Howrah - Bandel Local,Howrah,Bandel,08:54,10:01,67,40,Main Line,Howrah,UP
38395,Howrah - Kamarkundu Local,Howrah,Kamarkundu,08:56,09:53,57,33,Chord Line,Howrah,UP
37959,Howrah - Shrirampur Local,Howrah,Shrirampur,08:57,09:31,34,20,Main Line,Howrah,UP
37349,Howrah - Barddhaman Local,Howrah,Barddhaman,09:00,11:31,151,107,Main Line,Howrah,UP
37475,Howrah - Barddhaman Local,Howrah,Barddhaman,09:03,11:14,131,95,Chord Line,Howrah,UP
37163,Howrah - Bandel Local,Howrah,Bandel,09:04,10:08,64,40,Main Line,Howrah,UP
37603,Howrah - Tarakeswar Local,Howrah,Tarakeswar,09:04,10:35,91,57,Tarakeswar Line,Howrah,UP
37793,Howrah - Arambagh Local,Howrah,Arambagh,09:06,10:57,111,81,Tarakeswar Line,Howrah,UP
38111,Howrah - Belmuri Local,Howrah,Belmuri,09:08,10:16,68,46,Chord Line,Howrah,UP
37961,Howrah - Shrirampur Local,Howrah,Shrirampur,09:10,09:46,36,20,Main Line,Howrah,UP
38213,Howrah - Chandanpur Local,Howrah,Chandanpur,09:10,10:07,57,41,Chord Line,Howrah,UP
37165,Howrah - Bandel Local,Howrah,Bandel,09:16,10:21,65,40,Main Line,Howrah,UP
38397,Howrah - Kamarkundu Local,Howrah,Kamarkundu,09:18,10:15,57,33,Chord Line,Howrah,UP
38307,Howrah - Masagram Local,Howrah,Masagram,09:20,11:05,105,72,Chord Line,Howrah,UP
37351,Howrah - Barddhaman Local,Howrah,Barddhaman,09:22,11:53,151,107,Main Line,Howrah,UP
37605,Howrah - Tarakeswar Local,Howrah,Tarakeswar,09:22,10:52,90,57,Tarakeswar Line,Howrah,UP
37725,Howrah - Goghat Local,Howrah,Goghat,09:23,11:35,132,91,Tarakeswar Line,Howrah,UP
37477,Howrah - Barddhaman Local,Howrah,Barddhaman,09:24,11:41,137,95,Chord Line,Howrah,UP
37963,Howrah - Shrirampur Local,Howrah,Shrirampur,09:26,10:00,34,20,Main Line,Howrah,UP
37167,Howrah - Bandel Local,Howrah,Bandel,09:27,10:30,63,40,Main Line,Howrah,UP
37861,Howrah - Katwa Local,Howrah,Katwa,09:28,12:56,208,144,Main Line,Howrah,UP
38113,Howrah - Belmuri Local,Howrah,Belmuri,09:34,10:45,71,46,Chord Line,Howrah,UP
38215,Howrah - Chandanpur Local,Howrah,Chandanpur,09:37,10:33,56,41,Chord Line,Howrah,UP
38399,Howrah - Kamarkundu Local,Howrah,Kamarkundu,09:37,10:30,53,33,Chord Line,Howrah,UP
37607,Howrah - Tarakeswar Local,Howrah,Tarakeswar,09:38,11:05,87,57,Tarakeswar Line,Howrah,UP
37169,Howrah - Bandel Local,Howrah,Bandel,09:40,10:49,69,40,Main Line,Howrah,UP
37965,Howrah - Shrirampur Local,Howrah,Shrirampur,09:42,10:16,34,20,Main Line,Howrah,UP
37353,Howrah - Barddhaman Local,Howrah,Barddhaman,09:43,12:22,159,107,Main Line,Howrah,UP
37479,Howrah - Barddhaman Local,Howrah,Barddhaman,09:46,12:03,137,95,Chord Line,Howrah,UP
37795,Howrah - Arambagh Local,Howrah,Arambagh,09:48,11:47,119,81,Tarakeswar Line,Howrah,UP
37171,Howrah - Bandel Local,Howrah,Bandel,09:51,10:52,61,40,Main Line,Howrah,UP
38309,Howrah - Masagram Local,Howrah,Masagram,09:53,11:39,106,72,Chord Line,Howrah,UP
38401,Howrah - Kamarkundu Local,Howrah,Kamarkundu,09:56,10:49,53,33,Chord Line,Howrah,UP
37609,Howrah - Tarakeswar Local,Howrah,Tarakeswar,09:57,11:26,89,57,Tarakeswar Line,Howrah,UP
37967,Howrah - Shrirampur Local,Howrah,Shrirampur,09:57,10:33,36,20,Main Line,Howrah,UP
37727,Howrah - Goghat Local,Howrah,Goghat,10:00,12:08,128,91,Tarakeswar Line,Howrah,UP
38115,Howrah - Belmuri Local,Howrah,Belmuri,10:00,11:11,71,46,Chord Line,Howrah,UP
38217,Howrah - Chandanpur Local,Howrah,Chandanpur,10:00,10:59,59,41,Chord Line,Howrah,UP
37173,Howrah - Bandel Local,Howrah,Bandel,10:02,11:08,66,40,Main Line,Howrah,UP
37863,Howrah - Katwa Local,Howrah,Katwa,10:02,13:28,206,144,Main Line,Howrah,UP
37355,Howrah - Barddhaman Local,Howrah,Barddhaman,10:03,12:39,156,107,Main Line,Howrah,UP
37481,Howrah - Barddhaman Local,Howrah,Barddhaman,10:06,12:25,139,95,Chord Line,Howrah,UP
37969,Howrah - Shrirampur Local,Howrah,Shrirampur,10:10,10:42,32,20,Main Line,Howrah,UP
37175,Howrah - Bandel Local,Howrah,Bandel,10:12,11:20,68,40,Main Line,Howrah,UP
38403,Howrah - Kamarkundu Local,Howrah,Kamarkundu,10:14,11:09,55,33,Chord Line,Howrah,UP
37611,Howrah - Tarakeswar Local,Howrah,Tarakeswar,10:16,11:49,93,57,Tarakeswar Line,Howrah,UP
37357,Howrah - Barddhaman Local,Howrah,Barddhaman,10:21,12:54,153,107,Main Line,Howrah,UP
37177,Howrah - Bandel Local,Howrah,Bandel,10:24,11:33,69,40,Main Line,Howrah,UP
37971,Howrah - Shrirampur Local,Howrah,Shrirampur,10:24,11:01,37,20,Main Line,Howrah,UP
37797,Howrah - Arambagh Local,Howrah,Arambagh,10:26,12:23,117,81,Tarakeswar Line,Howrah,UP
38117,Howrah - Belmuri Local,Howrah,Belmuri,10:26,11:36,70,46,Chord Line,Howrah,UP
38311,Howrah - Masagram Local,Howrah,Masagram,10:26,12:07,101,72,Chord Line,Howrah,UP
38219,Howrah - Chandanpur Local,Howrah,Chandanpur,10:27,11:27,60,41,Chord Line,Howrah,UP
37483,Howrah - Barddhaman Local,Howrah,Barddhaman,10:28,12:39,131,95,Chord Line,Howrah,UP
38405,Howrah - Kamarkundu Local,Howrah,Kamarkundu,10:33,11:30,57,33,Chord Line,Howrah,UP
37613,Howrah - Tarakeswar Local,Howrah,Tarakeswar,10:34,12:03,89,57,Tarakeswar Line,Howrah,UP
37179,Howrah - Bandel Local,Howrah,Bandel,10:37,11:46,69,40,Main Line,Howrah,UP
37729,Howrah - Goghat Local,Howrah,Goghat,10:37,12:51,134,91,Tarakeswar Line,Howrah,UP
37973,Howrah - Shrirampur Local,Howrah,Shrirampur,10:38,11:15,37,20,Main Line,Howrah,UP
37865,Howrah - Katwa Local,Howrah,Katwa,10:39,14:08,209,144,Main Line,Howrah,UP
37359,Howrah - Barddhaman Local,Howrah,Barddhaman,10:43,13:22,159,107,Main Line,Howrah,UP
37181,Howrah - Bandel Local,Howrah,Bandel,10:49,11:52,63,40,Main Line,Howrah,UP
38119,Howrah - Belmuri Local,Howrah,Belmuri,10:49,12:00,71,46,Chord Line,Howrah,UP
37485,Howrah - Barddhaman Local,Howrah,Barddhaman,10:50,13:02,132,95,Chord Line,Howrah,UP
38221,Howrah - Chandanpur Local,Howrah,Chandanpur,10:51,11:55,64,41,Chord Line,Howrah,UP
37615,Howrah - Tarakeswar Local,Howrah,Tarakeswar,10:52,12:22,90,57,Tarakeswar Line,Howrah,UP
37975,Howrah - Shrirampur Local,Howrah,Shrirampur,10:52,11:24,32,20,Main Line,Howrah,UP
38407,Howrah - Kamarkundu Local,Howrah,Kamarkundu,10:54,11:45,51,33,Chord Line,Howrah,UP
38313,Howrah - Masagram Local,Howrah,Masagram,11:00,12:46,106,72,Chord Line,Howrah,UP
37183,Howrah - Bandel Local,Howrah,Bandel,11:02,12:05,63,40,Main Line,Howrah,UP
37361,Howrah - Barddhaman Local,Howrah,Barddhaman,11:03,13:36,153,107,Main Line,Howrah,UP
37799,Howrah - Arambagh Local,Howrah,Arambagh,11:06,13:01,115,81,Tarakeswar Line,Howrah,UP
37977,Howrah - Shrirampur Local,Howrah,Shrirampur,11:06,11:44,38,20,Main Line,Howrah,UP
37487,Howrah - Barddhaman Local,Howrah,Barddhaman,11:12,13:30,138,95,Chord Line,Howrah,UP
37617,Howrah - Tarakeswar Local,Howrah,Tarakeswar,11:12,12:39,87,57,Tarakeswar Line,Howrah,UP
37731,Howrah - Goghat Local,Howrah,Goghat,11:13,13:27,134,91,Tarakeswar Line,Howrah,UP
38121,Howrah - Belmuri Local,Howrah,Belmuri,11:14,12:27,73,46,Chord Line,Howrah,UP
38409,Howrah - Kamarkundu Local,Howrah,Kamarkundu,11:14,12:13,59,33,Chord Line,Howrah,UP
37867,Howrah - Katwa Local,Howrah,Katwa,11:15,14:47,212,144,Main Line,Howrah,UP
38223,Howrah - Chandanpur Local,Howrah,Chandanpur,11:15,12:12,57,41,Chord Line,Howrah,UP
37185,Howrah - Bandel Local,Howrah,Bandel,11:16,12:24,68,40,Main Line,Howrah,UP
37363,Howrah - Barddhaman Local,Howrah,Barddhaman,11:22,13:59,157,107,Main Line,Howrah,UP
37979,Howrah - Shrirampur Local,Howrah,Shrirampur,11:22,11:59,37,20,Main Line,Howrah,UP
37619,Howrah - Tarakeswar Local,Howrah,Tarakeswar,11:29,12:55,86,57,Tarakeswar Line,Howrah,UP
37187,Howrah - Bandel Local,Howrah,Bandel,11:30,12:37,67,40,Main Line,Howrah,UP
37489,Howrah - Barddhaman Local,Howrah,Barddhaman,11:33,13:47,134,95,Chord Line,Howrah,UP
37981,Howrah - Shrirampur Local,Howrah,Shrirampur,11:35,12:09,34,20,Main Line,Howrah,UP
38411,Howrah - Kamarkundu Local,Howrah,Kamarkundu,11:35,12:27,52,33,Chord Line,Howrah,UP
38315,Howrah - Masagram Local,Howrah,Masagram,11:37,13:25,108,72,Chord Line,Howrah,UP
38225,Howrah - Chandanpur Local,Howrah,Chandanpur,11:38,12:42,64,41,Chord Line,Howrah,UP
38123,Howrah - Belmuri Local,Howrah,Belmuri,11:39,12:46,67,46,Chord Line,Howrah,UP
37365,Howrah - Barddhaman Local,Howrah,Barddhaman,11:40,14:19,159,107,Main Line,Howrah,UP
37189,Howrah - Bandel Local,Howrah,Bandel,11:44,12:53,69,40,Main Line,Howrah,UP
37621,Howrah - Tarakeswar Local,Howrah,Tarakeswar,11:47,13:14,87,57,Tarakeswar Line,Howrah,UP
37801,Howrah - Arambagh Local,Howrah,Arambagh,11:48,13:43,115,81,Tarakeswar Line,Howrah,UP
37733,Howrah - Goghat Local,Howrah,Goghat,11:49,14:01,132,91,Tarakeswar Line,Howrah,UP
37983,Howrah - Shrirampur Local,Howrah,Shrirampur,11:49,12:27,38,20,Main Line,Howrah,UP
37869,Howrah - Katwa Local,Howrah,Katwa,11:50,15:21,211,144,Main Line,Howrah,UP
37491,Howrah - Barddhaman Local,Howrah,Barddhaman,11:51,14:10,139,95,Chord Line,Howrah,UP
38413,Howrah - Kamarkundu Local,Howrah,Kamarkundu,11:55,12:54,59,33,Chord Line,Howrah,UP
37191,Howrah - Bandel Local,Howrah,Bandel,11:58,13:04,66,40,Main Line,Howrah,UP
37367,Howrah - Barddhaman Local,Howrah,Barddhaman,12:01,14:35,154,107,Main Line,Howrah,UP
38227,Howrah - Chandanpur Local,Howrah,Chandanpur,12:02,13:03,61,41,Chord Line,Howrah,UP
37623,Howrah - Tarakeswar Local,Howrah,Tarakeswar,12:04,13:38,94,57,Tarakeswar Line,Howrah,UP
37985,Howrah - Shrirampur Local,Howrah,Shrirampur,12:06,12:43,37,20,Main Line,Howrah,UP
38125,Howrah - Belmuri Local,Howrah,Belmuri,12:06,13:19,73,46,Chord Line,Howrah,UP
37193,Howrah - Bandel Local,Howrah,Bandel,12:10,13:19,69,40,Main Line,Howrah,UP
38317,Howrah - Masagram Local,Howrah,Masagram,12:10,13:59,109,72,Chord Line,Howrah,UP
37493,Howrah - Barddhaman Local,Howrah,Barddhaman,12:13,14:24,131,95,Chord Line,Howrah,UP
38415,Howrah - Kamarkundu Local,Howrah,Kamarkundu,12:15,13:13,58,33,Chord Line,Howrah,UP
37369,Howrah - Barddhaman Local,Howrah,Barddhaman,12:19,14:54,155,107,Main Line,Howrah,UP
37987,Howrah - Shrirampur Local,Howrah,Shrirampur,12:20,12:53,33,20,Main Line,Howrah,UP
37195,Howrah - Bandel Local,Howrah,Bandel,12:23,13:25,62,40,Main Line,Howrah,UP
37625,Howrah - Tarakeswar Local,Howrah,Tarakeswar,12:23,13:56,93,57,Tarakeswar Line,Howrah,UP
37871,Howrah - Katwa Local,Howrah,Katwa,12:23,15:50,207,144,Main Line,Howrah,UP
37735,Howrah - Goghat Local,Howrah,Goghat,12:25,14:34,129,91,Tarakeswar Line,Howrah,UP
37803,Howrah - Arambagh Local,Howrah,Arambagh,12:28,14:20,112,81,Tarakeswar Line,Howrah,UP
38229,Howrah - Chandanpur Local,Howrah,Chandanpur,12:28,13:26,58,41,Chord Line,Howrah,UP
38127,Howrah - Belmuri Local,Howrah,Belmuri,12:30,13:43,73,46,Chord Line,Howrah,UP
37197,Howrah - Bandel Local,Howrah,Bandel,12:34,13:39,65,40,Main Line,Howrah,UP
37495,Howrah - Barddhaman Local,Howrah,Barddhaman,12:34,14:51,137,95,Chord Line,Howrah,UP
37989,Howrah - Shrirampur Local,Howrah,Shrirampur,12:35,13:09,34,20,Main Line,Howrah,UP
38417,Howrah - Kamarkundu Local,Howrah,Kamarkundu,12:36,13:31,55,33,Chord Line,Howrah,UP
37627,Howrah - Tarakeswar Local,Howrah,Tarakeswar,12:39,14:07,88,57,Tarakeswar Line,Howrah,UP
37371,Howrah - Barddhaman Local,Howrah,Barddhaman,12:40,15:13,153,107,Main Line,Howrah,UP
38319,Howrah - Masagram Local,Howrah,Masagram,12:46,14:31,105,72,Chord Line,Howrah,UP
37199,Howrah - Bandel Local,Howrah,Bandel,12:47,13:54,67,40,Main Line,Howrah,UP
37991,Howrah - Shrirampur Local,Howrah,Shrirampur,12:51,13:26,35,20,Main Line,Howrah,UP
38231,Howrah - Chandanpur Local,Howrah,Chandanpur,12:55,13:52,57,41,Chord Line,Howrah,UP
38419,Howrah - Kamarkundu Local,Howrah,Kamarkundu,12:55,13:51,56,33,Chord Line,Howrah,UP
37497,Howrah - Barddhaman Local,Howrah,Barddhaman,12:56,15:07,131,95,Chord Line,Howrah,UP
38129,Howrah - Belmuri Local,Howrah,Belmuri,12:56,14:04,68,46,Chord Line,Howrah,UP
37201,Howrah - Bandel Local,Howrah,Bandel,12:59,14:02,63,40,Main Line,Howrah,UP
37629,Howrah - Tarakeswar Local,Howrah,Tarakeswar,12:59,14:30,91,57,Tarakeswar Line,Howrah,UP
37873,Howrah - Katwa Local,Howrah,Katwa,12:59,16:28,209,144,Main Line,Howrah,UP
37737,Howrah - Goghat Local,Howrah,Goghat,13:00,15:12,132,91,Tarakeswar Line,Howrah,UP
37373,Howrah - Barddhaman Local,Howrah,Barddhaman,13:01,15:37,156,107,Main Line,Howrah,UP
37993,Howrah - Shrirampur Local,Howrah,Shrirampur,13:06,13:42,36,20,Main Line,Howrah,UP
37805,Howrah - Arambagh Local,Howrah,Arambagh,13:08,15:05,117,81,Tarakeswar Line,Howrah,UP
37203,Howrah - Bandel Local,Howrah,Bandel,13:11,14:12,61,40,Main Line,Howrah,UP
38421,Howrah - Kamarkundu Local,Howrah,Kamarkundu,13:14,14:10,56,33,Chord Line,Howrah,UP
37631,Howrah - Tarakeswar Local,Howrah,Tarakeswar,13:16,14:50,94,57,Tarakeswar Line,Howrah,UP
37499,Howrah - Barddhaman Local,Howrah,Barddhaman,13:18,15:33,135,95,Chord Line,Howrah,UP
37375,Howrah - Barddhaman Local,Howrah,Barddhaman,13:20,15:58,158,107,Main Line,Howrah,UP
37995,Howrah - Shrirampur Local,Howrah,Shrirampur,13:20,13:51,31,20,Main Line,Howrah,UP
38131,Howrah - Belmuri Local,Howrah,Belmuri,13:21,14:33,72,46,Chord Line,Howrah,UP
38233,Howrah - Chandanpur Local,Howrah,Chandanpur,13:21,14:22,61,41,Chord Line,Howrah,UP
38321,Howrah - Masagram Local,Howrah,Masagram,13:22,15:10,108,72,Chord Line,Howrah,UP
37205,Howrah - Bandel Local,Howrah,Bandel,13:23,14:32,69,40,Main Line,Howrah,UP
37207,Howrah - Bandel Local,Howrah,Bandel,13:33,14:39,66,40,Main Line,Howrah,UP
37739,Howrah - Goghat Local,Howrah,Goghat,13:34,15:40,126,91,Tarakeswar Line,Howrah,UP
37997,Howrah - Shrirampur Local,Howrah,Shrirampur,13:34,14:05,31,20,Main Line,Howrah,UP
37633,Howrah - Tarakeswar Local,Howrah,Tarakeswar,13:35,15:06,91,57,Tarakeswar Line,Howrah,UP
37875,Howrah - Katwa Local,Howrah,Katwa,13:35,17:01,206,144,Main Line,Howrah,UP
38423,Howrah - Kamarkundu Local,Howrah,Kamarkundu,13:35,14:26,51,33,Chord Line,Howrah,UP
37501,Howrah - Barddhaman Local,Howrah,Barddhaman,13:37,15:54,137,95,Chord Line,Howrah,UP
37377,Howrah - Barddhaman Local,Howrah,Barddhaman,13:38,16:09,151,107,Main Line,Howrah,UP
37209,Howrah - Bandel Local,Howrah,Bandel,13:44,14:52,68,40,Main Line,Howrah,UP
38235,Howrah - Chandanpur Local,Howrah,Chandanpur,13:45,14:47,62,41,Chord Line,Howrah,UP
38133,Howrah - Belmuri Local,Howrah,Belmuri,13:47,14:54,67,46,Chord Line,Howrah,UP
37807,Howrah - Arambagh Local,Howrah,Arambagh,13:48,15:42,114,81,Tarakeswar Line,Howrah,UP
37999,Howrah - Shrirampur Local,Howrah,Shrirampur,13:51,14:24,33,20,Main Line,Howrah,UP
37635,Howrah - Tarakeswar Local,Howrah,Tarakeswar,13:53,15:20,87,57,Tarakeswar Line,Howrah,UP
38323,Howrah - Masagram Local,Howrah,Masagram,13:55,15:36,101,72,Chord Line,Howrah,UP
38425,Howrah - Kamarkundu Local,Howrah,Kamarkundu,13:55,14:46,51,33,Chord Line,Howrah,UP
37211,Howrah - Bandel Local,Howrah,Bandel,13:56,14:57,61,40,Main Line,Howrah,UP
37503,Howrah - Barddhaman Local,Howrah,Barddhaman,13:58,16:13,135,95,Chord Line,Howrah,UP
37379,Howrah - Barddhaman Local,Howrah,Barddhaman,14:00,16:37,157,107,Main Line,Howrah,UP
38001,Howrah - Shrirampur Local,Howrah,Shrirampur,14:06,14:44,38,20,Main Line,Howrah,UP
37877,Howrah - Katwa Local,Howrah,Katwa,14:09,17:35,206,144,Main Line,Howrah,UP
37213,Howrah - Bandel Local,Howrah,Bandel,14:10,15:18,68,40,Main Line,Howrah,UP
37637,Howrah - Tarakeswar Local,Howrah,Tarakeswar,14:10,15:38,88,57,Tarakeswar Line,Howrah,UP
37741,Howrah - Goghat Local,Howrah,Goghat,14:11,16:24,133,91,Tarakeswar Line,Howrah,UP
38135,Howrah - Belmuri Local,Howrah,Belmuri,14:11,15:20,69,46,Chord Line,Howrah,UP
38237,Howrah - Chandanpur Local,Howrah,Chandanpur,14:11,15:15,64,41,Chord Line,Howrah,UP
38427,Howrah - Kamarkundu Local,Howrah,Kamarkundu,14:17,15:11,54,33,Chord Line,Howrah,UP
37505,Howrah - Barddhaman Local,Howrah,Barddhaman,14:18,16:31,133,95,Chord Line,Howrah,UP
38003,Howrah - Shrirampur Local,Howrah,Shrirampur,14:19,14:56,37,20,Main Line,Howrah,UP
37381,Howrah - Barddhaman Local,Howrah,Barddhaman,14:22,16:54,152,107,Main Line,Howrah,UP
37215,Howrah - Bandel Local,Howrah,Bandel,14:23,15:24,61,40,Main Line,Howrah,UP
37809,Howrah - Arambagh Local,Howrah,Arambagh,14:29,16:23,114,81,Tarakeswar Line,Howrah,UP
37639,Howrah - Tarakeswar Local,Howrah,Tarakeswar,14:30,15:56,86,57,Tarakeswar Line,Howrah,UP
38325,Howrah - Masagram Local,Howrah,Masagram,14:32,16:19,107,72,Chord Line,Howrah,UP
37217,Howrah - Bandel Local,Howrah,Bandel,14:35,15:40,65,40,Main Line,Howrah,UP
38005,Howrah - Shrirampur Local,Howrah,Shrirampur,14:35,15:11,36,20,Main Line,Howrah,UP
38137,Howrah - Belmuri Local,Howrah,Belmuri,14:35,15:48,73,46,Chord Line,Howrah,UP
38239,Howrah - Chandanpur Local,Howrah,Chandanpur,14:35,15:37,62,41,Chord Line,Howrah,UP
38429,Howrah - Kamarkundu Local,Howrah,Kamarkundu,14:35,15:34,59,33,Chord Line,Howrah,UP
37507,Howrah - Barddhaman Local,Howrah,Barddhaman,14:39,16:54,135,95,Chord Line,Howrah,UP
37383,Howrah - Barddhaman Local,Howrah,Barddhaman,14:42,17:21,159,107,Main Line,Howrah,UP
37879,Howrah - Katwa Local,Howrah,Katwa,14:43,18:12,209,144,Main Line,Howrah,UP
37641,Howrah - Tarakeswar Local,Howrah,Tarakeswar,14:47,16:19,92,57,Tarakeswar Line,Howrah,UP
37219,Howrah - Bandel Local,Howrah,Bandel,14:48,15:52,64,40,Main Line,Howrah,UP
37743,Howrah - Goghat Local,Howrah,Goghat,14:48,17:02,134,91,Tarakeswar Line,Howrah,UP
38007,Howrah - Shrirampur Local,Howrah,Shrirampur,14:49,15:24,35,20,Main Line,Howrah,UP
38431,Howrah - Kamarkundu Local,Howrah,Kamarkundu,14:55,15:50,55,33,Chord Line,Howrah,UP
38241,Howrah - Chandanpur Local,Howrah,Chandanpur,14:59,16:00,61,41,Chord Line,Howrah,UP
37509,Howrah - Barddhaman Local,Howrah,Barddhaman,15:00,17:11,131,95,Chord Line,Howrah,UP
38139,Howrah - Belmuri Local,Howrah,Belmuri,15:00,16:11,71,46,Chord Line,Howrah,UP
37221,Howrah - Bandel Local,Howrah,Bandel,15:02,16:11,69,40,Main Line,Howrah,UP
37385,Howrah - Barddhaman Local,Howrah,Barddhaman,15:03,17:36,153,107,Main Line,Howrah,UP
38009,Howrah - Shrirampur Local,Howrah,Shrirampur,15:03,15:36,33,20,Main Line,Howrah,UP
37643,Howrah - Tarakeswar Local,Howrah,Tarakeswar,15:06,16:33,87,57,Tarakeswar Line,Howrah,UP
38327,Howrah - Masagram Local,Howrah,Masagram,15:07,16:54,107,72,Chord Line,Howrah,UP
37811,Howrah - Arambagh Local,Howrah,Arambagh,15:11,17:07,116,81,Tarakeswar Line,Howrah,UP
37223,Howrah - Bandel Local,Howrah,Bandel,15:12,16:16,64,40,Main Line,Howrah,UP
38433,Howrah - Kamarkundu Local,Howrah,Kamarkundu,15:16,16:08,52,33,Chord Line,Howrah,UP
37881,Howrah - Katwa Local,Howrah,Katwa,15:20,18:52,212,144,Main Line,Howrah,UP
38011,Howrah - Shrirampur Local,Howrah,Shrirampur,15:20,15:53,33,20,Main Line,Howrah,UP
37511,Howrah - Barddhaman Local,Howrah,Barddhaman,15:22,17:35,133,95,Chord Line,Howrah,UP
37745,Howrah - Goghat Local,Howrah,Goghat,15:22,17:34,132,91,Tarakeswar Line,Howrah,UP
38243,Howrah - Chandanpur Local,Howrah,Chandanpur,15:22,16:25,63,41,Chord Line,Howrah,UP
37225,Howrah - Bandel Local,Howrah,Bandel,15:24,16:33,69,40,Main Line,Howrah,UP
37387,Howrah - Barddhaman Local,Howrah,Barddhaman,15:24,18:02,158,107,Main Line,Howrah,UP
37645,Howrah - Tarakeswar Local,Howrah,Tarakeswar,15:26,16:56,90,57,Tarakeswar Line,Howrah,UP
38141,Howrah - Belmuri Local,Howrah,Belmuri,15:27,16:39,72,46,Chord Line,Howrah,UP
38435,Howrah - Kamarkundu Local,Howrah,Kamarkundu,15:36,16:30,54,33,Chord Line,Howrah,UP
37227,Howrah - Bandel Local,Howrah,Bandel,15:37,16:44,67,40,Main Line,Howrah,UP
38013,Howrah - Shrirampur Local,Howrah,Shrirampur,15:37,16:16,39,20,Main Line,Howrah,UP
37647,Howrah - Tarakeswar Local,Howrah,Tarakeswar,15:42,17:09,87,57,Tarakeswar Line,Howrah,UP
37389,Howrah - Barddhaman Local,Howrah,Barddhaman,15:43,18:17,154,107,Main Line,Howrah,UP
37513,Howrah - Barddhaman Local,Howrah,Barddhaman,15:44,18:02,138,95,Chord Line,Howrah,UP
38329,Howrah - Masagram Local,Howrah,Masagram,15:44,17:26,102,72,Chord Line,Howrah,UP
38245,Howrah - Chandanpur Local,Howrah,Chandanpur,15:45,16:49,64,41,Chord Line,Howrah,UP
37229,Howrah - Bandel Local,Howrah,Bandel,15:50,16:53,63,40,Main Line,Howrah,UP
38143,Howrah - Belmuri Local,Howrah,Belmuri,15:50,16:56,66,46,Chord Line,Howrah,UP
37813,Howrah - Arambagh Local,Howrah,Arambagh,15:53,17:49,116,81,Tarakeswar Line,Howrah,UP
38015,Howrah - Shrirampur Local,Howrah,Shrirampur,15:54,16:26,32,20,Main Line,Howrah,UP
37883,Howrah - Katwa Local,Howrah,Katwa,15:56,19:30,214,144,Main Line,Howrah,UP
37747,Howrah - Goghat Local,Howrah,Goghat,15:57,18:08,131,91,Tarakeswar Line,Howrah,UP
37649,Howrah - Tarakeswar Local,Howrah,Tarakeswar,15:58,17:31,93,57,Tarakeswar Line,Howrah,UP
38437,Howrah - Kamarkundu Local,Howrah,Kamarkundu,15:58,16:55,57,33,Chord Line,Howrah,UP
37231,Howrah - Bandel Local,Howrah,Bandel,16:01,17:08,67,40,Main Line,Howrah,UP
37391,Howrah - Barddhaman Local,Howrah,Barddhaman,16:05,18:42,157,107,Main Line,Howrah,UP
37515,Howrah - Barddhaman Local,Howrah,Barddhaman,16:05,18:24,139,95,Chord Line,Howrah,UP
38017,Howrah - Shrirampur Local,Howrah,Shrirampur,16:08,16:47,39,20,Main Line,Howrah,UP
38247,Howrah - Chandanpur Local,Howrah,Chandanpur,16:08,17:11,63,41,Chord Line,Howrah,UP
38145,Howrah - Belmuri Local,Howrah,Belmuri,16:13,17:23,70,46,Chord Line,Howrah,UP
37233,Howrah - Bandel Local,Howrah,Bandel,16:14,17:19,65,40,Main Line,Howrah,UP
37651,Howrah - Tarakeswar Local,Howrah,Tarakeswar,16:16,17:43,87,57,Tarakeswar Line,Howrah,UP
38331,Howrah - Masagram Local,Howrah,Masagram,16:19,18:01,102,72,Chord Line,Howrah,UP
38439,Howrah - Kamarkundu Local,Howrah,Kamarkundu,16:19,17:16,57,33,Chord Line,Howrah,UP
37517,Howrah - Barddhaman Local,Howrah,Barddhaman,16:23,18:36,133,95,Chord Line,Howrah,UP
38019,Howrah - Shrirampur Local,Howrah,Shrirampur,16:24,16:58,34,20,Main Line,Howrah,UP
37235,Howrah - Bandel Local,Howrah,Bandel,16:25,17:32,67,40,Main Line,Howrah,UP
37393,Howrah - Barddhaman Local,Howrah,Barddhaman,16:26,19:00,154,107,Main Line,Howrah,UP
37885,Howrah - Katwa Local,Howrah,Katwa,16:29,20:02,213,144,Main Line,Howrah,UP
37653,Howrah - Tarakeswar Local,Howrah,Tarakeswar,16:32,18:02,90,57,Tarakeswar Line,Howrah,UP
37815,Howrah - Arambagh Local,Howrah,Arambagh,16:32,18:23,111,81,Tarakeswar Line,Howrah,UP
38249,Howrah - Chandanpur Local,Howrah,Chandanpur,16:32,17:32,60,41,Chord Line,Howrah,UP
37749,Howrah - Goghat Local,Howrah,Goghat,16:34,18:40,126,91,Tarakeswar Line,Howrah,UP
37237,Howrah - Bandel Local,Howrah,Bandel,16:35,17:44,69,40,Main Line,Howrah,UP
38441,Howrah - Kamarkundu Local,Howrah,Kamarkundu,16:37,17:32,55,33,Chord Line,Howrah,UP
38147,Howrah - Belmuri Local,Howrah,Belmuri,16:39,17:47,68,46,Chord Line,Howrah,UP
38021,Howrah - Shrirampur Local,Howrah,Shrirampur,16:40,17:18,38,20,Main Line,Howrah,UP
37519,Howrah - Barddhaman Local,Howrah,Barddhaman,16:41,19:00,139,95,Chord Line,Howrah,UP
37239,Howrah - Bandel Local,Howrah,Bandel,16:46,17:51,65,40,Main Line,Howrah,UP
37395,Howrah - Barddhaman Local,Howrah,Barddhaman,16:48,19:27,159,107,Main Line,Howrah,UP
37655,Howrah - Tarakeswar Local,Howrah,Tarakeswar,16:52,18:22,90,57,Tarakeswar Line,Howrah,UP
38333,Howrah - Masagram Local,Howrah,Masagram,16:55,18:41,106,72,Chord Line,Howrah,UP
38023,Howrah - Shrirampur Local,Howrah,Shrirampur,16:57,17:32,35,20,Main Line,Howrah,UP
38251,Howrah - Chandanpur Local,Howrah,Chandanpur,16:57,17:53,56,41,Chord Line,Howrah,UP
38443,Howrah - Kamarkundu Local,Howrah,Kamarkundu,16:57,17:51,54,33,Chord Line,Howrah,UP
37241,Howrah - Bandel Local,Howrah,Bandel,17:00,18:09,69,40,Main Line,Howrah,UP
37521,Howrah - Barddhaman Local,Howrah,Barddhaman,17:03,19:20,137,95,Chord Line,Howrah,UP
37887,Howrah - Katwa Local,Howrah,Katwa,17:04,20:37,213,144,Main Line,Howrah,UP
38149,Howrah - Belmuri Local,Howrah,Belmuri,17:05,18:18,73,46,Chord Line,Howrah,UP
37751,Howrah - Goghat Local,Howrah,Goghat,17:07,19:20,133,91,Tarakeswar Line,Howrah,UP
37657,Howrah - Tarakeswar Local,Howrah,Tarakeswar,17:08,18:39,91,57,Tarakeswar Line,Howrah,UP
37397,Howrah - Barddhaman Local,Howrah,Barddhaman,17:10,19:44,154,107,Main Line,Howrah,UP
37243,Howrah - Bandel Local,Howrah,Bandel,17:12,18:19,67,40,Main Line,Howrah,UP
38025,Howrah - Shrirampur Local,Howrah,Shrirampur,17:13,17:50,37,20,Main Line,Howrah,UP
37817,Howrah - Arambagh Local,Howrah,Arambagh,17:14,19:06,112,81,Tarakeswar Line,Howrah,UP
38445,Howrah - Kamarkundu Local,Howrah,Kamarkundu,17:15,18:09,54,33,Chord Line,Howrah,UP
37523,Howrah - Barddhaman Local,Howrah,Barddhaman,17:22,19:38,136,95,Chord Line,Howrah,UP
37245,Howrah - Bandel Local,Howrah,Bandel,17:24,18:26,62,40,Main Line,Howrah,UP
38253,Howrah - Chandanpur Local,Howrah,Chandanpur,17:24,18:25,61,41,Chord Line,Howrah,UP
37659,Howrah - Tarakeswar Local,Howrah,Tarakeswar,17:25,18:54,89,57,Tarakeswar Line,Howrah,UP
38027,Howrah - Shrirampur Local,Howrah,Shrirampur,17:26,18:00,34,20,Main Line,Howrah,UP
37399,Howrah - Barddhaman Local,Howrah,Barddhaman,17:29,20:04,155,107,Main Line,Howrah,UP
38335,Howrah - Masagram Local,Howrah,Masagram,17:29,19:18,109,72,Chord Line,Howrah,UP
38151,Howrah - Belmuri Local,Howrah,Belmuri,17:32,18:40,68,46,Chord Line,Howrah,UP
37247,Howrah - Bandel Local,Howrah,Bandel,17:35,18:38,63,40,Main Line,Howrah,UP
38447,Howrah - Kamarkundu Local,Howrah,Kamarkundu,17:35,18:33,58,33,Chord Line,Howrah,UP
38029,Howrah - Shrirampur Local,Howrah,Shrirampur,17:40,18:17,37,20,Main Line,Howrah,UP
37889,Howrah - Katwa Local,Howrah,Katwa,17:41,21:07,206,144,Main Line,Howrah,UP
37661,Howrah - Tarakeswar Local,Howrah,Tarakeswar,17:42,19:12,90,57,Tarakeswar Line,Howrah,UP
37525,Howrah - Barddhaman Local,Howrah,Barddhaman,17:43,19:54,131,95,Chord Line,Howrah,UP
37753,Howrah - Goghat Local,Howrah,Goghat,17:44,19:51,127,91,Tarakeswar Line,Howrah,UP
37249,Howrah - Bandel Local,Howrah,Bandel,17:46,18:48,62,40,Main Line,Howrah,UP
37401,Howrah - Barddhaman Local,Howrah,Barddhaman,17:47,20:23,156,107,Main Line,Howrah,UP
38255,Howrah - Chandanpur Local,Howrah,Chandanpur,17:47,18:44,57,41,Chord Line,Howrah,UP
37819,Howrah - Arambagh Local,Howrah,Arambagh,17:52,19:49,117,81,Tarakeswar Line,Howrah,UP
38449,Howrah - Kamarkundu Local,Howrah,Kamarkundu,17:54,18:51,57,33,Chord Line,Howrah,UP
38031,Howrah - Shrirampur Local,Howrah,Shrirampur,17:55,18:29,34,20,Main Line,Howrah,UP
37251,Howrah - Bandel Local,Howrah,Bandel,17:58,19:06,68,40,Main Line,Howrah,UP
38153,Howrah - Belmuri Local,Howrah,Belmuri,17:59,19:07,68,46,Chord Line,Howrah,UP
37663,Howrah - Tarakeswar Local,Howrah,Tarakeswar,18:00,19:31,91,57,Tarakeswar Line,Howrah,UP
37527,Howrah - Barddhaman Local,Howrah,Barddhaman,18:04,20:22,138,95,Chord Line,Howrah,UP
38337,Howrah - Masagram Local,Howrah,Masagram,18:05,19:48,103,72,Chord Line,Howrah,UP
37403,Howrah - Barddhaman Local,Howrah,Barddhaman,18:08,20:40,152,107,Main Line,Howrah,UP
37253,Howrah - Bandel Local,Howrah,Bandel,18:11,19:19,68,40,Main Line,Howrah,UP
38033,Howrah - Shrirampur Local,Howrah,Shrirampur,18:12,18:45,33,20,Main Line,Howrah,UP
38257,Howrah - Chandanpur Local,Howrah,Chandanpur,18:13,19:13,60,41,Chord Line,Howrah,UP
37891,Howrah - Katwa Local,Howrah,Katwa,18:14,21:40,206,144,Main Line,Howrah,UP
38451,Howrah - Kamarkundu Local,Howrah,Kamarkundu,18:14,19:09,55,33,Chord Line,Howrah,UP
37755,Howrah - Goghat Local,Howrah,Goghat,18:19,20:32,133,91,Tarakeswar Line,Howrah,UP
37665,Howrah - Tarakeswar Local,Howrah,Tarakeswar,18:20,19:47,87,57,Tarakeswar Line,Howrah,UP
37255,Howrah - Bandel Local,Howrah,Bandel,18:23,19:29,66,40,Main Line,Howrah,UP
37529,Howrah - Barddhaman Local,Howrah,Barddhaman,18:23,20:37,134,95,Chord Line,Howrah,UP
38155,Howrah - Belmuri Local,Howrah,Belmuri,18:23,19:33,70,46,Chord Line,Howrah,UP
38035,Howrah - Shrirampur Local,Howrah,Shrirampur,18:29,19:00,31,20,Main Line,Howrah,UP
37405,Howrah - Barddhaman Local,Howrah,Barddhaman,18:30,21:07,157,107,Main Line,Howrah,UP
37821,Howrah - Arambagh Local,Howrah,Arambagh,18:30,20:29,119,81,Tarakeswar Line,Howrah,UP
38453,Howrah - Kamarkundu Local,Howrah,Kamarkundu,18:32,19:30,58,33,Chord Line,Howrah,UP
37257,Howrah - Bandel Local,Howrah,Bandel,18:34,19:37,63,40,Main Line,Howrah,UP
37667,Howrah - Tarakeswar Local,Howrah,Tarakeswar,18:39,20:07,88,57,Tarakeswar Line,Howrah,UP
38259,Howrah - Chandanpur Local,Howrah,Chandanpur,18:39,19:39,60,41,Chord Line,Howrah,UP
38339,Howrah - Masagram Local,Howrah,Masagram,18:40,20:25,105,72,Chord Line,Howrah,UP
37259,Howrah - Bandel Local,Howrah,Bandel,18:44,19:53,69,40,Main Line,Howrah,UP
37531,Howrah - Barddhaman Local,Howrah,Barddhaman,18:45,20:57,132,95,Chord Line,Howrah,UP
38037,Howrah - Shrirampur Local,Howrah,Shrirampur,18:46,19:17,31,20,Main Line,Howrah,UP
37407,Howrah - Barddhaman Local,Howrah,Barddhaman,18:48,21:24,156,107,Main Line,Howrah,UP
37893,Howrah - Katwa Local,Howrah,Katwa,18:49,22:15,206,144,Main Line,Howrah,UP
38157,Howrah - Belmuri Local,Howrah,Belmuri,18:49,20:02,73,46,Chord Line,Howrah,UP
38455,Howrah - Kamarkundu Local,Howrah,Kamarkundu,18:50,19:47,57,33,Chord Line,Howrah,UP
37261,Howrah - Bandel Local,Howrah,Bandel,18:54,19:57,63,40,Main Line,Howrah,UP
37757,Howrah - Goghat Local,Howrah,Goghat,18:56,21:04,128,91,Tarakeswar Line,Howrah,UP
37669,Howrah - Tarakeswar Local,Howrah,Tarakeswar,18:57,20:27,90,57,Tarakeswar Line,Howrah,UP
38039,Howrah - Shrirampur Local,Howrah,Shrirampur,19:02,19:40,38,20,Main Line,Howrah,UP
37263,Howrah - Bandel Local,Howrah,Bandel,19:04,20:09,65,40,Main Line,Howrah,UP
38261,Howrah - Chandanpur Local,Howrah,Chandanpur,19:05,20:04,59,41,Chord Line,Howrah,UP
37533,Howrah - Barddhaman Local,Howrah,Barddhaman,19:06,21:22,136,95,Chord Line,Howrah,UP
37823,Howrah - Arambagh Local,Howrah,Arambagh,19:08,21:06,118,81,Tarakeswar Line,Howrah,UP
37409,Howrah - Barddhaman Local,Howrah,Barddhaman,19:09,21:43,154,107,Main Line,Howrah,UP
38457,Howrah - Kamarkundu Local,Howrah,Kamarkundu,19:11,20:08,57,33,Chord Line,Howrah,UP
37265,Howrah - Bandel Local,Howrah,Bandel,19:14,20:17,63,40,Main Line,Howrah,UP
37671,Howrah - Tarakeswar Local,Howrah,Tarakeswar,19:14,20:40,86,57,Tarakeswar Line,Howrah,UP
38041,Howrah - Shrirampur Local,Howrah,Shrirampur,19:15,19:46,31,20,Main Line,Howrah,UP
38159,Howrah - Belmuri Local,Howrah,Belmuri,19:16,20:26,70,46,Chord Line,Howrah,UP
38341,Howrah - Masagram Local,Howrah,Masagram,19:17,21:04,107,72,Chord Line,Howrah,UP
37895,Howrah - Katwa Local,Howrah,Katwa,19:24,22:51,207,144,Main Line,Howrah,UP
37267,Howrah - Bandel Local,Howrah,Bandel,19:26,20:27,61,40,Main Line,Howrah,UP
37535,Howrah - Barddhaman Local,Howrah,Barddhaman,19:26,21:38,132,95,Chord Line,Howrah,UP
37411,Howrah - Barddhaman Local,Howrah,Barddhaman,19:29,22:05,156,107,Main Line,Howrah,UP
37759,Howrah - Goghat Local,Howrah,Goghat,19:29,21:39,130,91,Tarakeswar Line,Howrah,UP
37673,Howrah - Tarakeswar Local,Howrah,Tarakeswar,19:30,21:04,94,57,Tarakeswar Line,Howrah,UP
38263,Howrah - Chandanpur Local,Howrah,Chandanpur,19:31,20:33,62,41,Chord Line,Howrah,UP
38459,Howrah - Kamarkundu Local,Howrah,Kamarkundu,19:31,20:24,53,33,Chord Line,Howrah,UP
38043,Howrah - Shrirampur Local,Howrah,Shrirampur,19:32,20:11,39,20,Main Line,Howrah,UP
37269,Howrah - Bandel Local,Howrah,Bandel,19:39,20:41,62,40,Main Line,Howrah,UP
38161,Howrah - Belmuri Local,Howrah,Belmuri,19:39,20:49,70,46,Chord Line,Howrah,UP
37537,Howrah - Barddhaman Local,Howrah,Barddhaman,19:45,21:57,132,95,Chord Line,Howrah,UP
37825,Howrah - Arambagh Local,Howrah,Arambagh,19:46,21:40,114,81,Tarakeswar Line,Howrah,UP
38045,Howrah - Shrirampur Local,Howrah,Shrirampur,19:48,20:26,38,20,Main Line,Howrah,UP
37413,Howrah - Barddhaman Local,Howrah,Barddhaman,19:49,22:20,151,107,Main Line,Howrah,UP
38461,Howrah - Kamarkundu Local,Howrah,Kamarkundu,19:49,20:48,59,33,Chord Line,Howrah,UP
37271,Howrah - Bandel Local,Howrah,Bandel,19:50,20:51,61,40,Main Line,Howrah,UP
37675,Howrah - Tarakeswar Local,Howrah,Tarakeswar,19:50,21:17,87,57,Tarakeswar Line,Howrah,UP
38343,Howrah - Masagram Local,Howrah,Masagram,19:52,21:40,108,72,Chord Line,Howrah,UP
38265,Howrah - Chandanpur Local,Howrah,Chandanpur,19:58,21:00,62,41,Chord Line,Howrah,UP
37897,Howrah - Katwa Local,Howrah,Katwa,20:00,23:34,214,144,Main Line,Howrah,UP
37273,Howrah - Bandel Local,Howrah,Bandel,20:01,21:05,64,40,Main Line,Howrah,UP
37539,Howrah - Barddhaman Local,Howrah,Barddhaman,20:03,22:19,136,95,Chord Line,Howrah,UP
38047,Howrah - Shrirampur Local,Howrah,Shrirampur,20:04,20:42,38,20,Main Line,Howrah,UP
37761,Howrah - Goghat Local,Howrah,Goghat,20:06,22:20,134,91,Tarakeswar Line,Howrah,UP
38163,Howrah - Belmuri Local,Howrah,Belmuri,20:06,21:20,74,46,Chord Line,Howrah,UP
38463,Howrah - Kamarkundu Local,Howrah,Kamarkundu,20:09,21:05,56,33,Chord Line,Howrah,UP
37677,Howrah - Tarakeswar Local,Howrah,Tarakeswar,20:10,21:44,94,57,Tarakeswar Line,Howrah,UP
37415,Howrah - Barddhaman Local,Howrah,Barddhaman,20:11,22:44,153,107,Main Line,Howrah,UP
37275,Howrah - Bandel Local,Howrah,Bandel,20:14,21:21,67,40,Main Line,Howrah,UP
38049,Howrah - Shrirampur Local,Howrah,Shrirampur,20:17,20:51,34,20,Main Line,Howrah,UP
38267,Howrah - Chandanpur Local,Howrah,Chandanpur,20:23,21:20,57,41,Chord Line,Howrah,UP
37541,Howrah - Barddhaman Local,Howrah,Barddhaman,20:24,22:43,139,95,Chord Line,Howrah,UP
37277,Howrah - Bandel Local,Howrah,Bandel,20:26,21:34,68,40,Main Line,Howrah,UP
37827,Howrah - Arambagh Local,Howrah,Arambagh,20:26,22:21,115,81,Tarakeswar Line,Howrah,UP
38345,Howrah - Masagram Local,Howrah,Masagram,20:26,22:15,109,72,Chord Line,Howrah,UP
37679,Howrah - Tarakeswar Local,Howrah,Tarakeswar,20:27,22:01,94,57,Tarakeswar Line,Howrah,UP
38465,Howrah - Kamarkundu Local,Howrah,Kamarkundu,20:27,21:26,59,33,Chord Line,Howrah,UP
37417,Howrah - Barddhaman Local,Howrah,Barddhaman,20:31,23:09,158,107,Main Line,Howrah,UP
38165,Howrah - Belmuri Local,Howrah,Belmuri,20:32,21:41,69,46,Chord Line,Howrah,UP
38051,Howrah - Shrirampur Local,Howrah,Shrirampur,20:33,21:12,39,20,Main Line,Howrah,UP
37899,Howrah - Katwa Local,Howrah,Katwa,20:34,00:08,214,144,Main Line,Howrah,UP
37279,Howrah - Bandel Local,Howrah,Bandel,20:38,21:46,68,40,Main Line,Howrah,UP
37543,Howrah - Barddhaman Local,Howrah,Barddhaman,20:42,23:01,139,95,Chord Line,Howrah,UP
37763,Howrah - Goghat Local,Howrah,Goghat,20:42,22:56,134,91,Tarakeswar Line,Howrah,UP
37681,Howrah - Tarakeswar Local,Howrah,Tarakeswar,20:45,22:15,90,57,Tarakeswar Line,Howrah,UP
38053,Howrah - Shrirampur Local,Howrah,Shrirampur,20:46,21:23,37,20,Main Line,Howrah,UP
38269,Howrah - Chandanpur Local,Howrah,Chandanpur,20:47,21:48,61,41,Chord Line,Howrah,UP
38467,Howrah - Kamarkundu Local,Howrah,Kamarkundu,20:48,21:46,58,33,Chord Line,Howrah,UP
37281,Howrah - Bandel Local,Howrah,Bandel,20:50,21:56,66,40,Main Line,Howrah,UP
37419,Howrah - Barddhaman Local,Howrah,Barddhaman,20:51,23:24,153,107,Main Line,Howrah,UP
38167,Howrah - Belmuri Local,Howrah,Belmuri,20:58,22:04,66,46,Chord Line,Howrah,UP
38055,Howrah - Shrirampur Local,Howrah,Shrirampur,20:59,21:32,33,20,Main Line,Howrah,UP
38347,Howrah - Masagram Local,Howrah,Masagram,20:59,22:44,105,72,Chord Line,Howrah,UP
37283,Howrah - Bandel Local,Howrah,Bandel,21:00,22:03,63,40,Main Line,Howrah,UP
37545,Howrah - Barddhaman Local,Howrah,Barddhaman,21:03,23:16,133,95,Chord Line,Howrah,UP
37683,Howrah - Tarakeswar Local,Howrah,Tarakeswar,21:03,22:33,90,57,Tarakeswar Line,Howrah,UP
37829,Howrah - Arambagh Local,Howrah,Arambagh,21:06,22:57,111,81,Tarakeswar Line,Howrah,UP
38469,Howrah - Kamarkundu Local,Howrah,Kamarkundu,21:08,21:59,51,33,Chord Line,Howrah,UP
37285,Howrah - Bandel Local,Howrah,Bandel,21:10,22:15,65,40,Main Line,Howrah,UP
37901,Howrah - Katwa Local,Howrah,Katwa,21:10,00:39,209,144,Main Line,Howrah,UP
37421,Howrah - Barddhaman Local,Howrah,Barddhaman,21:13,23:44,151,107,Main Line,Howrah,UP
38057,Howrah - Shrirampur Local,Howrah,Shrirampur,21:13,21:48,35,20,Main Line,Howrah,UP
38271,Howrah - Chandanpur Local,Howrah,Chandanpur,21:13,22:09,56,41,Chord Line,Howrah,UP
37765,Howrah - Goghat Local,Howrah,Goghat,21:15,23:22,127,91,Tarakeswar Line,Howrah,UP
37287,Howrah - Bandel Local,Howrah,Bandel,21:20,22:22,62,40,Main Line,Howrah,UP
37685,Howrah - Tarakeswar Local,Howrah,Tarakeswar,21:20,22:49,89,57,Tarakeswar Line,Howrah,UP
38169,Howrah - Belmuri Local,Howrah,Belmuri,21:21,22:31,70,46,Chord Line,Howrah,UP
37547,Howrah - Barddhaman Local,Howrah,Barddhaman,21:25,23:44,139,95,Chord Line,Howrah,UP
38471,Howrah - Kamarkundu Local,Howrah,Kamarkundu,21:26,22:24,58,33,Chord Line,Howrah,UP
38059,Howrah - Shrirampur Local,Howrah,Shrirampur,21:28,22:00,32,20,Main Line,Howrah,UP
37289,Howrah - Bandel Local,Howrah,Bandel,21:33,22:41,68,40,Main Line,Howrah,UP
38349,Howrah - Masagram Local,Howrah,Masagram,21:33,23:14,101,72,Chord Line,Howrah,UP
37423,Howrah - Barddhaman Local,Howrah,Barddhaman,21:34,00:08,154,107,Main Line,Howrah,UP
38273,Howrah - Chandanpur Local,Howrah,Chandanpur,21:37,22:34,57,41,Chord Line,Howrah,UP
37687,Howrah - Tarakeswar Local,Howrah,Tarakeswar,21:40,23:07,87,57,Tarakeswar Line,Howrah,UP
38061,Howrah - Shrirampur Local,Howrah,Shrirampur,21:42,22:20,38,20,Main Line,Howrah,UP
37903,Howrah - Katwa Local,Howrah,Katwa,21:44,01:10,206,144,Main Line,Howrah,UP
37831,Howrah - Arambagh Local,Howrah,Arambagh,21:45,23:37,112,81,Tarakeswar Line,Howrah,UP
38171,Howrah - Belmuri Local,Howrah,Belmuri,21:45,22:58,73,46,Chord Line,Howrah,UP
38473,Howrah - Kamarkundu Local,Howrah,Kamarkundu,21:45,22:36,51,33,Chord Line,Howrah,UP
37549,Howrah - Barddhaman Local,Howrah,Barddhaman,21:46,23:57,131,95,Chord Line,Howrah,UP
37291,Howrah - Bandel Local,Howrah,Bandel,21:47,22:51,64,40,Main Line,Howrah,UP
37767,Howrah - Goghat Local,Howrah,Goghat,21:52,00:05,133,91,Tarakeswar Line,Howrah,UP
37425,Howrah - Barddhaman Local,Howrah,Barddhaman,21:53,00:26,153,107,Main Line,Howrah,UP
38063,Howrah - Shrirampur Local,Howrah,Shrirampur,21:55,22:28,33,20,Main Line,Howrah,UP
37689,Howrah - Tarakeswar Local,Howrah,Tarakeswar,21:57,23:28,91,57,Tarakeswar Line,Howrah,UP
37293,Howrah - Bandel Local,Howrah,Bandel,21:58,23:05,67,40,Main Line,Howrah,UP
38275,Howrah - Chandanpur Local,Howrah,Chandanpur,22:03,23:06,63,41,Chord Line,Howrah,UP
38475,Howrah - Kamarkundu Local,Howrah,Kamarkundu,22:04,22:58,54,33,Chord Line,Howrah,UP
37551,Howrah - Barddhaman Local,Howrah,Barddhaman,22:07,00:23,136,95,Chord Line,Howrah,UP
38351,Howrah - Masagram Local,Howrah,Masagram,22:08,23:55,107,72,Chord Line,Howrah,UP
37295,Howrah - Bandel Local,Howrah,Bandel,22:10,23:12,62,40,Main Line,Howrah,UP
38065,Howrah - Shrirampur Local,Howrah,Shrirampur,22:10,22:41,31,20,Main Line,Howrah,UP
38173,Howrah - Belmuri Local,Howrah,Belmuri,22:10,23:20,70,46,Chord Line,Howrah,UP
37427,Howrah - Barddhaman Local,Howrah,Barddhaman,22:13,00:45,152,107,Main Line,Howrah,UP
37691,Howrah - Tarakeswar Local,Howrah,Tarakeswar,22:15,23:48,93,57,Tarakeswar Line,Howrah,UP
37905,Howrah - Katwa Local,Howrah,Katwa,22:17,01:50,213,144,Main Line,Howrah,UP
37297,Howrah - Bandel Local,Howrah,Bandel,22:20,23:27,67,40,Main Line,Howrah,UP
37833,Howrah - Arambagh Local,Howrah,Arambagh,22:23,00:17,114,81,Tarakeswar Line,Howrah,UP
38477,Howrah - Kamarkundu Local,Howrah,Kamarkundu,22:25,23:21,56,33,Chord Line,Howrah,UP
37553,Howrah - Barddhaman Local,Howrah,Barddhaman,22:26,00:39,133,95,Chord Line,Howrah,UP
37769,Howrah - Goghat Local,Howrah,Goghat,22:26,00:40,134,91,Tarakeswar Line,Howrah,UP
38067,Howrah - Shrirampur Local,Howrah,Shrirampur,22:26,23:04,38,20,Main Line,Howrah,UP
38277,Howrah - Chandanpur Local,Howrah,Chandanpur,22:29,23:26,57,41,Chord Line,Howrah,UP
37299,Howrah - Bandel Local,Howrah,Bandel,22:31,23:35,64,40,Main Line,Howrah,UP
37429,Howrah - Barddhaman Local,Howrah,Barddhaman,22:31,01:05,154,107,Main Line,Howrah,UP
38175,Howrah - Belmuri Local,Howrah,Belmuri,22:33,23:41,68,46,Chord Line,Howrah,UP
37693,Howrah - Tarakeswar Local,Howrah,Tarakeswar,22:35,00:03,88,57,Tarakeswar Line,Howrah,UP
38069,Howrah - Shrirampur Local,Howrah,Shrirampur,22:42,23:19,37,20,Main Line,Howrah,UP
38353,Howrah - Masagram Local,Howrah,Masagram,22:43,00:25,102,72,Chord Line,Howrah,UP
37301,Howrah - Bandel Local,Howrah,Bandel,22:44,23:48,64,40,Main Line,Howrah,UP
38479,Howrah - Kamarkundu Local,Howrah,Kamarkundu,22:45,23:37,52,33,Chord Line,Howrah,UP
37555,Howrah - Barddhaman Local,Howrah,Barddhaman,22:48,01:01,133,95,Chord Line,Howrah,UP
37431,Howrah - Barddhaman Local,Howrah,Barddhaman,22:49,01:22,153,107,Main Line,Howrah,UP
37695,Howrah - Tarakeswar Local,Howrah,Tarakeswar,22:51,00:24,93,57,Tarakeswar Line,Howrah,UP
37907,Howrah - Katwa Local,Howrah,Katwa,22:51,02:24,213,144,Main Line,Howrah,UP
37303,Howrah - Bandel Local,Howrah,Bandel,22:54,23:56,62,40,Main Line,Howrah,UP
38071,Howrah - Shrirampur Local,Howrah,Shrirampur,22:56,23:32,36,20,Main Line,Howrah,UP
38279,Howrah - Chandanpur Local,Howrah,Chandanpur,22:56,23:54,58,41,Chord Line,Howrah,UP
37771,Howrah - Goghat Local,Howrah,Goghat,22:59,01:09,130,91,Tarakeswar Line,Howrah,UP
38177,Howrah - Belmuri Local,Howrah,Belmuri,22:59,00:08,69,46,Chord Line,Howrah,UP
37835,Howrah - Arambagh Local,Howrah,Arambagh,23:01,00:53,112,81,Tarakeswar Line,Howrah,UP
37305,Howrah - Bandel Local,Howrah,Bandel,23:07,00:11,64,40,Main Line,Howrah,UP
37557,Howrah - Barddhaman Local,Howrah,Barddhaman,23:07,01:18,131,95,Chord Line,Howrah,UP
37697,Howrah - Tarakeswar Local,Howrah,Tarakeswar,23:07,00:34,87,57,Tarakeswar Line,Howrah,UP
38481,Howrah - Kamarkundu Local,Howrah,Kamarkundu,23:07,00:00,53,33,Chord Line,Howrah,UP
38073,Howrah - Shrirampur Local,Howrah,Shrirampur,23:10,23:41,31,20,Main Line,Howrah,UP
37433,Howrah - Barddhaman Local,Howrah,Barddhaman,23:11,01:42,151,107,Main Line,Howrah,UP
38355,Howrah - Masagram Local,Howrah,Masagram,23:17,00:59,102,72,Chord Line,Howrah,UP
38281,Howrah - Chandanpur Local,Howrah,Chandanpur,23:19,00:21,62,41,Chord Line,Howrah,UP
37307,Howrah - Bandel Local,Howrah,Bandel,23:21,00:28,67,40,Main Line,Howrah,UP
37699,Howrah - Tarakeswar Local,Howrah,Tarakeswar,23:23,00:49,86,57,Tarakeswar Line,Howrah,UP
37909,Howrah - Katwa Local,Howrah,Katwa,23:24,02:50,206,144,Main Line,Howrah,UP
38179,Howrah - Belmuri Local,Howrah,Belmuri,23:25,00:32,67,46,Chord Line,Howrah,UP
38483,Howrah - Kamarkundu Local,Howrah,Kamarkundu,23:25,00:24,59,33,Chord Line,Howrah,UP
37559,Howrah - Barddhaman Local,Howrah,Barddhaman,23:26,01:41,135,95,Chord Line,Howrah,UP
38075,Howrah - Shrirampur Local,Howrah,Shrirampur,23:26,00:03,37,20,Main Line,Howrah,UP
37435,Howrah - Barddhaman Local,Howrah,Barddhaman,23:31,02:03,152,107,Main Line,Howrah,UP
37309,Howrah - Bandel Local,Howrah,Bandel,23:34,00:40,66,40,Main Line,Howrah,UP
37773,Howrah - Goghat Local,Howrah,Goghat,23:36,01:42,126,91,Tarakeswar Line,Howrah,UP
38077,Howrah - Shrirampur Local,Howrah,Shrirampur,23:39,00:18,39,20,Main Line,Howrah,UP
37701,Howrah - Tarakeswar Local,Howrah,Tarakeswar,23:42,01:14,92,57,Tarakeswar Line,Howrah,UP
37837,Howrah - Arambagh Local,Howrah,Arambagh,23:43,01:35,112,81,Tarakeswar Line,Howrah,UP
38485,Howrah - Kamarkundu Local,Howrah,Kamarkundu,23:44,00:41,57,33,Chord Line,Howrah,UP
38283,Howrah - Chandanpur Local,Howrah,Chandanpur,23:45,00:42,57,41,Chord Line,Howrah,UP
37311,Howrah - Bandel Local,Howrah,Bandel,23:46,00:47,61,40,Main Line,Howrah,UP
37561,Howrah - Barddhaman Local,Howrah,Barddhaman,23:47,02:05,138,95,Chord Line,Howrah,UP
38181,Howrah - Belmuri Local,Howrah,Belmuri,23:48,01:01,73,46,Chord Line,Howrah,UP
37437,Howrah - Barddhaman Local,Howrah,Barddhaman,23:51,02:29,158,107,Main Line,Howrah,UP
38079,Howrah - Shrirampur Local,Howrah,Shrirampur,23:54,00:29,35,20,Main Line,Howrah,UP
38357,Howrah - Masagram Local,Howrah,Masagram,23:54,01:40,106,72,Chord Line,Howrah,UP
37102,Kamarkundu - Howrah Local,Kamarkundu,Howrah,03:00,03:58,58,33,Chord Line,Howrah,DOWN
37104,Kamarkundu - Howrah Local,Kamarkundu,Howrah,03:20,04:13,53,33,Chord Line,Howrah,DOWN
37106,Kamarkundu - Howrah Local,Kamarkundu,Howrah,03:41,04:34,53,33,Chord Line,Howrah,DOWN
37108,Kamarkundu - Howrah Local,Kamarkundu,Howrah,04:01,04:57,56,33,Chord Line,Howrah,DOWN
37110,Kamarkundu - Howrah Local,Kamarkundu,Howrah,04:23,05:17,54,33,Chord Line,Howrah,DOWN
37112,Kamarkundu - Howrah Local,Kamarkundu,Howrah,04:43,05:40,57,33,Chord Line,Howrah,DOWN
37114,Kamarkundu - Howrah Local,Kamarkundu,Howrah,05:01,05:54,53,33,Chord Line,Howrah,DOWN
37116,Kamarkundu - Howrah Local,Kamarkundu,Howrah,05:21,06:18,57,33,Chord Line,Howrah,DOWN
37118,Kamarkundu - Howrah Local,Kamarkundu,Howrah,05:42,06:36,54,33,Chord Line,Howrah,DOWN
37120,Kamarkundu - Howrah Local,Kamarkundu,Howrah,06:04,06:55,51,33,Chord Line,Howrah,DOWN
37122,Kamarkundu - Howrah Local,Kamarkundu,Howrah,06:22,07:16,54,33,Chord Line,Howrah,DOWN
37124,Kamarkundu - Howrah Local,Kamarkundu,Howrah,06:44,07:42,58,33,Chord Line,Howrah,DOWN
37126,Kamarkundu - Howrah Local,Kamarkundu,Howrah,07:02,07:57,55,33,Chord Line,Howrah,DOWN
37128,Kamarkundu - Howrah Local,Kamarkundu,Howrah,07:21,08:12,51,33,Chord Line,Howrah,DOWN
37130,Kamarkundu - Howrah Local,Kamarkundu,Howrah,07:40,08:37,57,33,Chord Line,Howrah,DOWN
37132,Kamarkundu - Howrah Local,Kamarkundu,Howrah,08:01,08:56,55,33,Chord Line,Howrah,DOWN
37134,Kamarkundu - Howrah Local,Kamarkundu,Howrah,08:23,09:15,52,33,Chord Line,Howrah,DOWN
37136,Kamarkundu - Howrah Local,Kamarkundu,Howrah,08:42,09:35,53,33,Chord Line,Howrah,DOWN
37138,Kamarkundu - Howrah Local,Kamarkundu,Howrah,09:02,09:54,52,33,Chord Line,Howrah,DOWN
37140,Kamarkundu - Howrah Local,Kamarkundu,Howrah,09:24,10:23,59,33,Chord Line,Howrah,DOWN
37142,Kamarkundu - Howrah Local,Kamarkundu,Howrah,09:42,10:40,58,33,Chord Line,Howrah,DOWN
37144,Kamarkundu - Howrah Local,Kamarkundu,Howrah,10:03,10:55,52,33,Chord Line,Howrah,DOWN
37146,Kamarkundu - Howrah Local,Kamarkundu,Howrah,10:24,11:18,54,33,Chord Line,Howrah,DOWN
37148,Kamarkundu - Howrah Local,Kamarkundu,Howrah,10:43,11:38,55,33,Chord Line,Howrah,DOWN
37150,Kamarkundu - Howrah Local,Kamarkundu,Howrah,11:02,12:00,58,33,Chord Line,Howrah,DOWN
37152,Kamarkundu - Howrah Local,Kamarkundu,Howrah,11:22,12:15,53,33,Chord Line,Howrah,DOWN
37154,Kamarkundu - Howrah Local,Kamarkundu,Howrah,11:43,12:37,54,33,Chord Line,Howrah,DOWN
37156,Kamarkundu - Howrah Local,Kamarkundu,Howrah,12:04,12:58,54,33,Chord Line,Howrah,DOWN
37158,Kamarkundu - Howrah Local,Kamarkundu,Howrah,12:26,13:20,54,33,Chord Line,Howrah,DOWN
37160,Kamarkundu - Howrah Local,Kamarkundu,Howrah,12:46,13:39,53,33,Chord Line,Howrah,DOWN
37162,Kamarkundu - Howrah Local,Kamarkundu,Howrah,13:07,14:00,53,33,Chord Line,Howrah,DOWN
37164,Kamarkundu - Howrah Local,Kamarkundu,Howrah,13:28,14:23,55,33,Chord Line,Howrah,DOWN
37166,Kamarkundu - Howrah Local,Kamarkundu,Howrah,13:46,14:40,54,33,Chord Line,Howrah,DOWN
37168,Kamarkundu - Howrah Local,Kamarkundu,Howrah,14:06,15:04,58,33,Chord Line,Howrah,DOWN
37170,Kamarkundu - Howrah Local,Kamarkundu,Howrah,14:28,15:24,56,33,Chord Line,Howrah,DOWN
37172,Kamarkundu - Howrah Local,Kamarkundu,Howrah,14:47,15:45,58,33,Chord Line,Howrah,DOWN
37174,Kamarkundu - Howrah Local,Kamarkundu,Howrah,15:09,16:00,51,33,Chord Line,Howrah,DOWN
37176,Kamarkundu - Howrah Local,Kamarkundu,Howrah,15:27,16:20,53,33,Chord Line,Howrah,DOWN
37178,Kamarkundu - Howrah Local,Kamarkundu,Howrah,15:48,16:45,57,33,Chord Line,Howrah,DOWN
37180,Kamarkundu - Howrah Local,Kamarkundu,Howrah,16:08,17:05,57,33,Chord Line,Howrah,DOWN
37182,Kamarkundu - Howrah Local,Kamarkundu,Howrah,16:27,17:22,55,33,Chord Line,Howrah,DOWN
37184,Kamarkundu - Howrah Local,Kamarkundu,Howrah,16:48,17:40,52,33,Chord Line,Howrah,DOWN
37186,Kamarkundu - Howrah Local,Kamarkundu,Howrah,17:06,17:57,51,33,Chord Line,Howrah,DOWN
37188,Kamarkundu - Howrah Local,Kamarkundu,Howrah,17:28,18:24,56,33,Chord Line,Howrah,DOWN
37190,Kamarkundu - Howrah Local,Kamarkundu,Howrah,17:46,18:44,58,33,Chord Line,Howrah,DOWN
37192,Kamarkundu - Howrah Local,Kamarkundu,Howrah,18:05,18:56,51,33,Chord Line,Howrah,DOWN
37194,Kamarkundu - Howrah Local,Kamarkundu,Howrah,18:25,19:20,55,33,Chord Line,Howrah,DOWN
37196,Kamarkundu - Howrah Local,Kamarkundu,Howrah,18:43,19:40,57,33,Chord Line,Howrah,DOWN
37198,Kamarkundu - Howrah Local,Kamarkundu,Howrah,19:05,20:02,57,33,Chord Line,Howrah,DOWN
37200,Kamarkundu - Howrah Local,Kamarkundu,Howrah,19:25,20:18,53,33,Chord Line,Howrah,DOWN
37202,Kamarkundu - Howrah Local,Kamarkundu,Howrah,19:45,20:36,51,33,Chord Line,Howrah,DOWN
37204,Kamarkundu - Howrah Local,Kamarkundu,Howrah,20:07,21:00,53,33,Chord Line,Howrah,DOWN
37206,Kamarkundu - Howrah Local,Kamarkundu,Howrah,20:29,21:22,53,33,Chord Line,Howrah,DOWN
37208,Kamarkundu - Howrah Local,Kamarkundu,Howrah,20:49,21:47,58,33,Chord Line,Howrah,DOWN
37210,Kamarkundu - Howrah Local,Kamarkundu,Howrah,21:11,22:09,58,33,Chord Line,Howrah,DOWN
37212,Kamarkundu - Howrah Local,Kamarkundu,Howrah,21:31,22:23,52,33,Chord Line,Howrah,DOWN
37214,Kamarkundu - Howrah Local,Kamarkundu,Howrah,21:50,22:49,59,33,Chord Line,Howrah,DOWN
37216,Kamarkundu - Howrah Local,Kamarkundu,Howrah,22:10,23:03,53,33,Chord Line,Howrah,DOWN
37218,Kamarkundu - Howrah Local,Kamarkundu,Howrah,22:31,23:23,52,33,Chord Line,Howrah,DOWN
37220,Kamarkundu - Howrah Local,Kamarkundu,Howrah,22:51,23:42,51,33,Chord Line,Howrah,DOWN
37222,Kamarkundu - Howrah Local,Kamarkundu,Howrah,23:11,00:09,58,33,Chord Line,Howrah,DOWN
37224,Kamarkundu - Howrah Local,Kamarkundu,Howrah,23:30,00:26,56,33,Chord Line,Howrah,DOWN
37226,Kamarkundu - Howrah Local,Kamarkundu,Howrah,23:50,00:45,55,33,Chord Line,Howrah,DOWN
37102,Katwa - Howrah Local,Katwa,Howrah,03:00,06:28,208,144,Main Line,Howrah,DOWN
37104,Katwa - Howrah Local,Katwa,Howrah,03:34,07:02,208,144,Main Line,Howrah,DOWN
37106,Katwa - Howrah Local,Katwa,Howrah,04:07,07:37,210,144,Main Line,Howrah,DOWN
37108,Katwa - Howrah Local,Katwa,Howrah,04:40,08:13,213,144,Main Line,Howrah,DOWN
37110,Katwa - Howrah Local,Katwa,Howrah,05:13,08:41,208,144,Main Line,Howrah,DOWN
37112,Katwa - Howrah Local,Katwa,Howrah,05:50,09:17,207,144,Main Line,Howrah,DOWN
37114,Katwa - Howrah Local,Katwa,Howrah,06:27,09:54,207,144,Main Line,Howrah,DOWN
37116,Katwa - Howrah Local,Katwa,Howrah,07:00,10:29,209,144,Main Line,Howrah,DOWN
37118,Katwa - Howrah Local,Katwa,Howrah,07:36,11:05,209,144,Main Line,Howrah,DOWN
37120,Katwa - Howrah Local,Katwa,Howrah,08:09,11:40,211,144,Main Line,Howrah,DOWN
37122,Katwa - Howrah Local,Katwa,Howrah,08:45,12:16,211,144,Main Line,Howrah,DOWN
37124,Katwa - Howrah Local,Katwa,Howrah,09:21,12:55,214,144,Main Line,Howrah,DOWN
37126,Katwa - Howrah Local,Katwa,Howrah,09:54,13:25,211,144,Main Line,Howrah,DOWN
37128,Katwa - Howrah Local,Katwa,Howrah,10:28,13:54,206,144,Main Line,Howrah,DOWN
37130,Katwa - Howrah Local,Katwa,Howrah,11:02,14:30,208,144,Main Line,Howrah,DOWN
37132,Katwa - Howrah Local,Katwa,Howrah,11:39,15:06,207,144,Main Line,Howrah,DOWN
37134,Katwa - Howrah Local,Katwa,Howrah,12:14,15:44,210,144,Main Line,Howrah,DOWN
37136,Katwa - Howrah Local,Katwa,Howrah,12:47,16:19,212,144,Main Line,Howrah,DOWN
37138,Katwa - Howrah Local,Katwa,Howrah,13:21,16:52,211,144,Main Line,Howrah,DOWN
37140,Katwa - Howrah Local,Katwa,Howrah,13:55,17:23,208,144,Main Line,Howrah,DOWN
37142,Katwa - Howrah Local,Katwa,Howrah,14:32,18:01,209,144,Main Line,Howrah,DOWN
37144,Katwa - Howrah Local,Katwa,Howrah,15:08,18:34,206,144,Main Line,Howrah,DOWN
37146,Katwa - Howrah Local,Katwa,Howrah,15:45,19:12,207,144,Main Line,Howrah,DOWN
37148,Katwa - Howrah Local,Katwa,Howrah,16:19,19:51,212,144,Main Line,Howrah,DOWN
37150,Katwa - Howrah Local,Katwa,Howrah,16:56,20:22,206,144,Main Line,Howrah,DOWN
37152,Katwa - Howrah Local,Katwa,Howrah,17:30,20:57,207,144,Main Line,Howrah,DOWN
37154,Katwa - Howrah Local,Katwa,Howrah,18:06,21:32,206,144,Main Line,Howrah,DOWN
37156,Katwa - Howrah Local,Katwa,Howrah,18:39,22:06,207,144,Main Line,Howrah,DOWN
37158,Katwa - Howrah Local,Katwa,Howrah,19:13,22:43,210,144,Main Line,Howrah,DOWN
37160,Katwa - Howrah Local,Katwa,Howrah,19:50,23:23,213,144,Main Line,Howrah,DOWN
37162,Katwa - Howrah Local,Katwa,Howrah,20:26,23:55,209,144,Main Line,Howrah,DOWN
37164,Katwa - Howrah Local,Katwa,Howrah,21:00,00:30,210,144,Main Line,Howrah,DOWN
37166,Katwa - Howrah Local,Katwa,Howrah,21:34,01:07,213,144,Main Line,Howrah,DOWN
37168,Katwa - Howrah Local,Katwa,Howrah,22:11,01:40,209,144,Main Line,Howrah,DOWN
37170,Katwa - Howrah Local,Katwa,Howrah,22:47,02:13,206,144,Main Line,Howrah,DOWN
37172,Katwa - Howrah Local,Katwa,Howrah,23:21,02:49,208,144,Main Line,Howrah,DOWN
37102,Masagram - Howrah Local,Masagram,Howrah,03:00,04:42,102,72,Chord Line,Howrah,DOWN
37104,Masagram - Howrah Local,Masagram,Howrah,03:35,05:24,109,72,Chord Line,Howrah,DOWN
37106,Masagram - Howrah Local,Masagram,Howrah,04:12,05:59,107,72,Chord Line,Howrah,DOWN
37108,Masagram - Howrah Local,Masagram,Howrah,04:48,06:34,106,72,Chord Line,Howrah,DOWN
37110,Masagram - Howrah Local,Masagram,Howrah,05:22,07:07,105,72,Chord Line,Howrah,DOWN
37112,Masagram - Howrah Local,Masagram,Howrah,05:55,07:40,105,72,Chord Line,Howrah,DOWN
37114,Masagram - Howrah Local,Masagram,Howrah,06:32,08:21,109,72,Chord Line,Howrah,DOWN
37116,Masagram - Howrah Local,Masagram,Howrah,07:08,08:52,104,72,Chord Line,Howrah,DOWN
37118,Masagram - Howrah Local,Masagram,Howrah,07:43,09:30,107,72,Chord Line,Howrah,DOWN
37120,Masagram - Howrah Local,Masagram,Howrah,08:19,10:08,109,72,Chord Line,Howrah,DOWN
37122,Masagram - Howrah Local,Masagram,Howrah,08:54,10:43,109,72,Chord Line,Howrah,DOWN
37124,Masagram - Howrah Local,Masagram,Howrah,09:30,11:11,101,72,Chord Line,Howrah,DOWN
37126,Masagram - Howrah Local,Masagram,Howrah,10:04,11:47,103,72,Chord Line,Howrah,DOWN
37128,Masagram - Howrah Local,Masagram,Howrah,10:41,12:29,108,72,Chord Line,Howrah,DOWN
37130,Masagram - Howrah Local,Masagram,Howrah,11:18,13:06,108,72,Chord Line,Howrah,DOWN
37132,Masagram - Howrah Local,Masagram,Howrah,11:52,13:41,109,72,Chord Line,Howrah,DOWN
37134,Masagram - Howrah Local,Masagram,Howrah,12:27,14:14,107,72,Chord Line,Howrah,DOWN
37136,Masagram - Howrah Local,Masagram,Howrah,13:04,14:45,101,72,Chord Line,Howrah,DOWN
37138,Masagram - Howrah Local,Masagram,Howrah,13:41,15:25,104,72,Chord Line,Howrah,DOWN
37140,Masagram - Howrah Local,Masagram,Howrah,14:18,16:06,108,72,Chord Line,Howrah,DOWN
37142,Masagram - Howrah Local,Masagram,Howrah,14:53,16:37,104,72,Chord Line,Howrah,DOWN
37144,Masagram - Howrah Local,Masagram,Howrah,15:27,17:12,105,72,Chord Line,Howrah,DOWN
37146,Masagram - Howrah Local,Masagram,Howrah,16:01,17:48,107,72,Chord Line,Howrah,DOWN
37148,Masagram - Howrah Local,Masagram,Howrah,16:37,18:19,102,72,Chord Line,Howrah,DOWN
37150,Masagram - Howrah Local,Masagram,Howrah,17:12,18:59,107,72,Chord Line,Howrah,DOWN
37152,Masagram - Howrah Local,Masagram,Howrah,17:46,19:31,105,72,Chord Line,Howrah,DOWN
37154,Masagram - Howrah Local,Masagram,Howrah,18:21,20:06,105,72,Chord Line,Howrah,DOWN
37156,Masagram - Howrah Local,Masagram,Howrah,18:55,20:39,104,72,Chord Line,Howrah,DOWN
37158,Masagram - Howrah Local,Masagram,Howrah,19:32,21:16,104,72,Chord Line,Howrah,DOWN
37160,Masagram - Howrah Local,Masagram,Howrah,20:08,21:51,103,72,Chord Line,Howrah,DOWN
37162,Masagram - Howrah Local,Masagram,Howrah,20:41,22:22,101,72,Chord Line,Howrah,DOWN
37164,Masagram - Howrah Local,Masagram,Howrah,21:15,23:00,105,72,Chord Line,Howrah,DOWN
37166,Masagram - Howrah Local,Masagram,Howrah,21:49,23:37,108,72,Chord Line,Howrah,DOWN
37168,Masagram - Howrah Local,Masagram,Howrah,22:25,00:12,107,72,Chord Line,Howrah,DOWN
37170,Masagram - Howrah Local,Masagram,Howrah,23:02,00:43,101,72,Chord Line,Howrah,DOWN
37172,Masagram - Howrah Local,Masagram,Howrah,23:38,01:21,103,72,Chord Line,Howrah,DOWN
37102,Shrirampur - Howrah Local,Shrirampur,Howrah,03:00,03:35,35,20,Main Line,Howrah,DOWN
37104,Shrirampur - Howrah Local,Shrirampur,Howrah,03:16,03:55,39,20,Main Line,Howrah,DOWN
37106,Shrirampur - Howrah Local,Shrirampur,Howrah,03:33,04:07,34,20,Main Line,Howrah,DOWN
37108,Shrirampur - Howrah Local,Shrirampur,Howrah,03:50,04:26,36,20,Main Line,Howrah,DOWN
37110,Shrirampur - Howrah Local,Shrirampur,Howrah,04:03,04:42,39,20,Main Line,Howrah,DOWN
37112,Shrirampur - Howrah Local,Shrirampur,Howrah,04:16,04:47,31,20,Main Line,Howrah,DOWN
37114,Shrirampur - Howrah Local,Shrirampur,Howrah,04:31,05:08,37,20,Main Line,Howrah,DOWN
37116,Shrirampur - Howrah Local,Shrirampur,Howrah,04:44,05:22,38,20,Main Line,Howrah,DOWN
37118,Shrirampur - Howrah Local,Shrirampur,Howrah,04:59,05:30,31,20,Main Line,Howrah,DOWN
37120,Shrirampur - Howrah Local,Shrirampur,Howrah,05:16,05:52,36,20,Main Line,Howrah,DOWN
37122,Shrirampur - Howrah Local,Shrirampur,Howrah,05:31,06:10,39,20,Main Line,Howrah,DOWN
37124,Shrirampur - Howrah Local,Shrirampur,Howrah,05:45,06:24,39,20,Main Line,Howrah,DOWN
37126,Shrirampur - Howrah Local,Shrirampur,Howrah,05:58,06:31,33,20,Main Line,Howrah,DOWN
37128,Shrirampur - Howrah Local,Shrirampur,Howrah,06:12,06:46,34,20,Main Line,Howrah,DOWN
37130,Shrirampur - Howrah Local,Shrirampur,Howrah,06:27,06:59,32,20,Main Line,Howrah,DOWN
37132,Shrirampur - Howrah Local,Shrirampur,Howrah,06:44,07:18,34,20,Main Line,Howrah,DOWN
37134,Shrirampur - Howrah Local,Shrirampur,Howrah,07:00,07:36,36,20,Main Line,Howrah,DOWN
37136,Shrirampur - Howrah Local,Shrirampur,Howrah,07:14,07:49,35,20,Main Line,Howrah,DOWN
37138,Shrirampur - Howrah Local,Shrirampur,Howrah,07:29,08:06,37,20,Main Line,Howrah,DOWN
37140,Shrirampur - Howrah Local,Shrirampur,Howrah,07:46,08:17,31,20,Main Line,Howrah,DOWN
37142,Shrirampur - Howrah Local,Shrirampur,Howrah,08:01,08:37,36,20,Main Line,Howrah,DOWN
37144,Shrirampur - Howrah Local,Shrirampur,Howrah,08:14,08:52,38,20,Main Line,Howrah,DOWN
37146,Shrirampur - Howrah Local,Shrirampur,Howrah,08:29,09:08,39,20,Main Line,Howrah,DOWN
37148,Shrirampur - Howrah Local,Shrirampur,Howrah,08:45,09:17,32,20,Main Line,Howrah,DOWN
37150,Shrirampur - Howrah Local,Shrirampur,Howrah,09:02,09:41,39,20,Main Line,Howrah,DOWN
37152,Shrirampur - Howrah Local,Shrirampur,Howrah,09:18,09:53,35,20,Main Line,Howrah,DOWN
37154,Shrirampur - Howrah Local,Shrirampur,Howrah,09:35,10:11,36,20,Main Line,Howrah,DOWN
37156,Shrirampur - Howrah Local,Shrirampur,Howrah,09:51,10:25,34,20,Main Line,Howrah,DOWN
37158,Shrirampur - Howrah Local,Shrirampur,Howrah,10:04,10:36,32,20,Main Line,Howrah,DOWN
37160,Shrirampur - Howrah Local,Shrirampur,Howrah,10:20,10:57,37,20,Main Line,Howrah,DOWN
37162,Shrirampur - Howrah Local,Shrirampur,Howrah,10:33,11:08,35,20,Main Line,Howrah,DOWN
37164,Shrirampur - Howrah Local,Shrirampur,Howrah,10:47,11:19,32,20,Main Line,Howrah,DOWN
37166,Shrirampur - Howrah Local,Shrirampur,Howrah,11:00,11:35,35,20,Main Line,Howrah,DOWN
37168,Shrirampur - Howrah Local,Shrirampur,Howrah,11:14,11:47,33,20,Main Line,Howrah,DOWN
37170,Shrirampur - Howrah Local,Shrirampur,Howrah,11:27,12:00,33,20,Main Line,Howrah,DOWN
37172,Shrirampur - Howrah Local,Shrirampur,Howrah,11:43,12:22,39,20,Main Line,Howrah,DOWN
37174,Shrirampur - Howrah Local,Shrirampur,Howrah,11:57,12:32,35,20,Main Line,Howrah,DOWN
37176,Shrirampur - Howrah Local,Shrirampur,Howrah,12:10,12:49,39,20,Main Line,Howrah,DOWN
37178,Shrirampur - Howrah Local,Shrirampur,Howrah,12:26,13:04,38,20,Main Line,Howrah,DOWN
37180,Shrirampur - Howrah Local,Shrirampur,Howrah,12:40,13:17,37,20,Main Line,Howrah,DOWN
37182,Shrirampur - Howrah Local,Shrirampur,Howrah,12:55,13:26,31,20,Main Line,Howrah,DOWN
37184,Shrirampur - Howrah Local,Shrirampur,Howrah,13:11,13:45,34,20,Main Line,Howrah,DOWN
37186,Shrirampur - Howrah Local,Shrirampur,Howrah,13:26,13:57,31,20,Main Line,Howrah,DOWN
37188,Shrirampur - Howrah Local,Shrirampur,Howrah,13:39,14:18,39,20,Main Line,Howrah,DOWN
37190,Shrirampur - Howrah Local,Shrirampur,Howrah,13:53,14:30,37,20,Main Line,Howrah,DOWN
37192,Shrirampur - Howrah Local,Shrirampur,Howrah,14:08,14:44,36,20,Main Line,Howrah,DOWN
37194,Shrirampur - Howrah Local,Shrirampur,Howrah,14:25,15:03,38,20,Main Line,Howrah,DOWN
37196,Shrirampur - Howrah Local,Shrirampur,Howrah,14:40,15:19,39,20,Main Line,Howrah,DOWN
37198,Shrirampur - Howrah Local,Shrirampur,Howrah,14:57,15:35,38,20,Main Line,Howrah,DOWN
37200,Shrirampur - Howrah Local,Shrirampur,Howrah,15:14,15:49,35,20,Main Line,Howrah,DOWN
37202,Shrirampur - Howrah Local,Shrirampur,Howrah,15:30,16:03,33,20,Main Line,Howrah,DOWN
37204,Shrirampur - Howrah Local,Shrirampur,Howrah,15:47,16:20,33,20,Main Line,Howrah,DOWN
37206,Shrirampur - Howrah Local,Shrirampur,Howrah,16:02,16:36,34,20,Main Line,Howrah,DOWN
37208,Shrirampur - Howrah Local,Shrirampur,Howrah,16:17,16:53,36,20,Main Line,Howrah,DOWN
37210,Shrirampur - Howrah Local,Shrirampur,Howrah,16:33,17:04,31,20,Main Line,Howrah,DOWN
37212,Shrirampur - Howrah Local,Shrirampur,Howrah,16:48,17:24,36,20,Main Line,Howrah,DOWN
37214,Shrirampur - Howrah Local,Shrirampur,Howrah,17:02,17:40,38,20,Main Line,Howrah,DOWN
37216,Shrirampur - Howrah Local,Shrirampur,Howrah,17:17,17:50,33,20,Main Line,Howrah,DOWN
37218,Shrirampur - Howrah Local,Shrirampur,Howrah,17:31,18:06,35,20,Main Line,Howrah,DOWN
37220,Shrirampur - Howrah Local,Shrirampur,Howrah,17:48,18:21,33,20,Main Line,Howrah,DOWN
37222,Shrirampur - Howrah Local,Shrirampur,Howrah,18:02,18:35,33,20,Main Line,Howrah,DOWN
37224,Shrirampur - Howrah Local,Shrirampur,Howrah,18:16,18:48,32,20,Main Line,Howrah,DOWN
37226,Shrirampur - Howrah Local,Shrirampur,Howrah,18:30,19:06,36,20,Main Line,Howrah,DOWN
37228,Shrirampur - Howrah Local,Shrirampur,Howrah,18:43,19:16,33,20,Main Line,Howrah,DOWN
37230,Shrirampur - Howrah Local,Shrirampur,Howrah,19:00,19:35,35,20,Main Line,Howrah,DOWN
37232,Shrirampur - Howrah Local,Shrirampur,Howrah,19:16,19:49,33,20,Main Line,Howrah,DOWN
37234,Shrirampur - Howrah Local,Shrirampur,Howrah,19:31,20:10,39,20,Main Line,Howrah,DOWN
37236,Shrirampur - Howrah Local,Shrirampur,Howrah,19:45,20:21,36,20,Main Line,Howrah,DOWN
37238,Shrirampur - Howrah Local,Shrirampur,Howrah,19:58,20:31,33,20,Main Line,Howrah,DOWN
37240,Shrirampur - Howrah Local,Shrirampur,Howrah,20:13,20:51,38,20,Main Line,Howrah,DOWN
37242,Shrirampur - Howrah Local,Shrirampur,Howrah,20:28,21:01,33,20,Main Line,Howrah,DOWN
37244,Shrirampur - Howrah Local,Shrirampur,Howrah,20:45,21:20,35,20,Main Line,Howrah,DOWN
37246,Shrirampur - Howrah Local,Shrirampur,Howrah,21:02,21:33,31,20,Main Line,Howrah,DOWN
37248,Shrirampur - Howrah Local,Shrirampur,Howrah,21:15,21:53,38,20,Main Line,Howrah,DOWN
37250,Shrirampur - Howrah Local,Shrirampur,Howrah,21:31,22:09,38,20,Main Line,Howrah,DOWN
37252,Shrirampur - Howrah Local,Shrirampur,Howrah,21:45,22:18,33,20,Main Line,Howrah,DOWN
37254,Shrirampur - Howrah Local,Shrirampur,Howrah,22:00,22:39,39,20,Main Line,Howrah,DOWN
37256,Shrirampur - Howrah Local,Shrirampur,Howrah,22:13,22:49,36,20,Main Line,Howrah,DOWN
37258,Shrirampur - Howrah Local,Shrirampur,Howrah,22:30,23:08,38,20,Main Line,Howrah,DOWN
37260,Shrirampur - Howrah Local,Shrirampur,Howrah,22:45,23:18,33,20,Main Line,Howrah,DOWN
37262,Shrirampur - Howrah Local,Shrirampur,Howrah,23:00,23:38,38,20,Main Line,Howrah,DOWN
37264,Shrirampur - Howrah Local,Shrirampur,Howrah,23:17,23:49,32,20,Main Line,Howrah,DOWN
37266,Shrirampur - Howrah Local,Shrirampur,Howrah,23:32,00:03,31,20,Main Line,Howrah,DOWN
37268,Shrirampur - Howrah Local,Shrirampur,Howrah,23:48,00:27,39,20,Main Line,Howrah,DOWN
37102,Tarakeswar - Howrah Local,Tarakeswar,Howrah,03:00,04:28,88,57,Tarakeswar Line,Howrah,DOWN
37104,Tarakeswar - Howrah Local,Tarakeswar,Howrah,03:19,04:52,93,57,Tarakeswar Line,Howrah,DOWN
37106,Tarakeswar - Howrah Local,Tarakeswar,Howrah,03:39,05:10,91,57,Tarakeswar Line,Howrah,DOWN
37108,Tarakeswar - Howrah Local,Tarakeswar,Howrah,03:59,05:30,91,57,Tarakeswar Line,Howrah,DOWN
37110,Tarakeswar - Howrah Local,Tarakeswar,Howrah,04:17,05:51,94,57,Tarakeswar Line,Howrah,DOWN
37112,Tarakeswar - Howrah Local,Tarakeswar,Howrah,04:34,06:07,93,57,Tarakeswar Line,Howrah,DOWN
37114,Tarakeswar - Howrah Local,Tarakeswar,Howrah,04:50,06:18,88,57,Tarakeswar Line,Howrah,DOWN
37116,Tarakeswar - Howrah Local,Tarakeswar,Howrah,05:10,06:43,93,57,Tarakeswar Line,Howrah,DOWN
37118,Tarakeswar - Howrah Local,Tarakeswar,Howrah,05:26,06:59,93,57,Tarakeswar Line,Howrah,DOWN
37120,Tarakeswar - Howrah Local,Tarakeswar,Howrah,05:42,07:15,93,57,Tarakeswar Line,Howrah,DOWN
37122,Tarakeswar - Howrah Local,Tarakeswar,Howrah,06:00,07:29,89,57,Tarakeswar Line,Howrah,DOWN
37124,Tarakeswar - Howrah Local,Tarakeswar,Howrah,06:19,07:47,88,57,Tarakeswar Line,Howrah,DOWN
37126,Tarakeswar - Howrah Local,Tarakeswar,Howrah,06:36,08:06,90,57,Tarakeswar Line,Howrah,DOWN
37128,Tarakeswar - Howrah Local,Tarakeswar,Howrah,06:56,08:28,92,57,Tarakeswar Line,Howrah,DOWN
37130,Tarakeswar - Howrah Local,Tarakeswar,Howrah,07:14,08:45,91,57,Tarakeswar Line,Howrah,DOWN
37132,Tarakeswar - Howrah Local,Tarakeswar,Howrah,07:31,09:04,93,57,Tarakeswar Line,Howrah,DOWN
37134,Tarakeswar - Howrah Local,Tarakeswar,Howrah,07:49,09:15,86,57,Tarakeswar Line,Howrah,DOWN
37136,Tarakeswar - Howrah Local,Tarakeswar,Howrah,08:08,09:41,93,57,Tarakeswar Line,Howrah,DOWN
37138,Tarakeswar - Howrah Local,Tarakeswar,Howrah,08:24,09:55,91,57,Tarakeswar Line,Howrah,DOWN
37140,Tarakeswar - Howrah Local,Tarakeswar,Howrah,08:40,10:13,93,57,Tarakeswar Line,Howrah,DOWN
37142,Tarakeswar - Howrah Local,Tarakeswar,Howrah,08:59,10:29,90,57,Tarakeswar Line,Howrah,DOWN
37144,Tarakeswar - Howrah Local,Tarakeswar,Howrah,09:16,10:44,88,57,Tarakeswar Line,Howrah,DOWN
37146,Tarakeswar - Howrah Local,Tarakeswar,Howrah,09:34,11:01,87,57,Tarakeswar Line,Howrah,DOWN
37148,Tarakeswar - Howrah Local,Tarakeswar,Howrah,09:54,11:21,87,57,Tarakeswar Line,Howrah,DOWN
37150,Tarakeswar - Howrah Local,Tarakeswar,Howrah,10:13,11:47,94,57,Tarakeswar Line,Howrah,DOWN
37152,Tarakeswar - Howrah Local,Tarakeswar,Howrah,10:31,12:01,90,57,Tarakeswar Line,Howrah,DOWN
37154,Tarakeswar - Howrah Local,Tarakeswar,Howrah,10:47,12:20,93,57,Tarakeswar Line,Howrah,DOWN
37156,Tarakeswar - Howrah Local,Tarakeswar,Howrah,11:07,12:39,92,57,Tarakeswar Line,Howrah,DOWN
37158,Tarakeswar - Howrah Local,Tarakeswar,Howrah,11:26,12:55,89,57,Tarakeswar Line,Howrah,DOWN
37160,Tarakeswar - Howrah Local,Tarakeswar,Howrah,11:43,13:11,88,57,Tarakeswar Line,Howrah,DOWN
37162,Tarakeswar - Howrah Local,Tarakeswar,Howrah,12:03,13:35,92,57,Tarakeswar Line,Howrah,DOWN
37164,Tarakeswar - Howrah Local,Tarakeswar,Howrah,12:22,13:53,91,57,Tarakeswar Line,Howrah,DOWN
37166,Tarakeswar - Howrah Local,Tarakeswar,Howrah,12:38,14:10,92,57,Tarakeswar Line,Howrah,DOWN
37168,Tarakeswar - Howrah Local,Tarakeswar,Howrah,12:55,14:26,91,57,Tarakeswar Line,Howrah,DOWN
37170,Tarakeswar - Howrah Local,Tarakeswar,Howrah,13:14,14:43,89,57,Tarakeswar Line,Howrah,DOWN
37172,Tarakeswar - Howrah Local,Tarakeswar,Howrah,13:34,15:01,87,57,Tarakeswar Line,Howrah,DOWN
37174,Tarakeswar - Howrah Local,Tarakeswar,Howrah,13:51,15:24,93,57,Tarakeswar Line,Howrah,DOWN
37176,Tarakeswar - Howrah Local,Tarakeswar,Howrah,14:11,15:44,93,57,Tarakeswar Line,Howrah,DOWN
37178,Tarakeswar - Howrah Local,Tarakeswar,Howrah,14:27,16:01,94,57,Tarakeswar Line,Howrah,DOWN
37180,Tarakeswar - Howrah Local,Tarakeswar,Howrah,14:45,16:18,93,57,Tarakeswar Line,Howrah,DOWN
37182,Tarakeswar - Howrah Local,Tarakeswar,Howrah,15:01,16:31,90,57,Tarakeswar Line,Howrah,DOWN
37184,Tarakeswar - Howrah Local,Tarakeswar,Howrah,15:18,16:45,87,57,Tarakeswar Line,Howrah,DOWN
37186,Tarakeswar - Howrah Local,Tarakeswar,Howrah,15:37,17:04,87,57,Tarakeswar Line,Howrah,DOWN
37188,Tarakeswar - Howrah Local,Tarakeswar,Howrah,15:57,17:29,92,57,Tarakeswar Line,Howrah,DOWN
37190,Tarakeswar - Howrah Local,Tarakeswar,Howrah,16:17,17:50,93,57,Tarakeswar Line,Howrah,DOWN
37192,Tarakeswar - Howrah Local,Tarakeswar,Howrah,16:35,18:02,87,57,Tarakeswar Line,Howrah,DOWN
37194,Tarakeswar - Howrah Local,Tarakeswar,Howrah,16:51,18:19,88,57,Tarakeswar Line,Howrah,DOWN
37196,Tarakeswar - Howrah Local,Tarakeswar,Howrah,17:08,18:34,86,57,Tarakeswar Line,Howrah,DOWN
37198,Tarakeswar - Howrah Local,Tarakeswar,Howrah,17:28,18:56,88,57,Tarakeswar Line,Howrah,DOWN
37200,Tarakeswar - Howrah Local,Tarakeswar,Howrah,17:45,19:19,94,57,Tarakeswar Line,Howrah,DOWN
37202,Tarakeswar - Howrah Local,Tarakeswar,Howrah,18:04,19:36,92,57,Tarakeswar Line,Howrah,DOWN
37204,Tarakeswar - Howrah Local,Tarakeswar,Howrah,18:22,19:55,93,57,Tarakeswar Line,Howrah,DOWN
37206,Tarakeswar - Howrah Local,Tarakeswar,Howrah,18:42,20:11,89,57,Tarakeswar Line,Howrah,DOWN
37208,Tarakeswar - Howrah Local,Tarakeswar,Howrah,18:59,20:29,90,57,Tarakeswar Line,Howrah,DOWN
37210,Tarakeswar - Howrah Local,Tarakeswar,Howrah,19:17,20:47,90,57,Tarakeswar Line,Howrah,DOWN
37212,Tarakeswar - Howrah Local,Tarakeswar,Howrah,19:37,21:08,91,57,Tarakeswar Line,Howrah,DOWN
37214,Tarakeswar - Howrah Local,Tarakeswar,Howrah,19:56,21:22,86,57,Tarakeswar Line,Howrah,DOWN
37216,Tarakeswar - Howrah Local,Tarakeswar,Howrah,20:12,21:46,94,57,Tarakeswar Line,Howrah,DOWN
37218,Tarakeswar - Howrah Local,Tarakeswar,Howrah,20:32,22:00,88,57,Tarakeswar Line,Howrah,DOWN
37220,Tarakeswar - Howrah Local,Tarakeswar,Howrah,20:51,22:17,86,57,Tarakeswar Line,Howrah,DOWN
37222,Tarakeswar - Howrah Local,Tarakeswar,Howrah,21:09,22:43,94,57,Tarakeswar Line,Howrah,DOWN
37224,Tarakeswar - Howrah Local,Tarakeswar,Howrah,21:27,22:53,86,57,Tarakeswar Line,Howrah,DOWN
37226,Tarakeswar - Howrah Local,Tarakeswar,Howrah,21:43,23:14,91,57,Tarakeswar Line,Howrah,DOWN
37228,Tarakeswar - Howrah Local,Tarakeswar,Howrah,22:03,23:33,90,57,Tarakeswar Line,Howrah,DOWN
37230,Tarakeswar - Howrah Local,Tarakeswar,Howrah,22:19,23:48,89,57,Tarakeswar Line,Howrah,DOWN
37232,Tarakeswar - Howrah Local,Tarakeswar,Howrah,22:35,00:07,92,57,Tarakeswar Line,Howrah,DOWN
37234,Tarakeswar - Howrah Local,Tarakeswar,Howrah,22:54,00:26,92,57,Tarakeswar Line,Howrah,DOWN
37236,Tarakeswar - Howrah Local,Tarakeswar,Howrah,23:12,00:44,92,57,Tarakeswar Line,Howrah,DOWN
37238,Tarakeswar - Howrah Local,Tarakeswar,Howrah,23:31,01:05,94,57,Tarakeswar Line,Howrah,DOWN
37240,Tarakeswar - Howrah Local,Tarakeswar,Howrah,23:50,01:18,88,57,Tarakeswar Line,Howrah,DOWN
31102,Bangaon - Sealdah Local,Bangaon,Sealdah,03:00,05:08,128,77,Bangaon Line,Sealdah,DOWN
31104,Bangaon - Sealdah Local,Bangaon,Sealdah,03:15,05:18,123,77,Bangaon Line,Sealdah,DOWN
31106,Bangaon - Sealdah Local,Bangaon,Sealdah,03:28,05:34,126,77,Bangaon Line,Sealdah,DOWN
31108,Bangaon - Sealdah Local,Bangaon,Sealdah,03:45,05:51,126,77,Bangaon Line,Sealdah,DOWN
31110,Bangaon - Sealdah Local,Bangaon,Sealdah,04:01,06:05,124,77,Bangaon Line,Sealdah,DOWN
31112,Bangaon - Sealdah Local,Bangaon,Sealdah,04:16,06:17,121,77,Bangaon Line,Sealdah,DOWN
31114,Bangaon - Sealdah Local,Bangaon,Sealdah,04:29,06:37,128,77,Bangaon Line,Sealdah,DOWN
31116,Bangaon - Sealdah Local,Bangaon,Sealdah,04:43,06:50,127,77,Bangaon Line,Sealdah,DOWN
31118,Bangaon - Sealdah Local,Bangaon,Sealdah,05:00,07:02,122,77,Bangaon Line,Sealdah,DOWN
31120,Bangaon - Sealdah Local,Bangaon,Sealdah,05:17,07:22,125,77,Bangaon Line,Sealdah,DOWN
31122,Bangaon - Sealdah Local,Bangaon,Sealdah,05:32,07:36,124,77,Bangaon Line,Sealdah,DOWN
31124,Bangaon - Sealdah Local,Bangaon,Sealdah,05:48,07:53,125,77,Bangaon Line,Sealdah,DOWN
31126,Bangaon - Sealdah Local,Bangaon,Sealdah,06:05,08:09,124,77,Bangaon Line,Sealdah,DOWN
31128,Bangaon - Sealdah Local,Bangaon,Sealdah,06:21,08:24,123,77,Bangaon Line,Sealdah,DOWN
31130,Bangaon - Sealdah Local,Bangaon,Sealdah,06:34,08:42,128,77,Bangaon Line,Sealdah,DOWN
31132,Bangaon - Sealdah Local,Bangaon,Sealdah,06:47,08:55,128,77,Bangaon Line,Sealdah,DOWN
31134,Bangaon - Sealdah Local,Bangaon,Sealdah,07:01,09:07,126,77,Bangaon Line,Sealdah,DOWN
31136,Bangaon - Sealdah Local,Bangaon,Sealdah,07:14,09:16,122,77,Bangaon Line,Sealdah,DOWN
31138,Bangaon - Sealdah Local,Bangaon,Sealdah,07:29,09:38,129,77,Bangaon Line,Sealdah,DOWN
31140,Bangaon - Sealdah Local,Bangaon,Sealdah,07:46,09:51,125,77,Bangaon Line,Sealdah,DOWN
31142,Bangaon - Sealdah Local,Bangaon,Sealdah,08:01,10:04,123,77,Bangaon Line,Sealdah,DOWN
31144,Bangaon - Sealdah Local,Bangaon,Sealdah,08:15,10:24,129,77,Bangaon Line,Sealdah,DOWN
31146,Bangaon - Sealdah Local,Bangaon,Sealdah,08:30,10:32,122,77,Bangaon Line,Sealdah,DOWN
31148,Bangaon - Sealdah Local,Bangaon,Sealdah,08:44,10:47,123,77,Bangaon Line,Sealdah,DOWN
31150,Bangaon - Sealdah Local,Bangaon,Sealdah,08:58,11:06,128,77,Bangaon Line,Sealdah,DOWN
31152,Bangaon - Sealdah Local,Bangaon,Sealdah,09:12,11:18,126,77,Bangaon Line,Sealdah,DOWN
31154,Bangaon - Sealdah Local,Bangaon,Sealdah,09:25,11:31,126,77,Bangaon Line,Sealdah,DOWN
31156,Bangaon - Sealdah Local,Bangaon,Sealdah,09:42,11:51,129,77,Bangaon Line,Sealdah,DOWN
31158,Bangaon - Sealdah Local,Bangaon,Sealdah,09:58,12:00,122,77,Bangaon Line,Sealdah,DOWN
31160,Bangaon - Sealdah Local,Bangaon,Sealdah,10:12,12:17,125,77,Bangaon Line,Sealdah,DOWN
31162,Bangaon - Sealdah Local,Bangaon,Sealdah,10:25,12:33,128,77,Bangaon Line,Sealdah,DOWN
31164,Bangaon - Sealdah Local,Bangaon,Sealdah,10:41,12:48,127,77,Bangaon Line,Sealdah,DOWN
31166,Bangaon - Sealdah Local,Bangaon,Sealdah,10:58,13:00,122,77,Bangaon Line,Sealdah,DOWN
31168,Bangaon - Sealdah Local,Bangaon,Sealdah,11:14,13:20,126,77,Bangaon Line,Sealdah,DOWN
31170,Bangaon - Sealdah Local,Bangaon,Sealdah,11:28,13:36,128,77,Bangaon Line,Sealdah,DOWN
31172,Bangaon - Sealdah Local,Bangaon,Sealdah,11:41,13:50,129,77,Bangaon Line,Sealdah,DOWN
31174,Bangaon - Sealdah Local,Bangaon,Sealdah,11:57,14:00,123,77,Bangaon Line,Sealdah,DOWN
31176,Bangaon - Sealdah Local,Bangaon,Sealdah,12:12,14:15,123,77,Bangaon Line,Sealdah,DOWN
31178,Bangaon - Sealdah Local,Bangaon,Sealdah,12:29,14:36,127,77,Bangaon Line,Sealdah,DOWN
31180,Bangaon - Sealdah Local,Bangaon,Sealdah,12:43,14:44,121,77,Bangaon Line,Sealdah,DOWN
31182,Bangaon - Sealdah Local,Bangaon,Sealdah,13:00,15:09,129,77,Bangaon Line,Sealdah,DOWN
31184,Bangaon - Sealdah Local,Bangaon,Sealdah,13:13,15:18,125,77,Bangaon Line,Sealdah,DOWN
31186,Bangaon - Sealdah Local,Bangaon,Sealdah,13:27,15:30,123,77,Bangaon Line,Sealdah,DOWN
31188,Bangaon - Sealdah Local,Bangaon,Sealdah,13:41,15:45,124,77,Bangaon Line,Sealdah,DOWN
31190,Bangaon - Sealdah Local,Bangaon,Sealdah,13:56,16:05,129,77,Bangaon Line,Sealdah,DOWN
31192,Bangaon - Sealdah Local,Bangaon,Sealdah,14:11,16:13,122,77,Bangaon Line,Sealdah,DOWN
31194,Bangaon - Sealdah Local,Bangaon,Sealdah,14:26,16:30,124,77,Bangaon Line,Sealdah,DOWN
31196,Bangaon - Sealdah Local,Bangaon,Sealdah,14:41,16:46,125,77,Bangaon Line,Sealdah,DOWN
31198,Bangaon - Sealdah Local,Bangaon,Sealdah,14:58,17:03,125,77,Bangaon Line,Sealdah,DOWN
31200,Bangaon - Sealdah Local,Bangaon,Sealdah,15:12,17:21,129,77,Bangaon Line,Sealdah,DOWN
31202,Bangaon - Sealdah Local,Bangaon,Sealdah,15:29,17:38,129,77,Bangaon Line,Sealdah,DOWN
31204,Bangaon - Sealdah Local,Bangaon,Sealdah,15:42,17:45,123,77,Bangaon Line,Sealdah,DOWN
31206,Bangaon - Sealdah Local,Bangaon,Sealdah,15:56,18:02,126,77,Bangaon Line,Sealdah,DOWN
31208,Bangaon - Sealdah Local,Bangaon,Sealdah,16:10,18:11,121,77,Bangaon Line,Sealdah,DOWN
31210,Bangaon - Sealdah Local,Bangaon,Sealdah,16:27,18:29,122,77,Bangaon Line,Sealdah,DOWN
31212,Bangaon - Sealdah Local,Bangaon,Sealdah,16:40,18:45,125,77,Bangaon Line,Sealdah,DOWN
31214,Bangaon - Sealdah Local,Bangaon,Sealdah,16:53,19:00,127,77,Bangaon Line,Sealdah,DOWN
31216,Bangaon - Sealdah Local,Bangaon,Sealdah,17:07,19:08,121,77,Bangaon Line,Sealdah,DOWN
31218,Bangaon - Sealdah Local,Bangaon,Sealdah,17:24,19:33,129,77,Bangaon Line,Sealdah,DOWN
31220,Bangaon - Sealdah Local,Bangaon,Sealdah,17:40,19:45,125,77,Bangaon Line,Sealdah,DOWN
31222,Bangaon - Sealdah Local,Bangaon,Sealdah,17:55,19:59,124,77,Bangaon Line,Sealdah,DOWN
31224,Bangaon - Sealdah Local,Bangaon,Sealdah,18:11,20:16,125,77,Bangaon Line,Sealdah,DOWN
31226,Bangaon - Sealdah Local,Bangaon,Sealdah,18:27,20:29,122,77,Bangaon Line,Sealdah,DOWN
31228,Bangaon - Sealdah Local,Bangaon,Sealdah,18:43,20:46,123,77,Bangaon Line,Sealdah,DOWN
31230,Bangaon - Sealdah Local,Bangaon,Sealdah,18:56,21:03,127,77,Bangaon Line,Sealdah,DOWN
31232,Bangaon - Sealdah Local,Bangaon,Sealdah,19:12,21:20,128,77,Bangaon Line,Sealdah,DOWN
31234,Bangaon - Sealdah Local,Bangaon,Sealdah,19:28,21:34,126,77,Bangaon Line,Sealdah,DOWN
31236,Bangaon - Sealdah Local,Bangaon,Sealdah,19:42,21:45,123,77,Bangaon Line,Sealdah,DOWN
31238,Bangaon - Sealdah Local,Bangaon,Sealdah,19:59,22:05,126,77,Bangaon Line,Sealdah,DOWN
31240,Bangaon - Sealdah Local,Bangaon,Sealdah,20:14,22:21,127,77,Bangaon Line,Sealdah,DOWN
31242,Bangaon - Sealdah Local,Bangaon,Sealdah,20:29,22:35,126,77,Bangaon Line,Sealdah,DOWN
31244,Bangaon - Sealdah Local,Bangaon,Sealdah,20:43,22:52,129,77,Bangaon Line,Sealdah,DOWN
31246,Bangaon - Sealdah Local,Bangaon,Sealdah,21:00,23:06,126,77,Bangaon Line,Sealdah,DOWN
31248,Bangaon - Sealdah Local,Bangaon,Sealdah,21:13,23:21,128,77,Bangaon Line,Sealdah,DOWN
31250,Bangaon - Sealdah Local,Bangaon,Sealdah,21:27,23:32,125,77,Bangaon Line,Sealdah,DOWN
31252,Bangaon - Sealdah Local,Bangaon,Sealdah,21:40,23:44,124,77,Bangaon Line,Sealdah,DOWN
31254,Bangaon - Sealdah Local,Bangaon,Sealdah,21:56,23:58,122,77,Bangaon Line,Sealdah,DOWN
31256,Bangaon - Sealdah Local,Bangaon,Sealdah,22:10,00:15,125,77,Bangaon Line,Sealdah,DOWN
31258,Bangaon - Sealdah Local,Bangaon,Sealdah,22:23,00:30,127,77,Bangaon Line,Sealdah,DOWN
31260,Bangaon - Sealdah Local,Bangaon,Sealdah,22:39,00:42,123,77,Bangaon Line,Sealdah,DOWN
31262,Bangaon - Sealdah Local,Bangaon,Sealdah,22:53,00:59,126,77,Bangaon Line,Sealdah,DOWN
31264,Bangaon - Sealdah Local,Bangaon,Sealdah,23:08,01:11,123,77,Bangaon Line,Sealdah,DOWN
31266,Bangaon - Sealdah Local,Bangaon,Sealdah,23:22,01:31,129,77,Bangaon Line,Sealdah,DOWN
31268,Bangaon - Sealdah Local,Bangaon,Sealdah,23:38,01:46,128,77,Bangaon Line,Sealdah,DOWN
31270,Bangaon - Sealdah Local,Bangaon,Sealdah,23:54,02:02,128,77,Bangaon Line,Sealdah,DOWN
31102,Barrackpore - Sealdah Local,Barrackpore,Sealdah,03:00,03:38,38,22,Main Line,Sealdah,DOWN
31104,Barrackpore - Sealdah Local,Barrackpore,Sealdah,03:16,04:00,44,22,Main Line,Sealdah,DOWN
31106,Barrackpore - Sealdah Local,Barrackpore,Sealdah,03:29,04:05,36,22,Main Line,Sealdah,DOWN
31108,Barrackpore - Sealdah Local,Barrackpore,Sealdah,03:44,04:26,42,22,Main Line,Sealdah,DOWN
31110,Barrackpore - Sealdah Local,Barrackpore,Sealdah,03:57,04:34,37,22,Main Line,Sealdah,DOWN
31112,Barrackpore - Sealdah Local,Barrackpore,Sealdah,04:11,04:53,42,22,Main Line,Sealdah,DOWN
31114,Barrackpore - Sealdah Local,Barrackpore,Sealdah,04:26,05:02,36,22,Main Line,Sealdah,DOWN
31116,Barrackpore - Sealdah Local,Barrackpore,Sealdah,04:41,05:24,43,22,Main Line,Sealdah,DOWN
31118,Barrackpore - Sealdah Local,Barrackpore,Sealdah,04:56,05:35,39,22,Main Line,Sealdah,DOWN
31120,Barrackpore - Sealdah Local,Barrackpore,Sealdah,05:12,05:56,44,22,Main Line,Sealdah,DOWN
31122,Barrackpore - Sealdah Local,Barrackpore,Sealdah,05:27,06:09,42,22,Main Line,Sealdah,DOWN
31124,Barrackpore - Sealdah Local,Barrackpore,Sealdah,05:43,06:25,42,22,Main Line,Sealdah,DOWN
31126,Barrackpore - Sealdah Local,Barrackpore,Sealdah,05:57,06:37,40,22,Main Line,Sealdah,DOWN
31128,Barrackpore - Sealdah Local,Barrackpore,Sealdah,06:10,06:47,37,22,Main Line,Sealdah,DOWN
31130,Barrackpore - Sealdah Local,Barrackpore,Sealdah,06:24,07:04,40,22,Main Line,Sealdah,DOWN
31132,Barrackpore - Sealdah Local,Barrackpore,Sealdah,06:37,07:19,42,22,Main Line,Sealdah,DOWN
31134,Barrackpore - Sealdah Local,Barrackpore,Sealdah,06:51,07:33,42,22,Main Line,Sealdah,DOWN
31136,Barrackpore - Sealdah Local,Barrackpore,Sealdah,07:05,07:46,41,22,Main Line,Sealdah,DOWN
31138,Barrackpore - Sealdah Local,Barrackpore,Sealdah,07:20,07:57,37,22,Main Line,Sealdah,DOWN
31140,Barrackpore - Sealdah Local,Barrackpore,Sealdah,07:33,08:13,40,22,Main Line,Sealdah,DOWN
31142,Barrackpore - Sealdah Local,Barrackpore,Sealdah,07:46,08:27,41,22,Main Line,Sealdah,DOWN
31144,Barrackpore - Sealdah Local,Barrackpore,Sealdah,08:02,08:39,37,22,Main Line,Sealdah,DOWN
31146,Barrackpore - Sealdah Local,Barrackpore,Sealdah,08:17,08:54,37,22,Main Line,Sealdah,DOWN
31148,Barrackpore - Sealdah Local,Barrackpore,Sealdah,08:31,09:13,42,22,Main Line,Sealdah,DOWN
31150,Barrackpore - Sealdah Local,Barrackpore,Sealdah,08:45,09:29,44,22,Main Line,Sealdah,DOWN
31152,Barrackpore - Sealdah Local,Barrackpore,Sealdah,09:01,09:45,44,22,Main Line,Sealdah,DOWN
31154,Barrackpore - Sealdah Local,Barrackpore,Sealdah,09:18,09:55,37,22,Main Line,Sealdah,DOWN
31156,Barrackpore - Sealdah Local,Barrackpore,Sealdah,09:34,10:11,37,22,Main Line,Sealdah,DOWN
31158,Barrackpore - Sealdah Local,Barrackpore,Sealdah,09:47,10:31,44,22,Main Line,Sealdah,DOWN
31160,Barrackpore - Sealdah Local,Barrackpore,Sealdah,10:02,10:43,41,22,Main Line,Sealdah,DOWN
31162,Barrackpore - Sealdah Local,Barrackpore,Sealdah,10:15,10:51,36,22,Main Line,Sealdah,DOWN
31164,Barrackpore - Sealdah Local,Barrackpore,Sealdah,10:31,11:13,42,22,Main Line,Sealdah,DOWN
31166,Barrackpore - Sealdah Local,Barrackpore,Sealdah,10:46,11:23,37,22,Main Line,Sealdah,DOWN
31168,Barrackpore - Sealdah Local,Barrackpore,Sealdah,11:02,11:41,39,22,Main Line,Sealdah,DOWN
31170,Barrackpore - Sealdah Local,Barrackpore,Sealdah,11:19,12:03,44,22,Main Line,Sealdah,DOWN
31172,Barrackpore - Sealdah Local,Barrackpore,Sealdah,11:36,12:18,42,22,Main Line,Sealdah,DOWN
31174,Barrackpore - Sealdah Local,Barrackpore,Sealdah,11:50,12:28,38,22,Main Line,Sealdah,DOWN
31176,Barrackpore - Sealdah Local,Barrackpore,Sealdah,12:04,12:44,40,22,Main Line,Sealdah,DOWN
31178,Barrackpore - Sealdah Local,Barrackpore,Sealdah,12:19,13:02,43,22,Main Line,Sealdah,DOWN
31180,Barrackpore - Sealdah Local,Barrackpore,Sealdah,12:34,13:11,37,22,Main Line,Sealdah,DOWN
31182,Barrackpore - Sealdah Local,Barrackpore,Sealdah,12:48,13:30,42,22,Main Line,Sealdah,DOWN
31184,Barrackpore - Sealdah Local,Barrackpore,Sealdah,13:02,13:44,42,22,Main Line,Sealdah,DOWN
31186,Barrackpore - Sealdah Local,Barrackpore,Sealdah,13:17,14:00,43,22,Main Line,Sealdah,DOWN
31188,Barrackpore - Sealdah Local,Barrackpore,Sealdah,13:32,14:13,41,22,Main Line,Sealdah,DOWN
31190,Barrackpore - Sealdah Local,Barrackpore,Sealdah,13:45,14:24,39,22,Main Line,Sealdah,DOWN
31192,Barrackpore - Sealdah Local,Barrackpore,Sealdah,14:00,14:39,39,22,Main Line,Sealdah,DOWN
31194,Barrackpore - Sealdah Local,Barrackpore,Sealdah,14:16,14:53,37,22,Main Line,Sealdah,DOWN
31196,Barrackpore - Sealdah Local,Barrackpore,Sealdah,14:32,15:12,40,22,Main Line,Sealdah,DOWN
31198,Barrackpore - Sealdah Local,Barrackpore,Sealdah,14:46,15:28,42,22,Main Line,Sealdah,DOWN
31200,Barrackpore - Sealdah Local,Barrackpore,Sealdah,14:59,15:41,42,22,Main Line,Sealdah,DOWN
31202,Barrackpore - Sealdah Local,Barrackpore,Sealdah,15:14,15:57,43,22,Main Line,Sealdah,DOWN
31204,Barrackpore - Sealdah Local,Barrackpore,Sealdah,15:29,16:11,42,22,Main Line,Sealdah,DOWN
31206,Barrackpore - Sealdah Local,Barrackpore,Sealdah,15:44,16:22,38,22,Main Line,Sealdah,DOWN
31208,Barrackpore - Sealdah Local,Barrackpore,Sealdah,16:01,16:42,41,22,Main Line,Sealdah,DOWN
31210,Barrackpore - Sealdah Local,Barrackpore,Sealdah,16:16,16:55,39,22,Main Line,Sealdah,DOWN
31212,Barrackpore - Sealdah Local,Barrackpore,Sealdah,16:33,17:14,41,22,Main Line,Sealdah,DOWN
31214,Barrackpore - Sealdah Local,Barrackpore,Sealdah,16:49,17:31,42,22,Main Line,Sealdah,DOWN
31216,Barrackpore - Sealdah Local,Barrackpore,Sealdah,17:03,17:43,40,22,Main Line,Sealdah,DOWN
31218,Barrackpore - Sealdah Local,Barrackpore,Sealdah,17:18,17:57,39,22,Main Line,Sealdah,DOWN
31220,Barrackpore - Sealdah Local,Barrackpore,Sealdah,17:34,18:16,42,22,Main Line,Sealdah,DOWN
31222,Barrackpore - Sealdah Local,Barrackpore,Sealdah,17:49,18:31,42,22,Main Line,Sealdah,DOWN
31224,Barrackpore - Sealdah Local,Barrackpore,Sealdah,18:04,18:41,37,22,Main Line,Sealdah,DOWN
31226,Barrackpore - Sealdah Local,Barrackpore,Sealdah,18:19,18:58,39,22,Main Line,Sealdah,DOWN
31228,Barrackpore - Sealdah Local,Barrackpore,Sealdah,18:36,19:20,44,22,Main Line,Sealdah,DOWN
31230,Barrackpore - Sealdah Local,Barrackpore,Sealdah,18:53,19:37,44,22,Main Line,Sealdah,DOWN
31232,Barrackpore - Sealdah Local,Barrackpore,Sealdah,19:07,19:50,43,22,Main Line,Sealdah,DOWN
31234,Barrackpore - Sealdah Local,Barrackpore,Sealdah,19:20,20:03,43,22,Main Line,Sealdah,DOWN
31236,Barrackpore - Sealdah Local,Barrackpore,Sealdah,19:34,20:11,37,22,Main Line,Sealdah,DOWN
31238,Barrackpore - Sealdah Local,Barrackpore,Sealdah,19:49,20:32,43,22,Main Line,Sealdah,DOWN
31240,Barrackpore - Sealdah Local,Barrackpore,Sealdah,20:05,20:45,40,22,Main Line,Sealdah,DOWN
31242,Barrackpore - Sealdah Local,Barrackpore,Sealdah,20:19,20:59,40,22,Main Line,Sealdah,DOWN
31244,Barrackpore - Sealdah Local,Barrackpore,Sealdah,20:33,21:15,42,22,Main Line,Sealdah,DOWN
31246,Barrackpore - Sealdah Local,Barrackpore,Sealdah,20:47,21:24,37,22,Main Line,Sealdah,DOWN
31248,Barrackpore - Sealdah Local,Barrackpore,Sealdah,21:03,21:46,43,22,Main Line,Sealdah,DOWN
31250,Barrackpore - Sealdah Local,Barrackpore,Sealdah,21:19,22:01,42,22,Main Line,Sealdah,DOWN
31252,Barrackpore - Sealdah Local,Barrackpore,Sealdah,21:36,22:20,44,22,Main Line,Sealdah,DOWN
31254,Barrackpore - Sealdah Local,Barrackpore,Sealdah,21:53,22:37,44,22,Main Line,Sealdah,DOWN
31256,Barrackpore - Sealdah Local,Barrackpore,Sealdah,22:09,22:50,41,22,Main Line,Sealdah,DOWN
31258,Barrackpore - Sealdah Local,Barrackpore,Sealdah,22:22,22:59,37,22,Main Line,Sealdah,DOWN
31260,Barrackpore - Sealdah Local,Barrackpore,Sealdah,22:39,23:18,39,22,Main Line,Sealdah,DOWN
31262,Barrackpore - Sealdah Local,Barrackpore,Sealdah,22:52,23:30,38,22,Main Line,Sealdah,DOWN
31264,Barrackpore - Sealdah Local,Barrackpore,Sealdah,23:07,23:43,36,22,Main Line,Sealdah,DOWN
31266,Barrackpore - Sealdah Local,Barrackpore,Sealdah,23:24,00:06,42,22,Main Line,Sealdah,DOWN
31268,Barrackpore - Sealdah Local,Barrackpore,Sealdah,23:41,00:23,42,22,Main Line,Sealdah,DOWN
31102,Baruipur - Sealdah Local,Baruipur,Sealdah,03:00,03:52,52,25,South Line,Sealdah,DOWN
31104,Baruipur - Sealdah Local,Baruipur,Sealdah,03:11,04:05,54,25,South Line,Sealdah,DOWN
31106,Baruipur - Sealdah Local,Baruipur,Sealdah,03:24,04:10,46,25,South Line,Sealdah,DOWN
31108,Baruipur - Sealdah Local,Baruipur,Sealdah,03:36,04:24,48,25,South Line,Sealdah,DOWN
31110,Baruipur - Sealdah Local,Baruipur,Sealdah,03:50,04:40,50,25,South Line,Sealdah,DOWN
31112,Baruipur - Sealdah Local,Baruipur,Sealdah,04:00,04:52,52,25,South Line,Sealdah,DOWN
31114,Baruipur - Sealdah Local,Baruipur,Sealdah,04:14,05:08,54,25,South Line,Sealdah,DOWN
31116,Baruipur - Sealdah Local,Baruipur,Sealdah,04:25,05:11,46,25,South Line,Sealdah,DOWN
31118,Baruipur - Sealdah Local,Baruipur,Sealdah,04:39,05:28,49,25,South Line,Sealdah,DOWN
31120,Baruipur - Sealdah Local,Baruipur,Sealdah,04:50,05:36,46,25,South Line,Sealdah,DOWN
31122,Baruipur - Sealdah Local,Baruipur,Sealdah,05:01,05:47,46,25,South Line,Sealdah,DOWN
31124,Baruipur - Sealdah Local,Baruipur,Sealdah,05:12,05:58,46,25,South Line,Sealdah,DOWN
31126,Baruipur - Sealdah Local,Baruipur,Sealdah,05:25,06:14,49,25,South Line,Sealdah,DOWN
31128,Baruipur - Sealdah Local,Baruipur,Sealdah,05:37,06:28,51,25,South Line,Sealdah,DOWN
31130,Baruipur - Sealdah Local,Baruipur,Sealdah,05:49,06:43,54,25,South Line,Sealdah,DOWN
31132,Baruipur - Sealdah Local,Baruipur,Sealdah,06:02,06:49,47,25,South Line,Sealdah,DOWN
31134,Baruipur - Sealdah Local,Baruipur,Sealdah,06:15,07:04,49,25,South Line,Sealdah,DOWN
31136,Baruipur - Sealdah Local,Baruipur,Sealdah,06:25,07:18,53,25,South Line,Sealdah,DOWN
31138,Baruipur - Sealdah Local,Baruipur,Sealdah,06:37,07:30,53,25,South Line,Sealdah,DOWN
31140,Baruipur - Sealdah Local,Baruipur,Sealdah,06:51,07:44,53,25,South Line,Sealdah,DOWN
31142,Baruipur - Sealdah Local,Baruipur,Sealdah,07:02,07:56,54,25,South Line,Sealdah,DOWN
31144,Baruipur - Sealdah Local,Baruipur,Sealdah,07:16,08:07,51,25,South Line,Sealdah,DOWN
31146,Baruipur - Sealdah Local,Baruipur,Sealdah,07:28,08:18,50,25,South Line,Sealdah,DOWN
31148,Baruipur - Sealdah Local,Baruipur,Sealdah,07:39,08:29,50,25,South Line,Sealdah,DOWN
31150,Baruipur - Sealdah Local,Baruipur,Sealdah,07:49,08:41,52,25,South Line,Sealdah,DOWN
31152,Baruipur - Sealdah Local,Baruipur,Sealdah,07:59,08:47,48,25,South Line,Sealdah,DOWN
31154,Baruipur - Sealdah Local,Baruipur,Sealdah,08:09,08:58,49,25,South Line,Sealdah,DOWN
31156,Baruipur - Sealdah Local,Baruipur,Sealdah,08:23,09:12,49,25,South Line,Sealdah,DOWN
31158,Baruipur - Sealdah Local,Baruipur,Sealdah,08:34,09:24,50,25,South Line,Sealdah,DOWN
31160,Baruipur - Sealdah Local,Baruipur,Sealdah,08:45,09:39,54,25,South Line,Sealdah,DOWN
31162,Baruipur - Sealdah Local,Baruipur,Sealdah,08:58,09:44,46,25,South Line,Sealdah,DOWN
31164,Baruipur - Sealdah Local,Baruipur,Sealdah,09:08,09:56,48,25,South Line,Sealdah,DOWN
31166,Baruipur - Sealdah Local,Baruipur,Sealdah,09:21,10:07,46,25,South Line,Sealdah,DOWN
31168,Baruipur - Sealdah Local,Baruipur,Sealdah,09:32,10:22,50,25,South Line,Sealdah,DOWN
31170,Baruipur - Sealdah Local,Baruipur,Sealdah,09:43,10:33,50,25,South Line,Sealdah,DOWN
31172,Baruipur - Sealdah Local,Baruipur,Sealdah,09:57,10:49,52,25,South Line,Sealdah,DOWN
31174,Baruipur - Sealdah Local,Baruipur,Sealdah,10:09,11:00,51,25,South Line,Sealdah,DOWN
31176,Baruipur - Sealdah Local,Baruipur,Sealdah,10:22,11:12,50,25,South Line,Sealdah,DOWN
31178,Baruipur - Sealdah Local,Baruipur,Sealdah,10:35,11:28,53,25,South Line,Sealdah,DOWN
31180,Baruipur - Sealdah Local,Baruipur,Sealdah,10:46,11:40,54,25,South Line,Sealdah,DOWN
31182,Baruipur - Sealdah Local,Baruipur,Sealdah,10:58,11:50,52,25,South Line,Sealdah,DOWN
31184,Baruipur - Sealdah Local,Baruipur,Sealdah,11:12,11:59,47,25,South Line,Sealdah,DOWN
31186,Baruipur - Sealdah Local,Baruipur,Sealdah,11:26,12:20,54,25,South Line,Sealdah,DOWN
31188,Baruipur - Sealdah Local,Baruipur,Sealdah,11:36,12:30,54,25,South Line,Sealdah,DOWN
31190,Baruipur - Sealdah Local,Baruipur,Sealdah,11:48,12:38,50,25,South Line,Sealdah,DOWN
31192,Baruipur - Sealdah Local,Baruipur,Sealdah,12:02,12:49,47,25,South Line,Sealdah,DOWN
31194,Baruipur - Sealdah Local,Baruipur,Sealdah,12:14,13:01,47,25,South Line,Sealdah,DOWN
31196,Baruipur - Sealdah Local,Baruipur,Sealdah,12:27,13:17,50,25,South Line,Sealdah,DOWN
31198,Baruipur - Sealdah Local,Baruipur,Sealdah,12:39,13:29,50,25,South Line,Sealdah,DOWN
31200,Baruipur - Sealdah Local,Baruipur,Sealdah,12:51,13:41,50,25,South Line,Sealdah,DOWN
31202,Baruipur - Sealdah Local,Baruipur,Sealdah,13:03,13:51,48,25,South Line,Sealdah,DOWN
31204,Baruipur - Sealdah Local,Baruipur,Sealdah,13:14,14:03,49,25,South Line,Sealdah,DOWN
31206,Baruipur - Sealdah Local,Baruipur,Sealdah,13:28,14:20,52,25,South Line,Sealdah,DOWN
31208,Baruipur - Sealdah Local,Baruipur,Sealdah,13:38,14:26,48,25,South Line,Sealdah,DOWN
31210,Baruipur - Sealdah Local,Baruipur,Sealdah,13:50,14:43,53,25,South Line,Sealdah,DOWN
31212,Baruipur - Sealdah Local,Baruipur,Sealdah,14:00,14:50,50,25,South Line,Sealdah,DOWN
31214,Baruipur - Sealdah Local,Baruipur,Sealdah,14:12,15:04,52,25,South Line,Sealdah,DOWN
31216,Baruipur - Sealdah Local,Baruipur,Sealdah,14:25,15:11,46,25,South Line,Sealdah,DOWN
31218,Baruipur - Sealdah Local,Baruipur,Sealdah,14:38,15:27,49,25,South Line,Sealdah,DOWN
31220,Baruipur - Sealdah Local,Baruipur,Sealdah,14:52,15:41,49,25,South Line,Sealdah,DOWN
31222,Baruipur - Sealdah Local,Baruipur,Sealdah,15:04,15:57,53,25,South Line,Sealdah,DOWN
31224,Baruipur - Sealdah Local,Baruipur,Sealdah,15:18,16:12,54,25,South Line,Sealdah,DOWN
31226,Baruipur - Sealdah Local,Baruipur,Sealdah,15:30,16:18,48,25,South Line,Sealdah,DOWN
31228,Baruipur - Sealdah Local,Baruipur,Sealdah,15:42,16:30,48,25,South Line,Sealdah,DOWN
31230,Baruipur - Sealdah Local,Baruipur,Sealdah,15:56,16:43,47,25,South Line,Sealdah,DOWN
31232,Baruipur - Sealdah Local,Baruipur,Sealdah,16:08,16:56,48,25,South Line,Sealdah,DOWN
31234,Baruipur - Sealdah Local,Baruipur,Sealdah,16:21,17:15,54,25,South Line,Sealdah,DOWN
31236,Baruipur - Sealdah Local,Baruipur,Sealdah,16:33,17:24,51,25,South Line,Sealdah,DOWN
31238,Baruipur - Sealdah Local,Baruipur,Sealdah,16:44,17:33,49,25,South Line,Sealdah,DOWN
31240,Baruipur - Sealdah Local,Baruipur,Sealdah,16:54,17:43,49,25,South Line,Sealdah,DOWN
31242,Baruipur - Sealdah Local,Baruipur,Sealdah,17:06,17:58,52,25,South Line,Sealdah,DOWN
31244,Baruipur - Sealdah Local,Baruipur,Sealdah,17:18,18:09,51,25,South Line,Sealdah,DOWN
31246,Baruipur - Sealdah Local,Baruipur,Sealdah,17:30,18:20,50,25,South Line,Sealdah,DOWN
31248,Baruipur - Sealdah Local,Baruipur,Sealdah,17:42,18:29,47,25,South Line,Sealdah,DOWN
31250,Baruipur - Sealdah Local,Baruipur,Sealdah,17:55,18:41,46,25,South Line,Sealdah,DOWN
31252,Baruipur - Sealdah Local,Baruipur,Sealdah,18:08,18:55,47,25,South Line,Sealdah,DOWN
31254,Baruipur - Sealdah Local,Baruipur,Sealdah,18:22,19:11,49,25,South Line,Sealdah,DOWN
31256,Baruipur - Sealdah Local,Baruipur,Sealdah,18:35,19:22,47,25,South Line,Sealdah,DOWN
31258,Baruipur - Sealdah Local,Baruipur,Sealdah,18:49,19:43,54,25,South Line,Sealdah,DOWN
31260,Baruipur - Sealdah Local,Baruipur,Sealdah,19:02,19:54,52,25,South Line,Sealdah,DOWN
31262,Baruipur - Sealdah Local,Baruipur,Sealdah,19:14,20:02,48,25,South Line,Sealdah,DOWN
31264,Baruipur - Sealdah Local,Baruipur,Sealdah,19:24,20:13,49,25,South Line,Sealdah,DOWN
31266,Baruipur - Sealdah Local,Baruipur,Sealdah,19:35,20:27,52,25,South Line,Sealdah,DOWN
31268,Baruipur - Sealdah Local,Baruipur,Sealdah,19:47,20:40,53,25,South Line,Sealdah,DOWN
31270,Baruipur - Sealdah Local,Baruipur,Sealdah,20:01,20:52,51,25,South Line,Sealdah,DOWN
31272,Baruipur - Sealdah Local,Baruipur,Sealdah,20:12,20:59,47,25,South Line,Sealdah,DOWN
31274,Baruipur - Sealdah Local,Baruipur,Sealdah,20:23,21:14,51,25,South Line,Sealdah,DOWN
31276,Baruipur - Sealdah Local,Baruipur,Sealdah,20:36,21:27,51,25,South Line,Sealdah,DOWN
31278,Baruipur - Sealdah Local,Baruipur,Sealdah,20:47,21:33,46,25,South Line,Sealdah,DOWN
31280,Baruipur - Sealdah Local,Baruipur,Sealdah,20:57,21:47,50,25,South Line,Sealdah,DOWN
31282,Baruipur - Sealdah Local,Baruipur,Sealdah,21:10,21:58,48,25,South Line,Sealdah,DOWN
31284,Baruipur - Sealdah Local,Baruipur,Sealdah,21:21,22:09,48,25,South Line,Sealdah,DOWN
31286,Baruipur - Sealdah Local,Baruipur,Sealdah,21:35,22:22,47,25,South Line,Sealdah,DOWN
31288,Baruipur - Sealdah Local,Baruipur,Sealdah,21:48,22:40,52,25,South Line,Sealdah,DOWN
31290,Baruipur - Sealdah Local,Baruipur,Sealdah,21:59,22:51,52,25,South Line,Sealdah,DOWN
31292,Baruipur - Sealdah Local,Baruipur,Sealdah,22:12,23:05,53,25,South Line,Sealdah,DOWN
31294,Baruipur - Sealdah Local,Baruipur,Sealdah,22:25,23:11,46,25,South Line,Sealdah,DOWN
31296,Baruipur - Sealdah Local,Baruipur,Sealdah,22:38,23:32,54,25,South Line,Sealdah,DOWN
31298,Baruipur - Sealdah Local,Baruipur,Sealdah,22:48,23:39,51,25,South Line,Sealdah,DOWN
31300,Baruipur - Sealdah Local,Baruipur,Sealdah,22:59,23:50,51,25,South Line,Sealdah,DOWN
31302,Baruipur - Sealdah Local,Baruipur,Sealdah,23:09,23:58,49,25,South Line,Sealdah,DOWN
31304,Baruipur - Sealdah Local,Baruipur,Sealdah,23:23,00:09,46,25,South Line,Sealdah,DOWN
31306,Baruipur - Sealdah Local,Baruipur,Sealdah,23:33,00:22,49,25,South Line,Sealdah,DOWN
31308,Baruipur - Sealdah Local,Baruipur,Sealdah,23:44,00:34,50,25,South Line,Sealdah,DOWN
31102,Budge Budge - Sealdah Local,Budge Budge,Sealdah,03:00,03:55,55,26,South Line,Sealdah,DOWN
31104,Budge Budge - Sealdah Local,Budge Budge,Sealdah,03:14,04:12,58,26,South Line,Sealdah,DOWN
31106,Budge Budge - Sealdah Local,Budge Budge,Sealdah,03:27,04:23,56,26,South Line,Sealdah,DOWN
31108,Budge Budge - Sealdah Local,Budge Budge,Sealdah,03:42,04:40,58,26,South Line,Sealdah,DOWN
31110,Budge Budge - Sealdah Local,Budge Budge,Sealdah,03:55,04:49,54,26,South Line,Sealdah,DOWN
31112,Budge Budge - Sealdah Local,Budge Budge,Sealdah,04:08,05:04,56,26,South Line,Sealdah,DOWN
31114,Budge Budge - Sealdah Local,Budge Budge,Sealdah,04:22,05:19,57,26,South Line,Sealdah,DOWN
31116,Budge Budge - Sealdah Local,Budge Budge,Sealdah,04:39,05:32,53,26,South Line,Sealdah,DOWN
31118,Budge Budge - Sealdah Local,Budge Budge,Sealdah,04:53,05:47,54,26,South Line,Sealdah,DOWN
31120,Budge Budge - Sealdah Local,Budge Budge,Sealdah,05:07,06:03,56,26,South Line,Sealdah,DOWN
31122,Budge Budge - Sealdah Local,Budge Budge,Sealdah,05:20,06:15,55,26,South Line,Sealdah,DOWN
31124,Budge Budge - Sealdah Local,Budge Budge,Sealdah,05:37,06:36,59,26,South Line,Sealdah,DOWN
31126,Budge Budge - Sealdah Local,Budge Budge,Sealdah,05:54,06:50,56,26,South Line,Sealdah,DOWN
31128,Budge Budge - Sealdah Local,Budge Budge,Sealdah,06:08,07:03,55,26,South Line,Sealdah,DOWN
31130,Budge Budge - Sealdah Local,Budge Budge,Sealdah,06:23,07:18,55,26,South Line,Sealdah,DOWN
31132,Budge Budge - Sealdah Local,Budge Budge,Sealdah,06:40,07:32,52,26,South Line,Sealdah,DOWN
31134,Budge Budge - Sealdah Local,Budge Budge,Sealdah,06:57,07:54,57,26,South Line,Sealdah,DOWN
31136,Budge Budge - Sealdah Local,Budge Budge,Sealdah,07:11,08:06,55,26,South Line,Sealdah,DOWN
31138,Budge Budge - Sealdah Local,Budge Budge,Sealdah,07:24,08:17,53,26,South Line,Sealdah,DOWN
31140,Budge Budge - Sealdah Local,Budge Budge,Sealdah,07:38,08:31,53,26,South Line,Sealdah,DOWN
31142,Budge Budge - Sealdah Local,Budge Budge,Sealdah,07:52,08:46,54,26,South Line,Sealdah,DOWN
31144,Budge Budge - Sealdah Local,Budge Budge,Sealdah,08:07,09:05,58,26,South Line,Sealdah,DOWN
31146,Budge Budge - Sealdah Local,Budge Budge,Sealdah,08:23,09:18,55,26,South Line,Sealdah,DOWN
31148,Budge Budge - Sealdah Local,Budge Budge,Sealdah,08:37,09:34,57,26,South Line,Sealdah,DOWN
31150,Budge Budge - Sealdah Local,Budge Budge,Sealdah,08:53,09:45,52,26,South Line,Sealdah,DOWN
31152,Budge Budge - Sealdah Local,Budge Budge,Sealdah,09:09,10:06,57,26,South Line,Sealdah,DOWN
31154,Budge Budge - Sealdah Local,Budge Budge,Sealdah,09:22,10:17,55,26,South Line,Sealdah,DOWN
31156,Budge Budge - Sealdah Local,Budge Budge,Sealdah,09:39,10:37,58,26,South Line,Sealdah,DOWN
31158,Budge Budge - Sealdah Local,Budge Budge,Sealdah,09:54,10:50,56,26,South Line,Sealdah,DOWN
31160,Budge Budge - Sealdah Local,Budge Budge,Sealdah,10:10,11:01,51,26,South Line,Sealdah,DOWN
31162,Budge Budge - Sealdah Local,Budge Budge,Sealdah,10:27,11:25,58,26,South Line,Sealdah,DOWN
31164,Budge Budge - Sealdah Local,Budge Budge,Sealdah,10:40,11:32,52,26,South Line,Sealdah,DOWN
31166,Budge Budge - Sealdah Local,Budge Budge,Sealdah,10:55,11:52,57,26,South Line,Sealdah,DOWN
31168,Budge Budge - Sealdah Local,Budge Budge,Sealdah,11:12,12:09,57,26,South Line,Sealdah,DOWN
31170,Budge Budge - Sealdah Local,Budge Budge,Sealdah,11:26,12:24,58,26,South Line,Sealdah,DOWN
31172,Budge Budge - Sealdah Local,Budge Budge,Sealdah,11:40,12:36,56,26,South Line,Sealdah,DOWN
31174,Budge Budge - Sealdah Local,Budge Budge,Sealdah,11:55,12:51,56,26,South Line,Sealdah,DOWN
31176,Budge Budge - Sealdah Local,Budge Budge,Sealdah,12:10,13:03,53,26,South Line,Sealdah,DOWN
31178,Budge Budge - Sealdah Local,Budge Budge,Sealdah,12:27,13:25,58,26,South Line,Sealdah,DOWN
31180,Budge Budge - Sealdah Local,Budge Budge,Sealdah,12:44,13:35,51,26,South Line,Sealdah,DOWN
31182,Budge Budge - Sealdah Local,Budge Budge,Sealdah,12:59,13:51,52,26,South Line,Sealdah,DOWN
31184,Budge Budge - Sealdah Local,Budge Budge,Sealdah,13:12,14:03,51,26,South Line,Sealdah,DOWN
31186,Budge Budge - Sealdah Local,Budge Budge,Sealdah,13:28,14:21,53,26,South Line,Sealdah,DOWN
31188,Budge Budge - Sealdah Local,Budge Budge,Sealdah,13:41,14:39,58,26,South Line,Sealdah,DOWN
31190,Budge Budge - Sealdah Local,Budge Budge,Sealdah,13:57,14:54,57,26,South Line,Sealdah,DOWN
31192,Budge Budge - Sealdah Local,Budge Budge,Sealdah,14:10,15:03,53,26,South Line,Sealdah,DOWN
31194,Budge Budge - Sealdah Local,Budge Budge,Sealdah,14:24,15:17,53,26,South Line,Sealdah,DOWN
31196,Budge Budge - Sealdah Local,Budge Budge,Sealdah,14:39,15:31,52,26,South Line,Sealdah,DOWN
31198,Budge Budge - Sealdah Local,Budge Budge,Sealdah,14:54,15:49,55,26,South Line,Sealdah,DOWN
31200,Budge Budge - Sealdah Local,Budge Budge,Sealdah,15:09,16:05,56,26,South Line,Sealdah,DOWN
31202,Budge Budge - Sealdah Local,Budge Budge,Sealdah,15:22,16:13,51,26,South Line,Sealdah,DOWN
31204,Budge Budge - Sealdah Local,Budge Budge,Sealdah,15:36,16:31,55,26,South Line,Sealdah,DOWN
31206,Budge Budge - Sealdah Local,Budge Budge,Sealdah,15:52,16:49,57,26,South Line,Sealdah,DOWN
31208,Budge Budge - Sealdah Local,Budge Budge,Sealdah,16:06,16:58,52,26,South Line,Sealdah,DOWN
31210,Budge Budge - Sealdah Local,Budge Budge,Sealdah,16:19,17:13,54,26,South Line,Sealdah,DOWN
31212,Budge Budge - Sealdah Local,Budge Budge,Sealdah,16:32,17:24,52,26,South Line,Sealdah,DOWN
31214,Budge Budge - Sealdah Local,Budge Budge,Sealdah,16:48,17:42,54,26,South Line,Sealdah,DOWN
31216,Budge Budge - Sealdah Local,Budge Budge,Sealdah,17:02,18:00,58,26,South Line,Sealdah,DOWN
31218,Budge Budge - Sealdah Local,Budge Budge,Sealdah,17:19,18:10,51,26,South Line,Sealdah,DOWN
31220,Budge Budge - Sealdah Local,Budge Budge,Sealdah,17:32,18:24,52,26,South Line,Sealdah,DOWN
31222,Budge Budge - Sealdah Local,Budge Budge,Sealdah,17:47,18:40,53,26,South Line,Sealdah,DOWN
31224,Budge Budge - Sealdah Local,Budge Budge,Sealdah,18:03,18:55,52,26,South Line,Sealdah,DOWN
31226,Budge Budge - Sealdah Local,Budge Budge,Sealdah,18:19,19:16,57,26,South Line,Sealdah,DOWN
31228,Budge Budge - Sealdah Local,Budge Budge,Sealdah,18:33,19:25,52,26,South Line,Sealdah,DOWN
31230,Budge Budge - Sealdah Local,Budge Budge,Sealdah,18:46,19:42,56,26,South Line,Sealdah,DOWN
31232,Budge Budge - Sealdah Local,Budge Budge,Sealdah,18:59,19:54,55,26,South Line,Sealdah,DOWN
31234,Budge Budge - Sealdah Local,Budge Budge,Sealdah,19:14,20:11,57,26,South Line,Sealdah,DOWN
31236,Budge Budge - Sealdah Local,Budge Budge,Sealdah,19:28,20:21,53,26,South Line,Sealdah,DOWN
31238,Budge Budge - Sealdah Local,Budge Budge,Sealdah,19:42,20:41,59,26,South Line,Sealdah,DOWN
31240,Budge Budge - Sealdah Local,Budge Budge,Sealdah,19:55,20:46,51,26,South Line,Sealdah,DOWN
31242,Budge Budge - Sealdah Local,Budge Budge,Sealdah,20:12,21:05,53,26,South Line,Sealdah,DOWN
31244,Budge Budge - Sealdah Local,Budge Budge,Sealdah,20:29,21:25,56,26,South Line,Sealdah,DOWN
31246,Budge Budge - Sealdah Local,Budge Budge,Sealdah,20:45,21:38,53,26,South Line,Sealdah,DOWN
31248,Budge Budge - Sealdah Local,Budge Budge,Sealdah,20:59,21:57,58,26,South Line,Sealdah,DOWN
31250,Budge Budge - Sealdah Local,Budge Budge,Sealdah,21:15,22:07,52,26,South Line,Sealdah,DOWN
31252,Budge Budge - Sealdah Local,Budge Budge,Sealdah,21:29,22:22,53,26,South Line,Sealdah,DOWN
31254,Budge Budge - Sealdah Local,Budge Budge,Sealdah,21:42,22:39,57,26,South Line,Sealdah,DOWN
31256,Budge Budge - Sealdah Local,Budge Budge,Sealdah,21:55,22:52,57,26,South Line,Sealdah,DOWN
31258,Budge Budge - Sealdah Local,Budge Budge,Sealdah,22:10,23:03,53,26,South Line,Sealdah,DOWN
31260,Budge Budge - Sealdah Local,Budge Budge,Sealdah,22:25,23:20,55,26,South Line,Sealdah,DOWN
31262,Budge Budge - Sealdah Local,Budge Budge,Sealdah,22:39,23:33,54,26,South Line,Sealdah,DOWN
31264,Budge Budge - Sealdah Local,Budge Budge,Sealdah,22:52,23:47,55,26,South Line,Sealdah,DOWN
31266,Budge Budge - Sealdah Local,Budge Budge,Sealdah,23:09,00:04,55,26,South Line,Sealdah,DOWN
31268,Budge Budge - Sealdah Local,Budge Budge,Sealdah,23:22,00:21,59,26,South Line,Sealdah,DOWN
31270,Budge Budge - Sealdah Local,Budge Budge,Sealdah,23:36,00:35,59,26,South Line,Sealdah,DOWN
31272,Budge Budge - Sealdah Local,Budge Budge,Sealdah,23:53,00:50,57,26,South Line,Sealdah,DOWN
31102,Canning - Sealdah Local,Canning,Sealdah,03:00,04:18,78,45,South Line,Sealdah,DOWN
31104,Canning - Sealdah Local,Canning,Sealdah,03:24,04:43,79,45,South Line,Sealdah,DOWN
31106,Canning - Sealdah Local,Canning,Sealdah,03:51,05:08,77,45,South Line,Sealdah,DOWN
31108,Canning - Sealdah Local,Canning,Sealdah,04:14,05:33,79,45,South Line,Sealdah,DOWN
31110,Canning - Sealdah Local,Canning,Sealdah,04:39,05:53,74,45,South Line,Sealdah,DOWN
31112,Canning - Sealdah Local,Canning,Sealdah,05:02,06:15,73,45,South Line,Sealdah,DOWN
31114,Canning - Sealdah Local,Canning,Sealdah,05:29,06:42,73,45,South Line,Sealdah,DOWN
31116,Canning - Sealdah Local,Canning,Sealdah,05:56,07:09,73,45,South Line,Sealdah,DOWN
31118,Canning - Sealdah Local,Canning,Sealdah,06:22,07:35,73,45,South Line,Sealdah,DOWN
31120,Canning - Sealdah Local,Canning,Sealdah,06:46,08:02,76,45,South Line,Sealdah,DOWN
31122,Canning - Sealdah Local,Canning,Sealdah,07:12,08:26,74,45,South Line,Sealdah,DOWN
31124,Canning - Sealdah Local,Canning,Sealdah,07:35,08:49,74,45,South Line,Sealdah,DOWN
31126,Canning - Sealdah Local,Canning,Sealdah,08:01,09:16,75,45,South Line,Sealdah,DOWN
31128,Canning - Sealdah Local,Canning,Sealdah,08:24,09:38,74,45,South Line,Sealdah,DOWN
31130,Canning - Sealdah Local,Canning,Sealdah,08:49,10:03,74,45,South Line,Sealdah,DOWN
31132,Canning - Sealdah Local,Canning,Sealdah,09:12,10:28,76,45,South Line,Sealdah,DOWN
31134,Canning - Sealdah Local,Canning,Sealdah,09:39,10:57,78,45,South Line,Sealdah,DOWN
31136,Canning - Sealdah Local,Canning,Sealdah,10:05,11:16,71,45,South Line,Sealdah,DOWN
31138,Canning - Sealdah Local,Canning,Sealdah,10:31,11:47,76,45,South Line,Sealdah,DOWN
31140,Canning - Sealdah Local,Canning,Sealdah,10:54,12:13,79,45,South Line,Sealdah,DOWN
31142,Canning - Sealdah Local,Canning,Sealdah,11:17,12:32,75,45,South Line,Sealdah,DOWN
31144,Canning - Sealdah Local,Canning,Sealdah,11:42,13:01,79,45,South Line,Sealdah,DOWN
31146,Canning - Sealdah Local,Canning,Sealdah,12:09,13:22,73,45,South Line,Sealdah,DOWN
31148,Canning - Sealdah Local,Canning,Sealdah,12:36,13:53,77,45,South Line,Sealdah,DOWN
31150,Canning - Sealdah Local,Canning,Sealdah,13:02,14:14,72,45,South Line,Sealdah,DOWN
31152,Canning - Sealdah Local,Canning,Sealdah,13:27,14:42,75,45,South Line,Sealdah,DOWN
31154,Canning - Sealdah Local,Canning,Sealdah,13:54,15:08,74,45,South Line,Sealdah,DOWN
31156,Canning - Sealdah Local,Canning,Sealdah,14:20,15:37,77,45,South Line,Sealdah,DOWN
31158,Canning - Sealdah Local,Canning,Sealdah,14:47,16:03,76,45,South Line,Sealdah,DOWN
31160,Canning - Sealdah Local,Canning,Sealdah,15:12,16:30,78,45,South Line,Sealdah,DOWN
31162,Canning - Sealdah Local,Canning,Sealdah,15:38,16:49,71,45,South Line,Sealdah,DOWN
31164,Canning - Sealdah Local,Canning,Sealdah,16:05,17:18,73,45,South Line,Sealdah,DOWN
31166,Canning - Sealdah Local,Canning,Sealdah,16:32,17:45,73,45,South Line,Sealdah,DOWN
31168,Canning - Sealdah Local,Canning,Sealdah,16:58,18:10,72,45,South Line,Sealdah,DOWN
31170,Canning - Sealdah Local,Canning,Sealdah,17:22,18:37,75,45,South Line,Sealdah,DOWN
31172,Canning - Sealdah Local,Canning,Sealdah,17:49,19:02,73,45,South Line,Sealdah,DOWN
31174,Canning - Sealdah Local,Canning,Sealdah,18:13,19:26,73,45,South Line,Sealdah,DOWN
31176,Canning - Sealdah Local,Canning,Sealdah,18:37,19:49,72,45,South Line,Sealdah,DOWN
31178,Canning - Sealdah Local,Canning,Sealdah,19:02,20:19,77,45,South Line,Sealdah,DOWN
31180,Canning - Sealdah Local,Canning,Sealdah,19:26,20:38,72,45,South Line,Sealdah,DOWN
31182,Canning - Sealdah Local,Canning,Sealdah,19:51,21:09,78,45,South Line,Sealdah,DOWN
31184,Canning - Sealdah Local,Canning,Sealdah,20:17,21:31,74,45,South Line,Sealdah,DOWN
31186,Canning - Sealdah Local,Canning,Sealdah,20:43,21:56,73,45,South Line,Sealdah,DOWN
31188,Canning - Sealdah Local,Canning,Sealdah,21:10,22:21,71,45,South Line,Sealdah,DOWN
31190,Canning - Sealdah Local,Canning,Sealdah,21:36,22:47,71,45,South Line,Sealdah,DOWN
31192,Canning - Sealdah Local,Canning,Sealdah,22:00,23:13,73,45,South Line,Sealdah,DOWN
31194,Canning - Sealdah Local,Canning,Sealdah,22:24,23:43,79,45,South Line,Sealdah,DOWN
31196,Canning - Sealdah Local,Canning,Sealdah,22:48,00:01,73,45,South Line,Sealdah,DOWN
31198,Canning - Sealdah Local,Canning,Sealdah,23:11,00:24,73,45,South Line,Sealdah,DOWN
31200,Canning - Sealdah Local,Canning,Sealdah,23:34,00:47,73,45,South Line,Sealdah,DOWN
31102,Dankuni - Sealdah Local,Dankuni,Sealdah,03:00,03:41,41,22,Chord Link,Sealdah,DOWN
31104,Dankuni - Sealdah Local,Dankuni,Sealdah,03:22,04:10,48,22,Chord Link,Sealdah,DOWN
31106,Dankuni - Sealdah Local,Dankuni,Sealdah,03:40,04:25,45,22,Chord Link,Sealdah,DOWN
31108,Dankuni - Sealdah Local,Dankuni,Sealdah,03:58,04:41,43,22,Chord Link,Sealdah,DOWN
31110,Dankuni - Sealdah Local,Dankuni,Sealdah,04:19,05:06,47,22,Chord Link,Sealdah,DOWN
31112,Dankuni - Sealdah Local,Dankuni,Sealdah,04:38,05:25,47,22,Chord Link,Sealdah,DOWN
31114,Dankuni - Sealdah Local,Dankuni,Sealdah,04:58,05:45,47,22,Chord Link,Sealdah,DOWN
31116,Dankuni - Sealdah Local,Dankuni,Sealdah,05:19,06:01,42,22,Chord Link,Sealdah,DOWN
31118,Dankuni - Sealdah Local,Dankuni,Sealdah,05:40,06:23,43,22,Chord Link,Sealdah,DOWN
31120,Dankuni - Sealdah Local,Dankuni,Sealdah,06:02,06:44,42,22,Chord Link,Sealdah,DOWN
31122,Dankuni - Sealdah Local,Dankuni,Sealdah,06:22,07:11,49,22,Chord Link,Sealdah,DOWN
31124,Dankuni - Sealdah Local,Dankuni,Sealdah,06:41,07:30,49,22,Chord Link,Sealdah,DOWN
31126,Dankuni - Sealdah Local,Dankuni,Sealdah,07:02,07:46,44,22,Chord Link,Sealdah,DOWN
31128,Dankuni - Sealdah Local,Dankuni,Sealdah,07:21,08:02,41,22,Chord Link,Sealdah,DOWN
31130,Dankuni - Sealdah Local,Dankuni,Sealdah,07:39,08:27,48,22,Chord Link,Sealdah,DOWN
31132,Dankuni - Sealdah Local,Dankuni,Sealdah,07:59,08:46,47,22,Chord Link,Sealdah,DOWN
31134,Dankuni - Sealdah Local,Dankuni,Sealdah,08:21,09:08,47,22,Chord Link,Sealdah,DOWN
31136,Dankuni - Sealdah Local,Dankuni,Sealdah,08:43,09:27,44,22,Chord Link,Sealdah,DOWN
31138,Dankuni - Sealdah Local,Dankuni,Sealdah,09:02,09:48,46,22,Chord Link,Sealdah,DOWN
31140,Dankuni - Sealdah Local,Dankuni,Sealdah,09:23,10:08,45,22,Chord Link,Sealdah,DOWN
31142,Dankuni - Sealdah Local,Dankuni,Sealdah,09:42,10:24,42,22,Chord Link,Sealdah,DOWN
31144,Dankuni - Sealdah Local,Dankuni,Sealdah,10:01,10:48,47,22,Chord Link,Sealdah,DOWN
31146,Dankuni - Sealdah Local,Dankuni,Sealdah,10:19,11:00,41,22,Chord Link,Sealdah,DOWN
31148,Dankuni - Sealdah Local,Dankuni,Sealdah,10:41,11:25,44,22,Chord Link,Sealdah,DOWN
31150,Dankuni - Sealdah Local,Dankuni,Sealdah,11:00,11:42,42,22,Chord Link,Sealdah,DOWN
31152,Dankuni - Sealdah Local,Dankuni,Sealdah,11:18,11:59,41,22,Chord Link,Sealdah,DOWN
31154,Dankuni - Sealdah Local,Dankuni,Sealdah,11:40,12:21,41,22,Chord Link,Sealdah,DOWN
31156,Dankuni - Sealdah Local,Dankuni,Sealdah,12:01,12:42,41,22,Chord Link,Sealdah,DOWN
31158,Dankuni - Sealdah Local,Dankuni,Sealdah,12:20,13:08,48,22,Chord Link,Sealdah,DOWN
31160,Dankuni - Sealdah Local,Dankuni,Sealdah,12:41,13:30,49,22,Chord Link,Sealdah,DOWN
31162,Dankuni - Sealdah Local,Dankuni,Sealdah,13:00,13:41,41,22,Chord Link,Sealdah,DOWN
31164,Dankuni - Sealdah Local,Dankuni,Sealdah,13:19,14:08,49,22,Chord Link,Sealdah,DOWN
31166,Dankuni - Sealdah Local,Dankuni,Sealdah,13:38,14:22,44,22,Chord Link,Sealdah,DOWN
31168,Dankuni - Sealdah Local,Dankuni,Sealdah,13:58,14:44,46,22,Chord Link,Sealdah,DOWN
31170,Dankuni - Sealdah Local,Dankuni,Sealdah,14:20,15:06,46,22,Chord Link,Sealdah,DOWN
31172,Dankuni - Sealdah Local,Dankuni,Sealdah,14:42,15:27,45,22,Chord Link,Sealdah,DOWN
31174,Dankuni - Sealdah Local,Dankuni,Sealdah,15:01,15:50,49,22,Chord Link,Sealdah,DOWN
31176,Dankuni - Sealdah Local,Dankuni,Sealdah,15:20,16:07,47,22,Chord Link,Sealdah,DOWN
31178,Dankuni - Sealdah Local,Dankuni,Sealdah,15:39,16:24,45,22,Chord Link,Sealdah,DOWN
31180,Dankuni - Sealdah Local,Dankuni,Sealdah,15:59,16:48,49,22,Chord Link,Sealdah,DOWN
31182,Dankuni - Sealdah Local,Dankuni,Sealdah,16:17,17:00,43,22,Chord Link,Sealdah,DOWN
31184,Dankuni - Sealdah Local,Dankuni,Sealdah,16:39,17:28,49,22,Chord Link,Sealdah,DOWN
31186,Dankuni - Sealdah Local,Dankuni,Sealdah,17:00,17:41,41,22,Chord Link,Sealdah,DOWN
31188,Dankuni - Sealdah Local,Dankuni,Sealdah,17:21,18:08,47,22,Chord Link,Sealdah,DOWN
31190,Dankuni - Sealdah Local,Dankuni,Sealdah,17:41,18:27,46,22,Chord Link,Sealdah,DOWN
31192,Dankuni - Sealdah Local,Dankuni,Sealdah,18:03,18:50,47,22,Chord Link,Sealdah,DOWN
31194,Dankuni - Sealdah Local,Dankuni,Sealdah,18:24,19:09,45,22,Chord Link,Sealdah,DOWN
31196,Dankuni - Sealdah Local,Dankuni,Sealdah,18:43,19:26,43,22,Chord Link,Sealdah,DOWN
31198,Dankuni - Sealdah Local,Dankuni,Sealdah,19:04,19:52,48,22,Chord Link,Sealdah,DOWN
31200,Dankuni - Sealdah Local,Dankuni,Sealdah,19:26,20:10,44,22,Chord Link,Sealdah,DOWN
31202,Dankuni - Sealdah Local,Dankuni,Sealdah,19:45,20:28,43,22,Chord Link,Sealdah,DOWN
31204,Dankuni - Sealdah Local,Dankuni,Sealdah,20:05,20:46,41,22,Chord Link,Sealdah,DOWN
31206,Dankuni - Sealdah Local,Dankuni,Sealdah,20:26,21:13,47,22,Chord Link,Sealdah,DOWN
31208,Dankuni - Sealdah Local,Dankuni,Sealdah,20:48,21:37,49,22,Chord Link,Sealdah,DOWN
31210,Dankuni - Sealdah Local,Dankuni,Sealdah,21:09,21:52,43,22,Chord Link,Sealdah,DOWN
31212,Dankuni - Sealdah Local,Dankuni,Sealdah,21:31,22:15,44,22,Chord Link,Sealdah,DOWN
31214,Dankuni - Sealdah Local,Dankuni,Sealdah,21:52,22:36,44,22,Chord Link,Sealdah,DOWN
31216,Dankuni - Sealdah Local,Dankuni,Sealdah,22:12,22:54,42,22,Chord Link,Sealdah,DOWN
31218,Dankuni - Sealdah Local,Dankuni,Sealdah,22:32,23:18,46,22,Chord Link,Sealdah,DOWN
31220,Dankuni - Sealdah Local,Dankuni,Sealdah,22:53,23:42,49,22,Chord Link,Sealdah,DOWN
31222,Dankuni - Sealdah Local,Dankuni,Sealdah,23:11,23:52,41,22,Chord Link,Sealdah,DOWN
31224,Dankuni - Sealdah Local,Dankuni,Sealdah,23:30,00:17,47,22,Chord Link,Sealdah,DOWN
31226,Dankuni - Sealdah Local,Dankuni,Sealdah,23:50,00:31,41,22,Chord Link,Sealdah,DOWN
31102,Diamond Harbour - Sealdah Local,Diamond Harbour,Sealdah,03:00,04:37,97,60,South Line,Sealdah,DOWN
31104,Diamond Harbour - Sealdah Local,Diamond Harbour,Sealdah,03:20,04:57,97,60,South Line,Sealdah,DOWN
31106,Diamond Harbour - Sealdah Local,Diamond Harbour,Sealdah,03:41,05:13,92,60,South Line,Sealdah,DOWN
31108,Diamond Harbour - Sealdah Local,Diamond Harbour,Sealdah,04:00,05:31,91,60,South Line,Sealdah,DOWN
31110,Diamond Harbour - Sealdah Local,Diamond Harbour,Sealdah,04:19,05:51,92,60,South Line,Sealdah,DOWN
31112,Diamond Harbour - Sealdah Local,Diamond Harbour,Sealdah,04:38,06:16,98,60,South Line,Sealdah,DOWN
31114,Diamond Harbour - Sealdah Local,Diamond Harbour,Sealdah,04:59,06:37,98,60,South Line,Sealdah,DOWN
31116,Diamond Harbour - Sealdah Local,Diamond Harbour,Sealdah,05:21,06:58,97,60,South Line,Sealdah,DOWN
31118,Diamond Harbour - Sealdah Local,Diamond Harbour,Sealdah,05:40,07:11,91,60,South Line,Sealdah,DOWN
31120,Diamond Harbour - Sealdah Local,Diamond Harbour,Sealdah,06:00,07:38,98,60,South Line,Sealdah,DOWN
31122,Diamond Harbour - Sealdah Local,Diamond Harbour,Sealdah,06:19,07:51,92,60,South Line,Sealdah,DOWN
31124,Diamond Harbour - Sealdah Local,Diamond Harbour,Sealdah,06:40,08:18,98,60,South Line,Sealdah,DOWN
31126,Diamond Harbour - Sealdah Local,Diamond Harbour,Sealdah,07:01,08:33,92,60,South Line,Sealdah,DOWN
31128,Diamond Harbour - Sealdah Local,Diamond Harbour,Sealdah,07:19,08:55,96,60,South Line,Sealdah,DOWN
31130,Diamond Harbour - Sealdah Local,Diamond Harbour,Sealdah,07:39,09:18,99,60,South Line,Sealdah,DOWN
31132,Diamond Harbour - Sealdah Local,Diamond Harbour,Sealdah,07:57,09:31,94,60,South Line,Sealdah,DOWN
31134,Diamond Harbour - Sealdah Local,Diamond Harbour,Sealdah,08:19,09:58,99,60,South Line,Sealdah,DOWN
31136,Diamond Harbour - Sealdah Local,Diamond Harbour,Sealdah,08:39,10:11,92,60,South Line,Sealdah,DOWN
31138,Diamond Harbour - Sealdah Local,Diamond Harbour,Sealdah,09:01,10:35,94,60,South Line,Sealdah,DOWN
31140,Diamond Harbour - Sealdah Local,Diamond Harbour,Sealdah,09:22,10:58,96,60,South Line,Sealdah,DOWN
31142,Diamond Harbour - Sealdah Local,Diamond Harbour,Sealdah,09:43,11:16,93,60,South Line,Sealdah,DOWN
31144,Diamond Harbour - Sealdah Local,Diamond Harbour,Sealdah,10:04,11:35,91,60,South Line,Sealdah,DOWN
31146,Diamond Harbour - Sealdah Local,Diamond Harbour,Sealdah,10:26,11:59,93,60,South Line,Sealdah,DOWN
31148,Diamond Harbour - Sealdah Local,Diamond Harbour,Sealdah,10:44,12:22,98,60,South Line,Sealdah,DOWN
31150,Diamond Harbour - Sealdah Local,Diamond Harbour,Sealdah,11:06,12:39,93,60,South Line,Sealdah,DOWN
31152,Diamond Harbour - Sealdah Local,Diamond Harbour,Sealdah,11:27,13:05,98,60,South Line,Sealdah,DOWN
31154,Diamond Harbour - Sealdah Local,Diamond Harbour,Sealdah,11:45,13:19,94,60,South Line,Sealdah,DOWN
31156,Diamond Harbour - Sealdah Local,Diamond Harbour,Sealdah,12:05,13:40,95,60,South Line,Sealdah,DOWN
31158,Diamond Harbour - Sealdah Local,Diamond Harbour,Sealdah,12:25,14:04,99,60,South Line,Sealdah,DOWN
31160,Diamond Harbour - Sealdah Local,Diamond Harbour,Sealdah,12:43,14:22,99,60,South Line,Sealdah,DOWN
31162,Diamond Harbour - Sealdah Local,Diamond Harbour,Sealdah,13:02,14:39,97,60,South Line,Sealdah,DOWN
31164,Diamond Harbour - Sealdah Local,Diamond Harbour,Sealdah,13:23,14:55,92,60,South Line,Sealdah,DOWN
31166,Diamond Harbour - Sealdah Local,Diamond Harbour,Sealdah,13:42,15:20,98,60,South Line,Sealdah,DOWN
31168,Diamond Harbour - Sealdah Local,Diamond Harbour,Sealdah,14:03,15:41,98,60,South Line,Sealdah,DOWN
31170,Diamond Harbour - Sealdah Local,Diamond Harbour,Sealdah,14:25,16:03,98,60,South Line,Sealdah,DOWN
31172,Diamond Harbour - Sealdah Local,Diamond Harbour,Sealdah,14:43,16:19,96,60,South Line,Sealdah,DOWN
31174,Diamond Harbour - Sealdah Local,Diamond Harbour,Sealdah,15:04,16:42,98,60,South Line,Sealdah,DOWN
31176,Diamond Harbour - Sealdah Local,Diamond Harbour,Sealdah,15:22,16:54,92,60,South Line,Sealdah,DOWN
31178,Diamond Harbour - Sealdah Local,Diamond Harbour,Sealdah,15:40,17:17,97,60,South Line,Sealdah,DOWN
31180,Diamond Harbour - Sealdah Local,Diamond Harbour,Sealdah,16:01,17:40,99,60,South Line,Sealdah,DOWN
31182,Diamond Harbour - Sealdah Local,Diamond Harbour,Sealdah,16:19,17:50,91,60,South Line,Sealdah,DOWN
31184,Diamond Harbour - Sealdah Local,Diamond Harbour,Sealdah,16:41,18:16,95,60,South Line,Sealdah,DOWN
31186,Diamond Harbour - Sealdah Local,Diamond Harbour,Sealdah,16:59,18:38,99,60,South Line,Sealdah,DOWN
31188,Diamond Harbour - Sealdah Local,Diamond Harbour,Sealdah,17:21,18:59,98,60,South Line,Sealdah,DOWN
31190,Diamond Harbour - Sealdah Local,Diamond Harbour,Sealdah,17:40,19:16,96,60,South Line,Sealdah,DOWN
31192,Diamond Harbour - Sealdah Local,Diamond Harbour,Sealdah,18:00,19:34,94,60,South Line,Sealdah,DOWN
31194,Diamond Harbour - Sealdah Local,Diamond Harbour,Sealdah,18:18,19:54,96,60,South Line,Sealdah,DOWN
31196,Diamond Harbour - Sealdah Local,Diamond Harbour,Sealdah,18:39,20:17,98,60,South Line,Sealdah,DOWN
31198,Diamond Harbour - Sealdah Local,Diamond Harbour,Sealdah,19:01,20:39,98,60,South Line,Sealdah,DOWN
31200,Diamond Harbour - Sealdah Local,Diamond Harbour,Sealdah,19:21,20:53,92,60,South Line,Sealdah,DOWN
31202,Diamond Harbour - Sealdah Local,Diamond Harbour,Sealdah,19:39,21:10,91,60,South Line,Sealdah,DOWN
31204,Diamond Harbour - Sealdah Local,Diamond Harbour,Sealdah,19:58,21:34,96,60,South Line,Sealdah,DOWN
31206,Diamond Harbour - Sealdah Local,Diamond Harbour,Sealdah,20:18,21:57,99,60,South Line,Sealdah,DOWN
31208,Diamond Harbour - Sealdah Local,Diamond Harbour,Sealdah,20:38,22:14,96,60,South Line,Sealdah,DOWN
31210,Diamond Harbour - Sealdah Local,Diamond Harbour,Sealdah,21:00,22:31,91,60,South Line,Sealdah,DOWN
31212,Diamond Harbour - Sealdah Local,Diamond Harbour,Sealdah,21:18,22:56,98,60,South Line,Sealdah,DOWN
31214,Diamond Harbour - Sealdah Local,Diamond Harbour,Sealdah,21:37,23:14,97,60,South Line,Sealdah,DOWN
31216,Diamond Harbour - Sealdah Local,Diamond Harbour,Sealdah,21:56,23:31,95,60,South Line,Sealdah,DOWN
31218,Diamond Harbour - Sealdah Local,Diamond Harbour,Sealdah,22:14,23:48,94,60,South Line,Sealdah,DOWN
31220,Diamond Harbour - Sealdah Local,Diamond Harbour,Sealdah,22:36,00:08,92,60,South Line,Sealdah,DOWN
31222,Diamond Harbour - Sealdah Local,Diamond Harbour,Sealdah,22:55,00:29,94,60,South Line,Sealdah,DOWN
31224,Diamond Harbour - Sealdah Local,Diamond Harbour,Sealdah,23:16,00:50,94,60,South Line,Sealdah,DOWN
31226,Diamond Harbour - Sealdah Local,Diamond Harbour,Sealdah,23:37,01:09,92,60,South Line,Sealdah,DOWN
31102,Gede - Sealdah Local,Gede,Sealdah,03:00,05:46,166,117,Main Line,Sealdah,DOWN
31104,Gede - Sealdah Local,Gede,Sealdah,03:34,06:18,164,117,Main Line,Sealdah,DOWN
31106,Gede - Sealdah Local,Gede,Sealdah,04:10,06:53,163,117,Main Line,Sealdah,DOWN
31108,Gede - Sealdah Local,Gede,Sealdah,04:44,07:26,162,117,Main Line,Sealdah,DOWN
31110,Gede - Sealdah Local,Gede,Sealdah,05:18,08:00,162,117,Main Line,Sealdah,DOWN
31112,Gede - Sealdah Local,Gede,Sealdah,05:53,08:42,169,117,Main Line,Sealdah,DOWN
31114,Gede - Sealdah Local,Gede,Sealdah,06:30,09:11,161,117,Main Line,Sealdah,DOWN
31116,Gede - Sealdah Local,Gede,Sealdah,07:07,09:50,163,117,Main Line,Sealdah,DOWN
31118,Gede - Sealdah Local,Gede,Sealdah,07:42,10:29,167,117,Main Line,Sealdah,DOWN
31120,Gede - Sealdah Local,Gede,Sealdah,08:19,11:02,163,117,Main Line,Sealdah,DOWN
31122,Gede - Sealdah Local,Gede,Sealdah,08:53,11:36,163,117,Main Line,Sealdah,DOWN
31124,Gede - Sealdah Local,Gede,Sealdah,09:27,12:08,161,117,Main Line,Sealdah,DOWN
31126,Gede - Sealdah Local,Gede,Sealdah,10:03,12:49,166,117,Main Line,Sealdah,DOWN
31128,Gede - Sealdah Local,Gede,Sealdah,10:39,13:27,168,117,Main Line,Sealdah,DOWN
31130,Gede - Sealdah Local,Gede,Sealdah,11:13,13:58,165,117,Main Line,Sealdah,DOWN
31132,Gede - Sealdah Local,Gede,Sealdah,11:50,14:34,164,117,Main Line,Sealdah,DOWN
31134,Gede - Sealdah Local,Gede,Sealdah,12:26,15:10,164,117,Main Line,Sealdah,DOWN
31136,Gede - Sealdah Local,Gede,Sealdah,13:03,15:51,168,117,Main Line,Sealdah,DOWN
31138,Gede - Sealdah Local,Gede,Sealdah,13:38,16:24,166,117,Main Line,Sealdah,DOWN
31140,Gede - Sealdah Local,Gede,Sealdah,14:12,17:00,168,117,Main Line,Sealdah,DOWN
31142,Gede - Sealdah Local,Gede,Sealdah,14:49,17:34,165,117,Main Line,Sealdah,DOWN
31144,Gede - Sealdah Local,Gede,Sealdah,15:25,18:14,169,117,Main Line,Sealdah,DOWN
31146,Gede - Sealdah Local,Gede,Sealdah,16:01,18:48,167,117,Main Line,Sealdah,DOWN
31148,Gede - Sealdah Local,Gede,Sealdah,16:38,19:22,164,117,Main Line,Sealdah,DOWN
31150,Gede - Sealdah Local,Gede,Sealdah,17:12,19:55,163,117,Main Line,Sealdah,DOWN
31152,Gede - Sealdah Local,Gede,Sealdah,17:49,20:30,161,117,Main Line,Sealdah,DOWN
31154,Gede - Sealdah Local,Gede,Sealdah,18:24,21:10,166,117,Main Line,Sealdah,DOWN
31156,Gede - Sealdah Local,Gede,Sealdah,19:00,21:42,162,117,Main Line,Sealdah,DOWN
31158,Gede - Sealdah Local,Gede,Sealdah,19:37,22:19,162,117,Main Line,Sealdah,DOWN
31160,Gede - Sealdah Local,Gede,Sealdah,20:14,22:56,162,117,Main Line,Sealdah,DOWN
31162,Gede - Sealdah Local,Gede,Sealdah,20:49,23:34,165,117,Main Line,Sealdah,DOWN
31164,Gede - Sealdah Local,Gede,Sealdah,21:23,00:12,169,117,Main Line,Sealdah,DOWN
31166,Gede - Sealdah Local,Gede,Sealdah,21:59,00:46,167,117,Main Line,Sealdah,DOWN
31168,Gede - Sealdah Local,Gede,Sealdah,22:33,01:17,164,117,Main Line,Sealdah,DOWN
31170,Gede - Sealdah Local,Gede,Sealdah,23:06,01:52,166,117,Main Line,Sealdah,DOWN
31172,Gede - Sealdah Local,Gede,Sealdah,23:42,02:29,167,117,Main Line,Sealdah,DOWN
31102,Hasnabad - Sealdah Local,Hasnabad,Sealdah,03:00,05:11,131,75,Bangaon Line,Sealdah,DOWN
31104,Hasnabad - Sealdah Local,Hasnabad,Sealdah,03:26,05:34,128,75,Bangaon Line,Sealdah,DOWN
31106,Hasnabad - Sealdah Local,Hasnabad,Sealdah,03:52,06:01,129,75,Bangaon Line,Sealdah,DOWN
31108,Hasnabad - Sealdah Local,Hasnabad,Sealdah,04:18,06:32,134,75,Bangaon Line,Sealdah,DOWN
31110,Hasnabad - Sealdah Local,Hasnabad,Sealdah,04:44,06:57,133,75,Bangaon Line,Sealdah,DOWN
31112,Hasnabad - Sealdah Local,Hasnabad,Sealdah,05:11,07:19,128,75,Bangaon Line,Sealdah,DOWN
31114,Hasnabad - Sealdah Local,Hasnabad,Sealdah,05:34,07:43,129,75,Bangaon Line,Sealdah,DOWN
31116,Hasnabad - Sealdah Local,Hasnabad,Sealdah,06:01,08:12,131,75,Bangaon Line,Sealdah,DOWN
31118,Hasnabad - Sealdah Local,Hasnabad,Sealdah,06:28,08:42,134,75,Bangaon Line,Sealdah,DOWN
31120,Hasnabad - Sealdah Local,Hasnabad,Sealdah,06:54,09:05,131,75,Bangaon Line,Sealdah,DOWN
31122,Hasnabad - Sealdah Local,Hasnabad,Sealdah,07:20,09:33,133,75,Bangaon Line,Sealdah,DOWN
31124,Hasnabad - Sealdah Local,Hasnabad,Sealdah,07:44,09:55,131,75,Bangaon Line,Sealdah,DOWN
31126,Hasnabad - Sealdah Local,Hasnabad,Sealdah,08:11,10:22,131,75,Bangaon Line,Sealdah,DOWN
31128,Hasnabad - Sealdah Local,Hasnabad,Sealdah,08:38,10:51,133,75,Bangaon Line,Sealdah,DOWN
31130,Hasnabad - Sealdah Local,Hasnabad,Sealdah,09:03,11:12,129,75,Bangaon Line,Sealdah,DOWN
31132,Hasnabad - Sealdah Local,Hasnabad,Sealdah,09:27,11:41,134,75,Bangaon Line,Sealdah,DOWN
31134,Hasnabad - Sealdah Local,Hasnabad,Sealdah,09:52,12:01,129,75,Bangaon Line,Sealdah,DOWN
31136,Hasnabad - Sealdah Local,Hasnabad,Sealdah,10:17,12:27,130,75,Bangaon Line,Sealdah,DOWN
31138,Hasnabad - Sealdah Local,Hasnabad,Sealdah,10:42,12:55,133,75,Bangaon Line,Sealdah,DOWN
31140,Hasnabad - Sealdah Local,Hasnabad,Sealdah,11:06,13:19,133,75,Bangaon Line,Sealdah,DOWN
31142,Hasnabad - Sealdah Local,Hasnabad,Sealdah,11:31,13:45,134,75,Bangaon Line,Sealdah,DOWN
31144,Hasnabad - Sealdah Local,Hasnabad,Sealdah,11:56,14:06,130,75,Bangaon Line,Sealdah,DOWN
31146,Hasnabad - Sealdah Local,Hasnabad,Sealdah,12:21,14:35,134,75,Bangaon Line,Sealdah,DOWN
31148,Hasnabad - Sealdah Local,Hasnabad,Sealdah,12:44,14:56,132,75,Bangaon Line,Sealdah,DOWN
31150,Hasnabad - Sealdah Local,Hasnabad,Sealdah,13:10,15:18,128,75,Bangaon Line,Sealdah,DOWN
31152,Hasnabad - Sealdah Local,Hasnabad,Sealdah,13:35,15:41,126,75,Bangaon Line,Sealdah,DOWN
31154,Hasnabad - Sealdah Local,Hasnabad,Sealdah,14:00,16:07,127,75,Bangaon Line,Sealdah,DOWN
31156,Hasnabad - Sealdah Local,Hasnabad,Sealdah,14:25,16:38,133,75,Bangaon Line,Sealdah,DOWN
31158,Hasnabad - Sealdah Local,Hasnabad,Sealdah,14:50,17:03,133,75,Bangaon Line,Sealdah,DOWN
31160,Hasnabad - Sealdah Local,Hasnabad,Sealdah,15:15,17:24,129,75,Bangaon Line,Sealdah,DOWN
31162,Hasnabad - Sealdah Local,Hasnabad,Sealdah,15:39,17:49,130,75,Bangaon Line,Sealdah,DOWN
31164,Hasnabad - Sealdah Local,Hasnabad,Sealdah,16:06,18:16,130,75,Bangaon Line,Sealdah,DOWN
31166,Hasnabad - Sealdah Local,Hasnabad,Sealdah,16:33,18:40,127,75,Bangaon Line,Sealdah,DOWN
31168,Hasnabad - Sealdah Local,Hasnabad,Sealdah,16:57,19:06,129,75,Bangaon Line,Sealdah,DOWN
31170,Hasnabad - Sealdah Local,Hasnabad,Sealdah,17:24,19:30,126,75,Bangaon Line,Sealdah,DOWN
31172,Hasnabad - Sealdah Local,Hasnabad,Sealdah,17:48,19:57,129,75,Bangaon Line,Sealdah,DOWN
31174,Hasnabad - Sealdah Local,Hasnabad,Sealdah,18:15,20:21,126,75,Bangaon Line,Sealdah,DOWN
31176,Hasnabad - Sealdah Local,Hasnabad,Sealdah,18:39,20:51,132,75,Bangaon Line,Sealdah,DOWN
31178,Hasnabad - Sealdah Local,Hasnabad,Sealdah,19:02,21:15,133,75,Bangaon Line,Sealdah,DOWN
31180,Hasnabad - Sealdah Local,Hasnabad,Sealdah,19:27,21:35,128,75,Bangaon Line,Sealdah,DOWN
31182,Hasnabad - Sealdah Local,Hasnabad,Sealdah,19:50,22:04,134,75,Bangaon Line,Sealdah,DOWN
31184,Hasnabad - Sealdah Local,Hasnabad,Sealdah,20:13,22:25,132,75,Bangaon Line,Sealdah,DOWN
31186,Hasnabad - Sealdah Local,Hasnabad,Sealdah,20:37,22:50,133,75,Bangaon Line,Sealdah,DOWN
31188,Hasnabad - Sealdah Local,Hasnabad,Sealdah,21:03,23:13,130,75,Bangaon Line,Sealdah,DOWN
31190,Hasnabad - Sealdah Local,Hasnabad,Sealdah,21:27,23:37,130,75,Bangaon Line,Sealdah,DOWN
31192,Hasnabad - Sealdah Local,Hasnabad,Sealdah,21:52,23:59,127,75,Bangaon Line,Sealdah,DOWN
31194,Hasnabad - Sealdah Local,Hasnabad,Sealdah,22:15,00:24,129,75,Bangaon Line,Sealdah,DOWN
31196,Hasnabad - Sealdah Local,Hasnabad,Sealdah,22:42,00:48,126,75,Bangaon Line,Sealdah,DOWN
31198,Hasnabad - Sealdah Local,Hasnabad,Sealdah,23:09,01:21,132,75,Bangaon Line,Sealdah,DOWN
31200,Hasnabad - Sealdah Local,Hasnabad,Sealdah,23:33,01:39,126,75,Bangaon Line,Sealdah,DOWN
31102,Kakdwip - Sealdah Local,Kakdwip,Sealdah,03:00,05:20,140,95,South Line,Sealdah,DOWN
31104,Kakdwip - Sealdah Local,Kakdwip,Sealdah,03:35,05:51,136,95,South Line,Sealdah,DOWN
31106,Kakdwip - Sealdah Local,Kakdwip,Sealdah,04:09,06:28,139,95,South Line,Sealdah,DOWN
31108,Kakdwip - Sealdah Local,Kakdwip,Sealdah,04:44,07:00,136,95,South Line,Sealdah,DOWN
31110,Kakdwip - Sealdah Local,Kakdwip,Sealdah,05:21,07:44,143,95,South Line,Sealdah,DOWN
31112,Kakdwip - Sealdah Local,Kakdwip,Sealdah,05:56,08:20,144,95,South Line,Sealdah,DOWN
31114,Kakdwip - Sealdah Local,Kakdwip,Sealdah,06:29,08:53,144,95,South Line,Sealdah,DOWN
31116,Kakdwip - Sealdah Local,Kakdwip,Sealdah,07:03,09:22,139,95,South Line,Sealdah,DOWN
31118,Kakdwip - Sealdah Local,Kakdwip,Sealdah,07:39,09:59,140,95,South Line,Sealdah,DOWN
31120,Kakdwip - Sealdah Local,Kakdwip,Sealdah,08:16,10:38,142,95,South Line,Sealdah,DOWN
31122,Kakdwip - Sealdah Local,Kakdwip,Sealdah,08:49,11:11,142,95,South Line,Sealdah,DOWN
31124,Kakdwip - Sealdah Local,Kakdwip,Sealdah,09:25,11:49,144,95,South Line,Sealdah,DOWN
31126,Kakdwip - Sealdah Local,Kakdwip,Sealdah,10:00,12:16,136,95,South Line,Sealdah,DOWN
31128,Kakdwip - Sealdah Local,Kakdwip,Sealdah,10:33,12:52,139,95,South Line,Sealdah,DOWN
31130,Kakdwip - Sealdah Local,Kakdwip,Sealdah,11:08,13:31,143,95,South Line,Sealdah,DOWN
31132,Kakdwip - Sealdah Local,Kakdwip,Sealdah,11:45,14:06,141,95,South Line,Sealdah,DOWN
31134,Kakdwip - Sealdah Local,Kakdwip,Sealdah,12:19,14:43,144,95,South Line,Sealdah,DOWN
31136,Kakdwip - Sealdah Local,Kakdwip,Sealdah,12:56,15:15,139,95,South Line,Sealdah,DOWN
31138,Kakdwip - Sealdah Local,Kakdwip,Sealdah,13:33,15:53,140,95,South Line,Sealdah,DOWN
31140,Kakdwip - Sealdah Local,Kakdwip,Sealdah,14:07,16:25,138,95,South Line,Sealdah,DOWN
31142,Kakdwip - Sealdah Local,Kakdwip,Sealdah,14:43,17:01,138,95,South Line,Sealdah,DOWN
31144,Kakdwip - Sealdah Local,Kakdwip,Sealdah,15:16,17:40,144,95,South Line,Sealdah,DOWN
31146,Kakdwip - Sealdah Local,Kakdwip,Sealdah,15:50,18:12,142,95,South Line,Sealdah,DOWN
31148,Kakdwip - Sealdah Local,Kakdwip,Sealdah,16:23,18:45,142,95,South Line,Sealdah,DOWN
31150,Kakdwip - Sealdah Local,Kakdwip,Sealdah,16:56,19:20,144,95,South Line,Sealdah,DOWN
31152,Kakdwip - Sealdah Local,Kakdwip,Sealdah,17:31,19:49,138,95,South Line,Sealdah,DOWN
31154,Kakdwip - Sealdah Local,Kakdwip,Sealdah,18:06,20:26,140,95,South Line,Sealdah,DOWN
31156,Kakdwip - Sealdah Local,Kakdwip,Sealdah,18:40,21:01,141,95,South Line,Sealdah,DOWN
31158,Kakdwip - Sealdah Local,Kakdwip,Sealdah,19:13,21:31,138,95,South Line,Sealdah,DOWN
31160,Kakdwip - Sealdah Local,Kakdwip,Sealdah,19:49,22:07,138,95,South Line,Sealdah,DOWN
31162,Kakdwip - Sealdah Local,Kakdwip,Sealdah,20:22,22:38,136,95,South Line,Sealdah,DOWN
31164,Kakdwip - Sealdah Local,Kakdwip,Sealdah,20:57,23:17,140,95,South Line,Sealdah,DOWN
31166,Kakdwip - Sealdah Local,Kakdwip,Sealdah,21:34,23:58,144,95,South Line,Sealdah,DOWN
31168,Kakdwip - Sealdah Local,Kakdwip,Sealdah,22:10,00:27,137,95,South Line,Sealdah,DOWN
31170,Kakdwip - Sealdah Local,Kakdwip,Sealdah,22:45,01:09,144,95,South Line,Sealdah,DOWN
31172,Kakdwip - Sealdah Local,Kakdwip,Sealdah,23:20,01:38,138,95,South Line,Sealdah,DOWN
31174,Kakdwip - Sealdah Local,Kakdwip,Sealdah,23:54,02:11,137,95,South Line,Sealdah,DOWN
31102,Kalyani Simanta - Sealdah Local,Kalyani Simanta,Sealdah,03:00,04:23,83,53,Main Line,Sealdah,DOWN
31104,Kalyani Simanta - Sealdah Local,Kalyani Simanta,Sealdah,03:20,04:42,82,53,Main Line,Sealdah,DOWN
31106,Kalyani Simanta - Sealdah Local,Kalyani Simanta,Sealdah,03:42,05:07,85,53,Main Line,Sealdah,DOWN
31108,Kalyani Simanta - Sealdah Local,Kalyani Simanta,Sealdah,04:01,05:22,81,53,Main Line,Sealdah,DOWN
31110,Kalyani Simanta - Sealdah Local,Kalyani Simanta,Sealdah,04:19,05:46,87,53,Main Line,Sealdah,DOWN
31112,Kalyani Simanta - Sealdah Local,Kalyani Simanta,Sealdah,04:39,06:03,84,53,Main Line,Sealdah,DOWN
31114,Kalyani Simanta - Sealdah Local,Kalyani Simanta,Sealdah,05:00,06:24,84,53,Main Line,Sealdah,DOWN
31116,Kalyani Simanta - Sealdah Local,Kalyani Simanta,Sealdah,05:18,06:43,85,53,Main Line,Sealdah,DOWN
31118,Kalyani Simanta - Sealdah Local,Kalyani Simanta,Sealdah,05:36,06:58,82,53,Main Line,Sealdah,DOWN
31120,Kalyani Simanta - Sealdah Local,Kalyani Simanta,Sealdah,05:58,07:19,81,53,Main Line,Sealdah,DOWN
31122,Kalyani Simanta - Sealdah Local,Kalyani Simanta,Sealdah,06:20,07:49,89,53,Main Line,Sealdah,DOWN
31124,Kalyani Simanta - Sealdah Local,Kalyani Simanta,Sealdah,06:40,08:06,86,53,Main Line,Sealdah,DOWN
31126,Kalyani Simanta - Sealdah Local,Kalyani Simanta,Sealdah,07:01,08:30,89,53,Main Line,Sealdah,DOWN
31128,Kalyani Simanta - Sealdah Local,Kalyani Simanta,Sealdah,07:19,08:40,81,53,Main Line,Sealdah,DOWN
31130,Kalyani Simanta - Sealdah Local,Kalyani Simanta,Sealdah,07:39,09:07,88,53,Main Line,Sealdah,DOWN
31132,Kalyani Simanta - Sealdah Local,Kalyani Simanta,Sealdah,08:00,09:27,87,53,Main Line,Sealdah,DOWN
31134,Kalyani Simanta - Sealdah Local,Kalyani Simanta,Sealdah,08:18,09:46,88,53,Main Line,Sealdah,DOWN
31136,Kalyani Simanta - Sealdah Local,Kalyani Simanta,Sealdah,08:38,10:05,87,53,Main Line,Sealdah,DOWN
31138,Kalyani Simanta - Sealdah Local,Kalyani Simanta,Sealdah,08:57,10:26,89,53,Main Line,Sealdah,DOWN
31140,Kalyani Simanta - Sealdah Local,Kalyani Simanta,Sealdah,09:16,10:45,89,53,Main Line,Sealdah,DOWN
31142,Kalyani Simanta - Sealdah Local,Kalyani Simanta,Sealdah,09:36,11:04,88,53,Main Line,Sealdah,DOWN
31144,Kalyani Simanta - Sealdah Local,Kalyani Simanta,Sealdah,09:57,11:22,85,53,Main Line,Sealdah,DOWN
31146,Kalyani Simanta - Sealdah Local,Kalyani Simanta,Sealdah,10:18,11:42,84,53,Main Line,Sealdah,DOWN
31148,Kalyani Simanta - Sealdah Local,Kalyani Simanta,Sealdah,10:38,12:03,85,53,Main Line,Sealdah,DOWN
31150,Kalyani Simanta - Sealdah Local,Kalyani Simanta,Sealdah,10:56,12:20,84,53,Main Line,Sealdah,DOWN
31152,Kalyani Simanta - Sealdah Local,Kalyani Simanta,Sealdah,11:17,12:44,87,53,Main Line,Sealdah,DOWN
31154,Kalyani Simanta - Sealdah Local,Kalyani Simanta,Sealdah,11:38,12:59,81,53,Main Line,Sealdah,DOWN
31156,Kalyani Simanta - Sealdah Local,Kalyani Simanta,Sealdah,11:58,13:24,86,53,Main Line,Sealdah,DOWN
31158,Kalyani Simanta - Sealdah Local,Kalyani Simanta,Sealdah,12:19,13:47,88,53,Main Line,Sealdah,DOWN
31160,Kalyani Simanta - Sealdah Local,Kalyani Simanta,Sealdah,12:38,14:04,86,53,Main Line,Sealdah,DOWN
31162,Kalyani Simanta - Sealdah Local,Kalyani Simanta,Sealdah,12:57,14:23,86,53,Main Line,Sealdah,DOWN
31164,Kalyani Simanta - Sealdah Local,Kalyani Simanta,Sealdah,13:17,14:42,85,53,Main Line,Sealdah,DOWN
31166,Kalyani Simanta - Sealdah Local,Kalyani Simanta,Sealdah,13:37,14:58,81,53,Main Line,Sealdah,DOWN
31168,Kalyani Simanta - Sealdah Local,Kalyani Simanta,Sealdah,13:59,15:23,84,53,Main Line,Sealdah,DOWN
31170,Kalyani Simanta - Sealdah Local,Kalyani Simanta,Sealdah,14:21,15:45,84,53,Main Line,Sealdah,DOWN
31172,Kalyani Simanta - Sealdah Local,Kalyani Simanta,Sealdah,14:39,16:07,88,53,Main Line,Sealdah,DOWN
31174,Kalyani Simanta - Sealdah Local,Kalyani Simanta,Sealdah,15:00,16:24,84,53,Main Line,Sealdah,DOWN
31176,Kalyani Simanta - Sealdah Local,Kalyani Simanta,Sealdah,15:22,16:50,88,53,Main Line,Sealdah,DOWN
31178,Kalyani Simanta - Sealdah Local,Kalyani Simanta,Sealdah,15:43,17:04,81,53,Main Line,Sealdah,DOWN
31180,Kalyani Simanta - Sealdah Local,Kalyani Simanta,Sealdah,16:04,17:29,85,53,Main Line,Sealdah,DOWN
31182,Kalyani Simanta - Sealdah Local,Kalyani Simanta,Sealdah,16:22,17:49,87,53,Main Line,Sealdah,DOWN
31184,Kalyani Simanta - Sealdah Local,Kalyani Simanta,Sealdah,16:41,18:06,85,53,Main Line,Sealdah,DOWN
31186,Kalyani Simanta - Sealdah Local,Kalyani Simanta,Sealdah,17:00,18:26,86,53,Main Line,Sealdah,DOWN
31188,Kalyani Simanta - Sealdah Local,Kalyani Simanta,Sealdah,17:22,18:51,89,53,Main Line,Sealdah,DOWN
31190,Kalyani Simanta - Sealdah Local,Kalyani Simanta,Sealdah,17:43,19:09,86,53,Main Line,Sealdah,DOWN
31192,Kalyani Simanta - Sealdah Local,Kalyani Simanta,Sealdah,18:05,19:34,89,53,Main Line,Sealdah,DOWN
31194,Kalyani Simanta - Sealdah Local,Kalyani Simanta,Sealdah,18:26,19:52,86,53,Main Line,Sealdah,DOWN
31196,Kalyani Simanta - Sealdah Local,Kalyani Simanta,Sealdah,18:46,20:11,85,53,Main Line,Sealdah,DOWN
31198,Kalyani Simanta - Sealdah Local,Kalyani Simanta,Sealdah,19:07,20:32,85,53,Main Line,Sealdah,DOWN
31200,Kalyani Simanta - Sealdah Local,Kalyani Simanta,Sealdah,19:27,20:49,82,53,Main Line,Sealdah,DOWN
31202,Kalyani Simanta - Sealdah Local,Kalyani Simanta,Sealdah,19:46,21:12,86,53,Main Line,Sealdah,DOWN
31204,Kalyani Simanta - Sealdah Local,Kalyani Simanta,Sealdah,20:05,21:34,89,53,Main Line,Sealdah,DOWN
31206,Kalyani Simanta - Sealdah Local,Kalyani Simanta,Sealdah,20:23,21:47,84,53,Main Line,Sealdah,DOWN
31208,Kalyani Simanta - Sealdah Local,Kalyani Simanta,Sealdah,20:42,22:10,88,53,Main Line,Sealdah,DOWN
31210,Kalyani Simanta - Sealdah Local,Kalyani Simanta,Sealdah,21:01,22:30,89,53,Main Line,Sealdah,DOWN
31212,Kalyani Simanta - Sealdah Local,Kalyani Simanta,Sealdah,21:21,22:46,85,53,Main Line,Sealdah,DOWN
31214,Kalyani Simanta - Sealdah Local,Kalyani Simanta,Sealdah,21:43,23:07,84,53,Main Line,Sealdah,DOWN
31216,Kalyani Simanta - Sealdah Local,Kalyani Simanta,Sealdah,22:01,23:25,84,53,Main Line,Sealdah,DOWN
31218,Kalyani Simanta - Sealdah Local,Kalyani Simanta,Sealdah,22:21,23:44,83,53,Main Line,Sealdah,DOWN
31220,Kalyani Simanta - Sealdah Local,Kalyani Simanta,Sealdah,22:41,00:02,81,53,Main Line,Sealdah,DOWN
31222,Kalyani Simanta - Sealdah Local,Kalyani Simanta,Sealdah,23:01,00:24,83,53,Main Line,Sealdah,DOWN
31224,Kalyani Simanta - Sealdah Local,Kalyani Simanta,Sealdah,23:23,00:44,81,53,Main Line,Sealdah,DOWN
31226,Kalyani Simanta - Sealdah Local,Kalyani Simanta,Sealdah,23:43,01:12,89,53,Main Line,Sealdah,DOWN
31102,Krishnanagar - Sealdah Local,Krishnanagar,Sealdah,03:00,05:23,143,100,Main Line,Sealdah,DOWN
31104,Krishnanagar - Sealdah Local,Krishnanagar,Sealdah,03:25,05:46,141,100,Main Line,Sealdah,DOWN
31106,Krishnanagar - Sealdah Local,Krishnanagar,Sealdah,03:48,06:09,141,100,Main Line,Sealdah,DOWN
31108,Krishnanagar - Sealdah Local,Krishnanagar,Sealdah,04:12,06:36,144,100,Main Line,Sealdah,DOWN
31110,Krishnanagar - Sealdah Local,Krishnanagar,Sealdah,04:37,07:03,146,100,Main Line,Sealdah,DOWN
31112,Krishnanagar - Sealdah Local,Krishnanagar,Sealdah,05:04,07:27,143,100,Main Line,Sealdah,DOWN
31114,Krishnanagar - Sealdah Local,Krishnanagar,Sealdah,05:27,07:48,141,100,Main Line,Sealdah,DOWN
31116,Krishnanagar - Sealdah Local,Krishnanagar,Sealdah,05:52,08:19,147,100,Main Line,Sealdah,DOWN
31118,Krishnanagar - Sealdah Local,Krishnanagar,Sealdah,06:16,08:38,142,100,Main Line,Sealdah,DOWN
31120,Krishnanagar - Sealdah Local,Krishnanagar,Sealdah,06:43,09:11,148,100,Main Line,Sealdah,DOWN
31122,Krishnanagar - Sealdah Local,Krishnanagar,Sealdah,07:06,09:32,146,100,Main Line,Sealdah,DOWN
31124,Krishnanagar - Sealdah Local,Krishnanagar,Sealdah,07:32,09:54,142,100,Main Line,Sealdah,DOWN
31126,Krishnanagar - Sealdah Local,Krishnanagar,Sealdah,07:59,10:28,149,100,Main Line,Sealdah,DOWN
31128,Krishnanagar - Sealdah Local,Krishnanagar,Sealdah,08:25,10:46,141,100,Main Line,Sealdah,DOWN
31130,Krishnanagar - Sealdah Local,Krishnanagar,Sealdah,08:49,11:14,145,100,Main Line,Sealdah,DOWN
31132,Krishnanagar - Sealdah Local,Krishnanagar,Sealdah,09:16,11:37,141,100,Main Line,Sealdah,DOWN
31134,Krishnanagar - Sealdah Local,Krishnanagar,Sealdah,09:42,12:10,148,100,Main Line,Sealdah,DOWN
31136,Krishnanagar - Sealdah Local,Krishnanagar,Sealdah,10:05,12:32,147,100,Main Line,Sealdah,DOWN
31138,Krishnanagar - Sealdah Local,Krishnanagar,Sealdah,10:31,12:59,148,100,Main Line,Sealdah,DOWN
31140,Krishnanagar - Sealdah Local,Krishnanagar,Sealdah,10:54,13:16,142,100,Main Line,Sealdah,DOWN
31142,Krishnanagar - Sealdah Local,Krishnanagar,Sealdah,11:20,13:46,146,100,Main Line,Sealdah,DOWN
31144,Krishnanagar - Sealdah Local,Krishnanagar,Sealdah,11:43,14:06,143,100,Main Line,Sealdah,DOWN
31146,Krishnanagar - Sealdah Local,Krishnanagar,Sealdah,12:10,14:33,143,100,Main Line,Sealdah,DOWN
31148,Krishnanagar - Sealdah Local,Krishnanagar,Sealdah,12:33,15:02,149,100,Main Line,Sealdah,DOWN
31150,Krishnanagar - Sealdah Local,Krishnanagar,Sealdah,12:58,15:25,147,100,Main Line,Sealdah,DOWN
31152,Krishnanagar - Sealdah Local,Krishnanagar,Sealdah,13:23,15:52,149,100,Main Line,Sealdah,DOWN
31154,Krishnanagar - Sealdah Local,Krishnanagar,Sealdah,13:50,16:18,148,100,Main Line,Sealdah,DOWN
31156,Krishnanagar - Sealdah Local,Krishnanagar,Sealdah,14:15,16:42,147,100,Main Line,Sealdah,DOWN
31158,Krishnanagar - Sealdah Local,Krishnanagar,Sealdah,14:42,17:04,142,100,Main Line,Sealdah,DOWN
31160,Krishnanagar - Sealdah Local,Krishnanagar,Sealdah,15:05,17:29,144,100,Main Line,Sealdah,DOWN
31162,Krishnanagar - Sealdah Local,Krishnanagar,Sealdah,15:32,18:00,148,100,Main Line,Sealdah,DOWN
31164,Krishnanagar - Sealdah Local,Krishnanagar,Sealdah,15:58,18:25,147,100,Main Line,Sealdah,DOWN
31166,Krishnanagar - Sealdah Local,Krishnanagar,Sealdah,16:22,18:50,148,100,Main Line,Sealdah,DOWN
31168,Krishnanagar - Sealdah Local,Krishnanagar,Sealdah,16:47,19:14,147,100,Main Line,Sealdah,DOWN
31170,Krishnanagar - Sealdah Local,Krishnanagar,Sealdah,17:13,19:39,146,100,Main Line,Sealdah,DOWN
31172,Krishnanagar - Sealdah Local,Krishnanagar,Sealdah,17:36,20:02,146,100,Main Line,Sealdah,DOWN
31174,Krishnanagar - Sealdah Local,Krishnanagar,Sealdah,18:02,20:28,146,100,Main Line,Sealdah,DOWN
31176,Krishnanagar - Sealdah Local,Krishnanagar,Sealdah,18:27,20:55,148,100,Main Line,Sealdah,DOWN
31178,Krishnanagar - Sealdah Local,Krishnanagar,Sealdah,18:51,21:13,142,100,Main Line,Sealdah,DOWN
31180,Krishnanagar - Sealdah Local,Krishnanagar,Sealdah,19:14,21:36,142,100,Main Line,Sealdah,DOWN
31182,Krishnanagar - Sealdah Local,Krishnanagar,Sealdah,19:37,21:59,142,100,Main Line,Sealdah,DOWN
31184,Krishnanagar - Sealdah Local,Krishnanagar,Sealdah,20:03,22:26,143,100,Main Line,Sealdah,DOWN
31186,Krishnanagar - Sealdah Local,Krishnanagar,Sealdah,20:28,22:49,141,100,Main Line,Sealdah,DOWN
31188,Krishnanagar - Sealdah Local,Krishnanagar,Sealdah,20:55,23:24,149,100,Main Line,Sealdah,DOWN
31190,Krishnanagar - Sealdah Local,Krishnanagar,Sealdah,21:22,23:48,146,100,Main Line,Sealdah,DOWN
31192,Krishnanagar - Sealdah Local,Krishnanagar,Sealdah,21:49,00:16,147,100,Main Line,Sealdah,DOWN
31194,Krishnanagar - Sealdah Local,Krishnanagar,Sealdah,22:12,00:39,147,100,Main Line,Sealdah,DOWN
31196,Krishnanagar - Sealdah Local,Krishnanagar,Sealdah,22:37,01:02,145,100,Main Line,Sealdah,DOWN
31198,Krishnanagar - Sealdah Local,Krishnanagar,Sealdah,23:00,01:25,145,100,Main Line,Sealdah,DOWN
31200,Krishnanagar - Sealdah Local,Krishnanagar,Sealdah,23:27,01:49,142,100,Main Line,Sealdah,DOWN
31202,Krishnanagar - Sealdah Local,Krishnanagar,Sealdah,23:52,02:21,149,100,Main Line,Sealdah,DOWN
31102,Lakshmikantapur - Sealdah Local,Lakshmikantapur,Sealdah,03:00,04:38,98,62,South Line,Sealdah,DOWN
31104,Lakshmikantapur - Sealdah Local,Lakshmikantapur,Sealdah,03:27,05:03,96,62,South Line,Sealdah,DOWN
31106,Lakshmikantapur - Sealdah Local,Lakshmikantapur,Sealdah,03:51,05:30,99,62,South Line,Sealdah,DOWN
31108,Lakshmikantapur - Sealdah Local,Lakshmikantapur,Sealdah,04:18,05:53,95,62,South Line,Sealdah,DOWN
31110,Lakshmikantapur - Sealdah Local,Lakshmikantapur,Sealdah,04:44,06:20,96,62,South Line,Sealdah,DOWN
31112,Lakshmikantapur - Sealdah Local,Lakshmikantapur,Sealdah,05:09,06:42,93,62,South Line,Sealdah,DOWN
31114,Lakshmikantapur - Sealdah Local,Lakshmikantapur,Sealdah,05:35,07:09,94,62,South Line,Sealdah,DOWN
31116,Lakshmikantapur - Sealdah Local,Lakshmikantapur,Sealdah,05:58,07:31,93,62,South Line,Sealdah,DOWN
31118,Lakshmikantapur - Sealdah Local,Lakshmikantapur,Sealdah,06:24,07:58,94,62,South Line,Sealdah,DOWN
31120,Lakshmikantapur - Sealdah Local,Lakshmikantapur,Sealdah,06:47,08:24,97,62,South Line,Sealdah,DOWN
31122,Lakshmikantapur - Sealdah Local,Lakshmikantapur,Sealdah,07:14,08:53,99,62,South Line,Sealdah,DOWN
31124,Lakshmikantapur - Sealdah Local,Lakshmikantapur,Sealdah,07:39,09:10,91,62,South Line,Sealdah,DOWN
31126,Lakshmikantapur - Sealdah Local,Lakshmikantapur,Sealdah,08:06,09:43,97,62,South Line,Sealdah,DOWN
31128,Lakshmikantapur - Sealdah Local,Lakshmikantapur,Sealdah,08:30,10:02,92,62,South Line,Sealdah,DOWN
31130,Lakshmikantapur - Sealdah Local,Lakshmikantapur,Sealdah,08:53,10:31,98,62,South Line,Sealdah,DOWN
31132,Lakshmikantapur - Sealdah Local,Lakshmikantapur,Sealdah,09:17,10:54,97,62,South Line,Sealdah,DOWN
31134,Lakshmikantapur - Sealdah Local,Lakshmikantapur,Sealdah,09:44,11:16,92,62,South Line,Sealdah,DOWN
31136,Lakshmikantapur - Sealdah Local,Lakshmikantapur,Sealdah,10:07,11:41,94,62,South Line,Sealdah,DOWN
31138,Lakshmikantapur - Sealdah Local,Lakshmikantapur,Sealdah,10:32,12:04,92,62,South Line,Sealdah,DOWN
31140,Lakshmikantapur - Sealdah Local,Lakshmikantapur,Sealdah,10:57,12:28,91,62,South Line,Sealdah,DOWN
31142,Lakshmikantapur - Sealdah Local,Lakshmikantapur,Sealdah,11:24,13:01,97,62,South Line,Sealdah,DOWN
31144,Lakshmikantapur - Sealdah Local,Lakshmikantapur,Sealdah,11:50,13:29,99,62,South Line,Sealdah,DOWN
31146,Lakshmikantapur - Sealdah Local,Lakshmikantapur,Sealdah,12:17,13:48,91,62,South Line,Sealdah,DOWN
31148,Lakshmikantapur - Sealdah Local,Lakshmikantapur,Sealdah,12:42,14:20,98,62,South Line,Sealdah,DOWN
31150,Lakshmikantapur - Sealdah Local,Lakshmikantapur,Sealdah,13:06,14:37,91,62,South Line,Sealdah,DOWN
31152,Lakshmikantapur - Sealdah Local,Lakshmikantapur,Sealdah,13:32,15:11,99,62,South Line,Sealdah,DOWN
31154,Lakshmikantapur - Sealdah Local,Lakshmikantapur,Sealdah,13:56,15:30,94,62,South Line,Sealdah,DOWN
31156,Lakshmikantapur - Sealdah Local,Lakshmikantapur,Sealdah,14:21,16:00,99,62,South Line,Sealdah,DOWN
31158,Lakshmikantapur - Sealdah Local,Lakshmikantapur,Sealdah,14:44,16:18,94,62,South Line,Sealdah,DOWN
31160,Lakshmikantapur - Sealdah Local,Lakshmikantapur,Sealdah,15:11,16:44,93,62,South Line,Sealdah,DOWN
31162,Lakshmikantapur - Sealdah Local,Lakshmikantapur,Sealdah,15:38,17:14,96,62,South Line,Sealdah,DOWN
31164,Lakshmikantapur - Sealdah Local,Lakshmikantapur,Sealdah,16:01,17:32,91,62,South Line,Sealdah,DOWN
31166,Lakshmikantapur - Sealdah Local,Lakshmikantapur,Sealdah,16:25,17:57,92,62,South Line,Sealdah,DOWN
31168,Lakshmikantapur - Sealdah Local,Lakshmikantapur,Sealdah,16:49,18:26,97,62,South Line,Sealdah,DOWN
31170,Lakshmikantapur - Sealdah Local,Lakshmikantapur,Sealdah,17:14,18:51,97,62,South Line,Sealdah,DOWN
31172,Lakshmikantapur - Sealdah Local,Lakshmikantapur,Sealdah,17:39,19:13,94,62,South Line,Sealdah,DOWN
31174,Lakshmikantapur - Sealdah Local,Lakshmikantapur,Sealdah,18:05,19:36,91,62,South Line,Sealdah,DOWN
31176,Lakshmikantapur - Sealdah Local,Lakshmikantapur,Sealdah,18:32,20:04,92,62,South Line,Sealdah,DOWN
31178,Lakshmikantapur - Sealdah Local,Lakshmikantapur,Sealdah,18:55,20:30,95,62,South Line,Sealdah,DOWN
31180,Lakshmikantapur - Sealdah Local,Lakshmikantapur,Sealdah,19:22,20:58,96,62,South Line,Sealdah,DOWN
31182,Lakshmikantapur - Sealdah Local,Lakshmikantapur,Sealdah,19:49,21:24,95,62,South Line,Sealdah,DOWN
31184,Lakshmikantapur - Sealdah Local,Lakshmikantapur,Sealdah,20:14,21:48,94,62,South Line,Sealdah,DOWN
31186,Lakshmikantapur - Sealdah Local,Lakshmikantapur,Sealdah,20:38,22:15,97,62,South Line,Sealdah,DOWN
31188,Lakshmikantapur - Sealdah Local,Lakshmikantapur,Sealdah,21:04,22:35,91,62,South Line,Sealdah,DOWN
31190,Lakshmikantapur - Sealdah Local,Lakshmikantapur,Sealdah,21:31,23:04,93,62,South Line,Sealdah,DOWN
31192,Lakshmikantapur - Sealdah Local,Lakshmikantapur,Sealdah,21:56,23:35,99,62,South Line,Sealdah,DOWN
31194,Lakshmikantapur - Sealdah Local,Lakshmikantapur,Sealdah,22:22,00:01,99,62,South Line,Sealdah,DOWN
31196,Lakshmikantapur - Sealdah Local,Lakshmikantapur,Sealdah,22:45,00:24,99,62,South Line,Sealdah,DOWN
31198,Lakshmikantapur - Sealdah Local,Lakshmikantapur,Sealdah,23:08,00:44,96,62,South Line,Sealdah,DOWN
31200,Lakshmikantapur - Sealdah Local,Lakshmikantapur,Sealdah,23:33,01:12,99,62,South Line,Sealdah,DOWN
31102,Majerhat - Sealdah Local,Majerhat,Sealdah,03:00,03:38,38,15,Circular Railway,Sealdah,DOWN
31104,Majerhat - Sealdah Local,Majerhat,Sealdah,03:31,04:08,37,15,Circular Railway,Sealdah,DOWN
31106,Majerhat - Sealdah Local,Majerhat,Sealdah,04:02,04:45,43,15,Circular Railway,Sealdah,DOWN
31108,Majerhat - Sealdah Local,Majerhat,Sealdah,04:34,05:10,36,15,Circular Railway,Sealdah,DOWN
31110,Majerhat - Sealdah Local,Majerhat,Sealdah,05:04,05:43,39,15,Circular Railway,Sealdah,DOWN
31112,Majerhat - Sealdah Local,Majerhat,Sealdah,05:32,06:09,37,15,Circular Railway,Sealdah,DOWN
31114,Majerhat - Sealdah Local,Majerhat,Sealdah,06:03,06:44,41,15,Circular Railway,Sealdah,DOWN
31116,Majerhat - Sealdah Local,Majerhat,Sealdah,06:33,07:13,40,15,Circular Railway,Sealdah,DOWN
31118,Majerhat - Sealdah Local,Majerhat,Sealdah,07:05,07:49,44,15,Circular Railway,Sealdah,DOWN
31120,Majerhat - Sealdah Local,Majerhat,Sealdah,07:34,08:13,39,15,Circular Railway,Sealdah,DOWN
31122,Majerhat - Sealdah Local,Majerhat,Sealdah,08:04,08:47,43,15,Circular Railway,Sealdah,DOWN
31124,Majerhat - Sealdah Local,Majerhat,Sealdah,08:34,09:15,41,15,Circular Railway,Sealdah,DOWN
31126,Majerhat - Sealdah Local,Majerhat,Sealdah,09:06,09:44,38,15,Circular Railway,Sealdah,DOWN
31128,Majerhat - Sealdah Local,Majerhat,Sealdah,09:36,10:18,42,15,Circular Railway,Sealdah,DOWN
31130,Majerhat - Sealdah Local,Majerhat,Sealdah,10:07,10:49,42,15,Circular Railway,Sealdah,DOWN
31132,Majerhat - Sealdah Local,Majerhat,Sealdah,10:36,11:17,41,15,Circular Railway,Sealdah,DOWN
31134,Majerhat - Sealdah Local,Majerhat,Sealdah,11:06,11:46,40,15,Circular Railway,Sealdah,DOWN
31136,Majerhat - Sealdah Local,Majerhat,Sealdah,11:37,12:15,38,15,Circular Railway,Sealdah,DOWN
31138,Majerhat - Sealdah Local,Majerhat,Sealdah,12:08,12:46,38,15,Circular Railway,Sealdah,DOWN
31140,Majerhat - Sealdah Local,Majerhat,Sealdah,12:40,13:19,39,15,Circular Railway,Sealdah,DOWN
31142,Majerhat - Sealdah Local,Majerhat,Sealdah,13:12,13:52,40,15,Circular Railway,Sealdah,DOWN
31144,Majerhat - Sealdah Local,Majerhat,Sealdah,13:40,14:24,44,15,Circular Railway,Sealdah,DOWN
31146,Majerhat - Sealdah Local,Majerhat,Sealdah,14:09,14:51,42,15,Circular Railway,Sealdah,DOWN
31148,Majerhat - Sealdah Local,Majerhat,Sealdah,14:40,15:18,38,15,Circular Railway,Sealdah,DOWN
31150,Majerhat - Sealdah Local,Majerhat,Sealdah,15:09,15:52,43,15,Circular Railway,Sealdah,DOWN
31152,Majerhat - Sealdah Local,Majerhat,Sealdah,15:38,16:16,38,15,Circular Railway,Sealdah,DOWN
31154,Majerhat - Sealdah Local,Majerhat,Sealdah,16:06,16:49,43,15,Circular Railway,Sealdah,DOWN
31156,Majerhat - Sealdah Local,Majerhat,Sealdah,16:37,17:21,44,15,Circular Railway,Sealdah,DOWN
31158,Majerhat - Sealdah Local,Majerhat,Sealdah,17:06,17:47,41,15,Circular Railway,Sealdah,DOWN
31160,Majerhat - Sealdah Local,Majerhat,Sealdah,17:38,18:18,40,15,Circular Railway,Sealdah,DOWN
31162,Majerhat - Sealdah Local,Majerhat,Sealdah,18:09,18:53,44,15,Circular Railway,Sealdah,DOWN
31164,Majerhat - Sealdah Local,Majerhat,Sealdah,18:39,19:15,36,15,Circular Railway,Sealdah,DOWN
31166,Majerhat - Sealdah Local,Majerhat,Sealdah,19:11,19:48,37,15,Circular Railway,Sealdah,DOWN
31168,Majerhat - Sealdah Local,Majerhat,Sealdah,19:42,20:18,36,15,Circular Railway,Sealdah,DOWN
31170,Majerhat - Sealdah Local,Majerhat,Sealdah,20:11,20:51,40,15,Circular Railway,Sealdah,DOWN
31172,Majerhat - Sealdah Local,Majerhat,Sealdah,20:40,21:17,37,15,Circular Railway,Sealdah,DOWN
31174,Majerhat - Sealdah Local,Majerhat,Sealdah,21:11,21:52,41,15,Circular Railway,Sealdah,DOWN
31176,Majerhat - Sealdah Local,Majerhat,Sealdah,21:42,22:23,41,15,Circular Railway,Sealdah,DOWN
31178,Majerhat - Sealdah Local,Majerhat,Sealdah,22:12,22:56,44,15,Circular Railway,Sealdah,DOWN
31180,Majerhat - Sealdah Local,Majerhat,Sealdah,22:42,23:22,40,15,Circular Railway,Sealdah,DOWN
31182,Majerhat - Sealdah Local,Majerhat,Sealdah,23:14,23:50,36,15,Circular Railway,Sealdah,DOWN
31184,Majerhat - Sealdah Local,Majerhat,Sealdah,23:44,00:21,37,15,Circular Railway,Sealdah,DOWN
31102,Naihati - Sealdah Local,Naihati,Sealdah,03:00,04:07,67,38,Main Line,Sealdah,DOWN
31104,Naihati - Sealdah Local,Naihati,Sealdah,03:10,04:18,68,38,Main Line,Sealdah,DOWN
31106,Naihati - Sealdah Local,Naihati,Sealdah,03:22,04:26,64,38,Main Line,Sealdah,DOWN
31108,Naihati - Sealdah Local,Naihati,Sealdah,03:31,04:35,64,38,Main Line,Sealdah,DOWN
31110,Naihati - Sealdah Local,Naihati,Sealdah,03:41,04:50,69,38,Main Line,Sealdah,DOWN
31112,Naihati - Sealdah Local,Naihati,Sealdah,03:49,04:55,66,38,Main Line,Sealdah,DOWN
31114,Naihati - Sealdah Local,Naihati,Sealdah,03:57,04:58,61,38,Main Line,Sealdah,DOWN
31116,Naihati - Sealdah Local,Naihati,Sealdah,04:05,05:13,68,38,Main Line,Sealdah,DOWN
31118,Naihati - Sealdah Local,Naihati,Sealdah,04:17,05:26,69,38,Main Line,Sealdah,DOWN
31120,Naihati - Sealdah Local,Naihati,Sealdah,04:29,05:30,61,38,Main Line,Sealdah,DOWN
31122,Naihati - Sealdah Local,Naihati,Sealdah,04:38,05:40,62,38,Main Line,Sealdah,DOWN
31124,Naihati - Sealdah Local,Naihati,Sealdah,04:50,05:52,62,38,Main Line,Sealdah,DOWN
31126,Naihati - Sealdah Local,Naihati,Sealdah,04:59,06:01,62,38,Main Line,Sealdah,DOWN
31128,Naihati - Sealdah Local,Naihati,Sealdah,05:11,06:18,67,38,Main Line,Sealdah,DOWN
31130,Naihati - Sealdah Local,Naihati,Sealdah,05:20,06:24,64,38,Main Line,Sealdah,DOWN
31132,Naihati - Sealdah Local,Naihati,Sealdah,05:28,06:29,61,38,Main Line,Sealdah,DOWN
31134,Naihati - Sealdah Local,Naihati,Sealdah,05:40,06:42,62,38,Main Line,Sealdah,DOWN
31136,Naihati - Sealdah Local,Naihati,Sealdah,05:52,07:01,69,38,Main Line,Sealdah,DOWN
31138,Naihati - Sealdah Local,Naihati,Sealdah,06:03,07:08,65,38,Main Line,Sealdah,DOWN
31140,Naihati - Sealdah Local,Naihati,Sealdah,06:13,07:19,66,38,Main Line,Sealdah,DOWN
31142,Naihati - Sealdah Local,Naihati,Sealdah,06:22,07:27,65,38,Main Line,Sealdah,DOWN
31144,Naihati - Sealdah Local,Naihati,Sealdah,06:31,07:34,63,38,Main Line,Sealdah,DOWN
31146,Naihati - Sealdah Local,Naihati,Sealdah,06:42,07:50,68,38,Main Line,Sealdah,DOWN
31148,Naihati - Sealdah Local,Naihati,Sealdah,06:52,07:54,62,38,Main Line,Sealdah,DOWN
31150,Naihati - Sealdah Local,Naihati,Sealdah,07:02,08:10,68,38,Main Line,Sealdah,DOWN
31152,Naihati - Sealdah Local,Naihati,Sealdah,07:10,08:12,62,38,Main Line,Sealdah,DOWN
31154,Naihati - Sealdah Local,Naihati,Sealdah,07:22,08:31,69,38,Main Line,Sealdah,DOWN
31156,Naihati - Sealdah Local,Naihati,Sealdah,07:30,08:39,69,38,Main Line,Sealdah,DOWN
31158,Naihati - Sealdah Local,Naihati,Sealdah,07:39,08:42,63,38,Main Line,Sealdah,DOWN
31160,Naihati - Sealdah Local,Naihati,Sealdah,07:49,08:51,62,38,Main Line,Sealdah,DOWN
31162,Naihati - Sealdah Local,Naihati,Sealdah,07:59,09:05,66,38,Main Line,Sealdah,DOWN
31164,Naihati - Sealdah Local,Naihati,Sealdah,08:08,09:11,63,38,Main Line,Sealdah,DOWN
31166,Naihati - Sealdah Local,Naihati,Sealdah,08:18,09:27,69,38,Main Line,Sealdah,DOWN
31168,Naihati - Sealdah Local,Naihati,Sealdah,08:29,09:38,69,38,Main Line,Sealdah,DOWN
31170,Naihati - Sealdah Local,Naihati,Sealdah,08:39,09:48,69,38,Main Line,Sealdah,DOWN
31172,Naihati - Sealdah Local,Naihati,Sealdah,08:47,09:49,62,38,Main Line,Sealdah,DOWN
31174,Naihati - Sealdah Local,Naihati,Sealdah,08:57,10:02,65,38,Main Line,Sealdah,DOWN
31176,Naihati - Sealdah Local,Naihati,Sealdah,09:06,10:08,62,38,Main Line,Sealdah,DOWN
31178,Naihati - Sealdah Local,Naihati,Sealdah,09:14,10:17,63,38,Main Line,Sealdah,DOWN
31180,Naihati - Sealdah Local,Naihati,Sealdah,09:26,10:31,65,38,Main Line,Sealdah,DOWN
31182,Naihati - Sealdah Local,Naihati,Sealdah,09:36,10:40,64,38,Main Line,Sealdah,DOWN
31184,Naihati - Sealdah Local,Naihati,Sealdah,09:48,10:52,64,38,Main Line,Sealdah,DOWN
31186,Naihati - Sealdah Local,Naihati,Sealdah,09:58,11:07,69,38,Main Line,Sealdah,DOWN
31188,Naihati - Sealdah Local,Naihati,Sealdah,10:08,11:13,65,38,Main Line,Sealdah,DOWN
31190,Naihati - Sealdah Local,Naihati,Sealdah,10:19,11:21,62,38,Main Line,Sealdah,DOWN
31192,Naihati - Sealdah Local,Naihati,Sealdah,10:27,11:32,65,38,Main Line,Sealdah,DOWN
31194,Naihati - Sealdah Local,Naihati,Sealdah,10:38,11:39,61,38,Main Line,Sealdah,DOWN
31196,Naihati - Sealdah Local,Naihati,Sealdah,10:46,11:49,63,38,Main Line,Sealdah,DOWN
31198,Naihati - Sealdah Local,Naihati,Sealdah,10:56,11:59,63,38,Main Line,Sealdah,DOWN
31200,Naihati - Sealdah Local,Naihati,Sealdah,11:06,12:15,69,38,Main Line,Sealdah,DOWN
31202,Naihati - Sealdah Local,Naihati,Sealdah,11:17,12:26,69,38,Main Line,Sealdah,DOWN
31204,Naihati - Sealdah Local,Naihati,Sealdah,11:28,12:30,62,38,Main Line,Sealdah,DOWN
31206,Naihati - Sealdah Local,Naihati,Sealdah,11:36,12:39,63,38,Main Line,Sealdah,DOWN
31208,Naihati - Sealdah Local,Naihati,Sealdah,11:44,12:45,61,38,Main Line,Sealdah,DOWN
31210,Naihati - Sealdah Local,Naihati,Sealdah,11:56,13:05,69,38,Main Line,Sealdah,DOWN
31212,Naihati - Sealdah Local,Naihati,Sealdah,12:06,13:13,67,38,Main Line,Sealdah,DOWN
31214,Naihati - Sealdah Local,Naihati,Sealdah,12:15,13:16,61,38,Main Line,Sealdah,DOWN
31216,Naihati - Sealdah Local,Naihati,Sealdah,12:24,13:30,66,38,Main Line,Sealdah,DOWN
31218,Naihati - Sealdah Local,Naihati,Sealdah,12:34,13:40,66,38,Main Line,Sealdah,DOWN
31220,Naihati - Sealdah Local,Naihati,Sealdah,12:42,13:46,64,38,Main Line,Sealdah,DOWN
31222,Naihati - Sealdah Local,Naihati,Sealdah,12:51,13:57,66,38,Main Line,Sealdah,DOWN
31224,Naihati - Sealdah Local,Naihati,Sealdah,12:59,14:06,67,38,Main Line,Sealdah,DOWN
31226,Naihati - Sealdah Local,Naihati,Sealdah,13:11,14:14,63,38,Main Line,Sealdah,DOWN
31228,Naihati - Sealdah Local,Naihati,Sealdah,13:23,14:26,63,38,Main Line,Sealdah,DOWN
31230,Naihati - Sealdah Local,Naihati,Sealdah,13:32,14:39,67,38,Main Line,Sealdah,DOWN
31232,Naihati - Sealdah Local,Naihati,Sealdah,13:41,14:44,63,38,Main Line,Sealdah,DOWN
31234,Naihati - Sealdah Local,Naihati,Sealdah,13:49,14:56,67,38,Main Line,Sealdah,DOWN
31236,Naihati - Sealdah Local,Naihati,Sealdah,13:59,15:04,65,38,Main Line,Sealdah,DOWN
31238,Naihati - Sealdah Local,Naihati,Sealdah,14:08,15:10,62,38,Main Line,Sealdah,DOWN
31240,Naihati - Sealdah Local,Naihati,Sealdah,14:17,15:18,61,38,Main Line,Sealdah,DOWN
31242,Naihati - Sealdah Local,Naihati,Sealdah,14:28,15:32,64,38,Main Line,Sealdah,DOWN
31244,Naihati - Sealdah Local,Naihati,Sealdah,14:39,15:47,68,38,Main Line,Sealdah,DOWN
31246,Naihati - Sealdah Local,Naihati,Sealdah,14:48,15:53,65,38,Main Line,Sealdah,DOWN
31248,Naihati - Sealdah Local,Naihati,Sealdah,14:58,16:02,64,38,Main Line,Sealdah,DOWN
31250,Naihati - Sealdah Local,Naihati,Sealdah,15:07,16:11,64,38,Main Line,Sealdah,DOWN
31252,Naihati - Sealdah Local,Naihati,Sealdah,15:15,16:21,66,38,Main Line,Sealdah,DOWN
31254,Naihati - Sealdah Local,Naihati,Sealdah,15:26,16:28,62,38,Main Line,Sealdah,DOWN
31256,Naihati - Sealdah Local,Naihati,Sealdah,15:36,16:42,66,38,Main Line,Sealdah,DOWN
31258,Naihati - Sealdah Local,Naihati,Sealdah,15:46,16:53,67,38,Main Line,Sealdah,DOWN
31260,Naihati - Sealdah Local,Naihati,Sealdah,15:58,17:04,66,38,Main Line,Sealdah,DOWN
31262,Naihati - Sealdah Local,Naihati,Sealdah,16:10,17:12,62,38,Main Line,Sealdah,DOWN
31264,Naihati - Sealdah Local,Naihati,Sealdah,16:18,17:21,63,38,Main Line,Sealdah,DOWN
31266,Naihati - Sealdah Local,Naihati,Sealdah,16:28,17:33,65,38,Main Line,Sealdah,DOWN
31268,Naihati - Sealdah Local,Naihati,Sealdah,16:40,17:42,62,38,Main Line,Sealdah,DOWN
31270,Naihati - Sealdah Local,Naihati,Sealdah,16:48,17:55,67,38,Main Line,Sealdah,DOWN
31272,Naihati - Sealdah Local,Naihati,Sealdah,17:00,18:06,66,38,Main Line,Sealdah,DOWN
31274,Naihati - Sealdah Local,Naihati,Sealdah,17:10,18:19,69,38,Main Line,Sealdah,DOWN
31276,Naihati - Sealdah Local,Naihati,Sealdah,17:21,18:28,67,38,Main Line,Sealdah,DOWN
31278,Naihati - Sealdah Local,Naihati,Sealdah,17:29,18:33,64,38,Main Line,Sealdah,DOWN
31280,Naihati - Sealdah Local,Naihati,Sealdah,17:41,18:42,61,38,Main Line,Sealdah,DOWN
31282,Naihati - Sealdah Local,Naihati,Sealdah,17:51,18:52,61,38,Main Line,Sealdah,DOWN
31284,Naihati - Sealdah Local,Naihati,Sealdah,18:02,19:11,69,38,Main Line,Sealdah,DOWN
31286,Naihati - Sealdah Local,Naihati,Sealdah,18:14,19:20,66,38,Main Line,Sealdah,DOWN
31288,Naihati - Sealdah Local,Naihati,Sealdah,18:23,19:25,62,38,Main Line,Sealdah,DOWN
31290,Naihati - Sealdah Local,Naihati,Sealdah,18:34,19:40,66,38,Main Line,Sealdah,DOWN
31292,Naihati - Sealdah Local,Naihati,Sealdah,18:44,19:49,65,38,Main Line,Sealdah,DOWN
31294,Naihati - Sealdah Local,Naihati,Sealdah,18:52,19:57,65,38,Main Line,Sealdah,DOWN
31296,Naihati - Sealdah Local,Naihati,Sealdah,19:04,20:10,66,38,Main Line,Sealdah,DOWN
31298,Naihati - Sealdah Local,Naihati,Sealdah,19:15,20:20,65,38,Main Line,Sealdah,DOWN
31300,Naihati - Sealdah Local,Naihati,Sealdah,19:26,20:29,63,38,Main Line,Sealdah,DOWN
31302,Naihati - Sealdah Local,Naihati,Sealdah,19:38,20:45,67,38,Main Line,Sealdah,DOWN
31304,Naihati - Sealdah Local,Naihati,Sealdah,19:47,20:50,63,38,Main Line,Sealdah,DOWN
31306,Naihati - Sealdah Local,Naihati,Sealdah,19:58,21:03,65,38,Main Line,Sealdah,DOWN
31308,Naihati - Sealdah Local,Naihati,Sealdah,20:10,21:19,69,38,Main Line,Sealdah,DOWN
31310,Naihati - Sealdah Local,Naihati,Sealdah,20:21,21:26,65,38,Main Line,Sealdah,DOWN
31312,Naihati - Sealdah Local,Naihati,Sealdah,20:29,21:33,64,38,Main Line,Sealdah,DOWN
31314,Naihati - Sealdah Local,Naihati,Sealdah,20:39,21:45,66,38,Main Line,Sealdah,DOWN
31316,Naihati - Sealdah Local,Naihati,Sealdah,20:50,21:58,68,38,Main Line,Sealdah,DOWN
31318,Naihati - Sealdah Local,Naihati,Sealdah,21:01,22:05,64,38,Main Line,Sealdah,DOWN
31320,Naihati - Sealdah Local,Naihati,Sealdah,21:12,22:20,68,38,Main Line,Sealdah,DOWN
31322,Naihati - Sealdah Local,Naihati,Sealdah,21:24,22:26,62,38,Main Line,Sealdah,DOWN
31324,Naihati - Sealdah Local,Naihati,Sealdah,21:33,22:42,69,38,Main Line,Sealdah,DOWN
31326,Naihati - Sealdah Local,Naihati,Sealdah,21:43,22:49,66,38,Main Line,Sealdah,DOWN
31328,Naihati - Sealdah Local,Naihati,Sealdah,21:55,22:59,64,38,Main Line,Sealdah,DOWN
31330,Naihati - Sealdah Local,Naihati,Sealdah,22:03,23:07,64,38,Main Line,Sealdah,DOWN
31332,Naihati - Sealdah Local,Naihati,Sealdah,22:13,23:16,63,38,Main Line,Sealdah,DOWN
31334,Naihati - Sealdah Local,Naihati,Sealdah,22:22,23:23,61,38,Main Line,Sealdah,DOWN
31336,Naihati - Sealdah Local,Naihati,Sealdah,22:30,23:38,68,38,Main Line,Sealdah,DOWN
31338,Naihati - Sealdah Local,Naihati,Sealdah,22:39,23:41,62,38,Main Line,Sealdah,DOWN
31340,Naihati - Sealdah Local,Naihati,Sealdah,22:51,23:58,67,38,Main Line,Sealdah,DOWN
31342,Naihati - Sealdah Local,Naihati,Sealdah,23:02,00:06,64,38,Main Line,Sealdah,DOWN
31344,Naihati - Sealdah Local,Naihati,Sealdah,23:14,00:22,68,38,Main Line,Sealdah,DOWN
31346,Naihati - Sealdah Local,Naihati,Sealdah,23:25,00:29,64,38,Main Line,Sealdah,DOWN
31348,Naihati - Sealdah Local,Naihati,Sealdah,23:36,00:37,61,38,Main Line,Sealdah,DOWN
31350,Naihati - Sealdah Local,Naihati,Sealdah,23:45,00:52,67,38,Main Line,Sealdah,DOWN
31352,Naihati - Sealdah Local,Naihati,Sealdah,23:53,00:56,63,38,Main Line,Sealdah,DOWN
31102,Namkhana - Sealdah Local,Namkhana,Sealdah,03:00,05:42,162,109,South Line,Sealdah,DOWN
31104,Namkhana - Sealdah Local,Namkhana,Sealdah,03:47,06:25,158,109,South Line,Sealdah,DOWN
31106,Namkhana - Sealdah Local,Namkhana,Sealdah,04:30,07:13,163,109,South Line,Sealdah,DOWN
31108,Namkhana - Sealdah Local,Namkhana,Sealdah,05:13,07:49,156,109,South Line,Sealdah,DOWN
31110,Namkhana - Sealdah Local,Namkhana,Sealdah,05:58,08:35,157,109,South Line,Sealdah,DOWN
31112,Namkhana - Sealdah Local,Namkhana,Sealdah,06:41,09:19,158,109,South Line,Sealdah,DOWN
31114,Namkhana - Sealdah Local,Namkhana,Sealdah,07:24,10:08,164,109,South Line,Sealdah,DOWN
31116,Namkhana - Sealdah Local,Namkhana,Sealdah,08:09,10:48,159,109,South Line,Sealdah,DOWN
31118,Namkhana - Sealdah Local,Namkhana,Sealdah,08:52,11:34,162,109,South Line,Sealdah,DOWN
31120,Namkhana - Sealdah Local,Namkhana,Sealdah,09:37,12:20,163,109,South Line,Sealdah,DOWN
31122,Namkhana - Sealdah Local,Namkhana,Sealdah,10:23,13:05,162,109,South Line,Sealdah,DOWN
31124,Namkhana - Sealdah Local,Namkhana,Sealdah,11:09,13:45,156,109,South Line,Sealdah,DOWN
31126,Namkhana - Sealdah Local,Namkhana,Sealdah,11:54,14:31,157,109,South Line,Sealdah,DOWN
31128,Namkhana - Sealdah Local,Namkhana,Sealdah,12:40,15:16,156,109,South Line,Sealdah,DOWN
31130,Namkhana - Sealdah Local,Namkhana,Sealdah,13:27,16:04,157,109,South Line,Sealdah,DOWN
31132,Namkhana - Sealdah Local,Namkhana,Sealdah,14:14,16:50,156,109,South Line,Sealdah,DOWN
31134,Namkhana - Sealdah Local,Namkhana,Sealdah,15:01,17:42,161,109,South Line,Sealdah,DOWN
31136,Namkhana - Sealdah Local,Namkhana,Sealdah,15:44,18:21,157,109,South Line,Sealdah,DOWN
31138,Namkhana - Sealdah Local,Namkhana,Sealdah,16:31,19:11,160,109,South Line,Sealdah,DOWN
31140,Namkhana - Sealdah Local,Namkhana,Sealdah,17:16,19:53,157,109,South Line,Sealdah,DOWN
31142,Namkhana - Sealdah Local,Namkhana,Sealdah,18:03,20:46,163,109,South Line,Sealdah,DOWN
31144,Namkhana - Sealdah Local,Namkhana,Sealdah,18:48,21:30,162,109,South Line,Sealdah,DOWN
31146,Namkhana - Sealdah Local,Namkhana,Sealdah,19:34,22:17,163,109,South Line,Sealdah,DOWN
31148,Namkhana - Sealdah Local,Namkhana,Sealdah,20:17,23:01,164,109,South Line,Sealdah,DOWN
31150,Namkhana - Sealdah Local,Namkhana,Sealdah,21:01,23:39,158,109,South Line,Sealdah,DOWN
31152,Namkhana - Sealdah Local,Namkhana,Sealdah,21:45,00:29,164,109,South Line,Sealdah,DOWN
31154,Namkhana - Sealdah Local,Namkhana,Sealdah,22:31,01:09,158,109,South Line,Sealdah,DOWN
31156,Namkhana - Sealdah Local,Namkhana,Sealdah,23:16,01:57,161,109,South Line,Sealdah,DOWN
31102,Ranaghat - Sealdah Local,Ranaghat,Sealdah,03:00,04:58,118,73,Main Line,Sealdah,DOWN
31104,Ranaghat - Sealdah Local,Ranaghat,Sealdah,03:16,05:10,114,73,Main Line,Sealdah,DOWN
31106,Ranaghat - Sealdah Local,Ranaghat,Sealdah,03:32,05:31,119,73,Main Line,Sealdah,DOWN
31108,Ranaghat - Sealdah Local,Ranaghat,Sealdah,03:48,05:45,117,73,Main Line,Sealdah,DOWN
31110,Ranaghat - Sealdah Local,Ranaghat,Sealdah,04:02,06:01,119,73,Main Line,Sealdah,DOWN
31112,Ranaghat - Sealdah Local,Ranaghat,Sealdah,04:16,06:08,112,73,Main Line,Sealdah,DOWN
31114,Ranaghat - Sealdah Local,Ranaghat,Sealdah,04:30,06:27,117,73,Main Line,Sealdah,DOWN
31116,Ranaghat - Sealdah Local,Ranaghat,Sealdah,04:45,06:44,119,73,Main Line,Sealdah,DOWN
31118,Ranaghat - Sealdah Local,Ranaghat,Sealdah,05:00,06:51,111,73,Main Line,Sealdah,DOWN
31120,Ranaghat - Sealdah Local,Ranaghat,Sealdah,05:15,07:10,115,73,Main Line,Sealdah,DOWN
31122,Ranaghat - Sealdah Local,Ranaghat,Sealdah,05:30,07:28,118,73,Main Line,Sealdah,DOWN
31124,Ranaghat - Sealdah Local,Ranaghat,Sealdah,05:47,07:45,118,73,Main Line,Sealdah,DOWN
31126,Ranaghat - Sealdah Local,Ranaghat,Sealdah,06:01,07:59,118,73,Main Line,Sealdah,DOWN
31128,Ranaghat - Sealdah Local,Ranaghat,Sealdah,06:18,08:14,116,73,Main Line,Sealdah,DOWN
31130,Ranaghat - Sealdah Local,Ranaghat,Sealdah,06:33,08:32,119,73,Main Line,Sealdah,DOWN
31132,Ranaghat - Sealdah Local,Ranaghat,Sealdah,06:50,08:48,118,73,Main Line,Sealdah,DOWN
31134,Ranaghat - Sealdah Local,Ranaghat,Sealdah,07:06,09:00,114,73,Main Line,Sealdah,DOWN
31136,Ranaghat - Sealdah Local,Ranaghat,Sealdah,07:21,09:18,117,73,Main Line,Sealdah,DOWN
31138,Ranaghat - Sealdah Local,Ranaghat,Sealdah,07:35,09:32,117,73,Main Line,Sealdah,DOWN
31140,Ranaghat - Sealdah Local,Ranaghat,Sealdah,07:49,09:45,116,73,Main Line,Sealdah,DOWN
31142,Ranaghat - Sealdah Local,Ranaghat,Sealdah,08:02,09:59,117,73,Main Line,Sealdah,DOWN
31144,Ranaghat - Sealdah Local,Ranaghat,Sealdah,08:18,10:11,113,73,Main Line,Sealdah,DOWN
31146,Ranaghat - Sealdah Local,Ranaghat,Sealdah,08:34,10:25,111,73,Main Line,Sealdah,DOWN
31148,Ranaghat - Sealdah Local,Ranaghat,Sealdah,08:50,10:49,119,73,Main Line,Sealdah,DOWN
31150,Ranaghat - Sealdah Local,Ranaghat,Sealdah,09:04,11:00,116,73,Main Line,Sealdah,DOWN
31152,Ranaghat - Sealdah Local,Ranaghat,Sealdah,09:21,11:19,118,73,Main Line,Sealdah,DOWN
31154,Ranaghat - Sealdah Local,Ranaghat,Sealdah,09:34,11:33,119,73,Main Line,Sealdah,DOWN
31156,Ranaghat - Sealdah Local,Ranaghat,Sealdah,09:47,11:38,111,73,Main Line,Sealdah,DOWN
31158,Ranaghat - Sealdah Local,Ranaghat,Sealdah,10:03,12:00,117,73,Main Line,Sealdah,DOWN
31160,Ranaghat - Sealdah Local,Ranaghat,Sealdah,10:17,12:09,112,73,Main Line,Sealdah,DOWN
31162,Ranaghat - Sealdah Local,Ranaghat,Sealdah,10:31,12:26,115,73,Main Line,Sealdah,DOWN
31164,Ranaghat - Sealdah Local,Ranaghat,Sealdah,10:47,12:44,117,73,Main Line,Sealdah,DOWN
31166,Ranaghat - Sealdah Local,Ranaghat,Sealdah,11:02,12:58,116,73,Main Line,Sealdah,DOWN
31168,Ranaghat - Sealdah Local,Ranaghat,Sealdah,11:15,13:12,117,73,Main Line,Sealdah,DOWN
31170,Ranaghat - Sealdah Local,Ranaghat,Sealdah,11:32,13:30,118,73,Main Line,Sealdah,DOWN
31172,Ranaghat - Sealdah Local,Ranaghat,Sealdah,11:47,13:38,111,73,Main Line,Sealdah,DOWN
31174,Ranaghat - Sealdah Local,Ranaghat,Sealdah,12:04,13:56,112,73,Main Line,Sealdah,DOWN
31176,Ranaghat - Sealdah Local,Ranaghat,Sealdah,12:21,14:16,115,73,Main Line,Sealdah,DOWN
31178,Ranaghat - Sealdah Local,Ranaghat,Sealdah,12:35,14:27,112,73,Main Line,Sealdah,DOWN
31180,Ranaghat - Sealdah Local,Ranaghat,Sealdah,12:49,14:41,112,73,Main Line,Sealdah,DOWN
31182,Ranaghat - Sealdah Local,Ranaghat,Sealdah,13:05,15:03,118,73,Main Line,Sealdah,DOWN
31184,Ranaghat - Sealdah Local,Ranaghat,Sealdah,13:18,15:13,115,73,Main Line,Sealdah,DOWN
31186,Ranaghat - Sealdah Local,Ranaghat,Sealdah,13:32,15:23,111,73,Main Line,Sealdah,DOWN
31188,Ranaghat - Sealdah Local,Ranaghat,Sealdah,13:45,15:36,111,73,Main Line,Sealdah,DOWN
31190,Ranaghat - Sealdah Local,Ranaghat,Sealdah,14:00,15:56,116,73,Main Line,Sealdah,DOWN
31192,Ranaghat - Sealdah Local,Ranaghat,Sealdah,14:15,16:12,117,73,Main Line,Sealdah,DOWN
31194,Ranaghat - Sealdah Local,Ranaghat,Sealdah,14:30,16:24,114,73,Main Line,Sealdah,DOWN
31196,Ranaghat - Sealdah Local,Ranaghat,Sealdah,14:44,16:41,117,73,Main Line,Sealdah,DOWN
31198,Ranaghat - Sealdah Local,Ranaghat,Sealdah,15:01,16:54,113,73,Main Line,Sealdah,DOWN
31200,Ranaghat - Sealdah Local,Ranaghat,Sealdah,15:18,17:11,113,73,Main Line,Sealdah,DOWN
31202,Ranaghat - Sealdah Local,Ranaghat,Sealdah,15:32,17:29,117,73,Main Line,Sealdah,DOWN
31204,Ranaghat - Sealdah Local,Ranaghat,Sealdah,15:45,17:39,114,73,Main Line,Sealdah,DOWN
31206,Ranaghat - Sealdah Local,Ranaghat,Sealdah,16:02,17:55,113,73,Main Line,Sealdah,DOWN
31208,Ranaghat - Sealdah Local,Ranaghat,Sealdah,16:18,18:16,118,73,Main Line,Sealdah,DOWN
31210,Ranaghat - Sealdah Local,Ranaghat,Sealdah,16:32,18:30,118,73,Main Line,Sealdah,DOWN
31212,Ranaghat - Sealdah Local,Ranaghat,Sealdah,16:47,18:38,111,73,Main Line,Sealdah,DOWN
31214,Ranaghat - Sealdah Local,Ranaghat,Sealdah,17:02,18:57,115,73,Main Line,Sealdah,DOWN
31216,Ranaghat - Sealdah Local,Ranaghat,Sealdah,17:18,19:11,113,73,Main Line,Sealdah,DOWN
31218,Ranaghat - Sealdah Local,Ranaghat,Sealdah,17:35,19:33,118,73,Main Line,Sealdah,DOWN
31220,Ranaghat - Sealdah Local,Ranaghat,Sealdah,17:48,19:43,115,73,Main Line,Sealdah,DOWN
31222,Ranaghat - Sealdah Local,Ranaghat,Sealdah,18:03,19:58,115,73,Main Line,Sealdah,DOWN
31224,Ranaghat - Sealdah Local,Ranaghat,Sealdah,18:19,20:14,115,73,Main Line,Sealdah,DOWN
31226,Ranaghat - Sealdah Local,Ranaghat,Sealdah,18:35,20:32,117,73,Main Line,Sealdah,DOWN
31228,Ranaghat - Sealdah Local,Ranaghat,Sealdah,18:49,20:41,112,73,Main Line,Sealdah,DOWN
31230,Ranaghat - Sealdah Local,Ranaghat,Sealdah,19:05,21:02,117,73,Main Line,Sealdah,DOWN
31232,Ranaghat - Sealdah Local,Ranaghat,Sealdah,19:19,21:15,116,73,Main Line,Sealdah,DOWN
31234,Ranaghat - Sealdah Local,Ranaghat,Sealdah,19:36,21:31,115,73,Main Line,Sealdah,DOWN
31236,Ranaghat - Sealdah Local,Ranaghat,Sealdah,19:53,21:44,111,73,Main Line,Sealdah,DOWN
31238,Ranaghat - Sealdah Local,Ranaghat,Sealdah,20:08,22:03,115,73,Main Line,Sealdah,DOWN
31240,Ranaghat - Sealdah Local,Ranaghat,Sealdah,20:24,22:15,111,73,Main Line,Sealdah,DOWN
31242,Ranaghat - Sealdah Local,Ranaghat,Sealdah,20:37,22:35,118,73,Main Line,Sealdah,DOWN
31244,Ranaghat - Sealdah Local,Ranaghat,Sealdah,20:54,22:48,114,73,Main Line,Sealdah,DOWN
31246,Ranaghat - Sealdah Local,Ranaghat,Sealdah,21:09,23:05,116,73,Main Line,Sealdah,DOWN
31248,Ranaghat - Sealdah Local,Ranaghat,Sealdah,21:26,23:20,114,73,Main Line,Sealdah,DOWN
31250,Ranaghat - Sealdah Local,Ranaghat,Sealdah,21:40,23:35,115,73,Main Line,Sealdah,DOWN
31252,Ranaghat - Sealdah Local,Ranaghat,Sealdah,21:57,23:49,112,73,Main Line,Sealdah,DOWN
31254,Ranaghat - Sealdah Local,Ranaghat,Sealdah,22:11,00:06,115,73,Main Line,Sealdah,DOWN
31256,Ranaghat - Sealdah Local,Ranaghat,Sealdah,22:24,00:15,111,73,Main Line,Sealdah,DOWN
31258,Ranaghat - Sealdah Local,Ranaghat,Sealdah,22:40,00:36,116,73,Main Line,Sealdah,DOWN
31260,Ranaghat - Sealdah Local,Ranaghat,Sealdah,22:57,00:49,112,73,Main Line,Sealdah,DOWN
31262,Ranaghat - Sealdah Local,Ranaghat,Sealdah,23:11,01:07,116,73,Main Line,Sealdah,DOWN
31264,Ranaghat - Sealdah Local,Ranaghat,Sealdah,23:26,01:19,113,73,Main Line,Sealdah,DOWN
31266,Ranaghat - Sealdah Local,Ranaghat,Sealdah,23:42,01:35,113,73,Main Line,Sealdah,DOWN
31101,Sealdah - Naihati Local,Sealdah,Naihati,03:00,04:01,61,38,Main Line,Sealdah,UP
31357,Sealdah - Kalyani Simanta Local,Sealdah,Kalyani Simanta,03:00,04:28,88,53,Main Line,Sealdah,UP
31481,Sealdah - Ranaghat Local,Sealdah,Ranaghat,03:00,04:53,113,73,Main Line,Sealdah,UP
31649,Sealdah - Krishnanagar Local,Sealdah,Krishnanagar,03:00,05:26,146,100,Main Line,Sealdah,UP
31751,Sealdah - Shantipur Local,Sealdah,Shantipur,03:00,05:13,133,93,Main Line,Sealdah,UP
31837,Sealdah - Gede Local,Sealdah,Gede,03:00,05:42,162,117,Main Line,Sealdah,UP
31909,Sealdah - Bangaon Local,Sealdah,Bangaon,03:00,05:07,127,77,Bangaon Line,Sealdah,UP
32079,Sealdah - Hasnabad Local,Sealdah,Hasnabad,03:00,05:07,127,75,Bangaon Line,Sealdah,UP
32181,Sealdah - Dankuni Local,Sealdah,Dankuni,03:00,03:48,48,22,Chord Link,Sealdah,UP
32307,Sealdah - Barrackpore Local,Sealdah,Barrackpore,03:00,03:39,39,22,Main Line,Sealdah,UP
32475,Sealdah - Budge Budge Local,Sealdah,Budge Budge,03:00,03:51,51,26,South Line,Sealdah,UP
32643,Sealdah - Sonarpur Local,Sealdah,Sonarpur,03:00,03:31,31,17,South Line,Sealdah,UP
32855,Sealdah - Baruipur Local,Sealdah,Baruipur,03:00,03:48,48,25,South Line,Sealdah,UP
33069,Sealdah - Diamond Harbour Local,Sealdah,Diamond Harbour,03:00,04:32,92,60,South Line,Sealdah,UP
33197,Sealdah - Kakdwip Local,Sealdah,Kakdwip,03:00,05:16,136,95,South Line,Sealdah,UP
33269,Sealdah - Namkhana Local,Sealdah,Namkhana,03:00,05:38,158,109,South Line,Sealdah,UP
33325,Sealdah - Canning Local,Sealdah,Canning,03:00,04:19,79,45,South Line,Sealdah,UP
33427,Sealdah - Lakshmikantapur Local,Sealdah,Lakshmikantapur,03:00,04:37,97,62,South Line,Sealdah,UP
33527,Sealdah - Majerhat Local,Sealdah,Majerhat,03:00,03:44,44,15,Circular Railway,Sealdah,UP
31103,Sealdah - Naihati Local,Sealdah,Naihati,03:08,04:12,64,38,Main Line,Sealdah,UP
32645,Sealdah - Sonarpur Local,Sealdah,Sonarpur,03:12,03:50,38,17,South Line,Sealdah,UP
32857,Sealdah - Baruipur Local,Sealdah,Baruipur,03:12,04:03,51,25,South Line,Sealdah,UP
31911,Sealdah - Bangaon Local,Sealdah,Bangaon,03:13,05:19,126,77,Bangaon Line,Sealdah,UP
32309,Sealdah - Barrackpore Local,Sealdah,Barrackpore,03:13,03:57,44,22,Main Line,Sealdah,UP
32477,Sealdah - Budge Budge Local,Sealdah,Budge Budge,03:13,04:08,55,26,South Line,Sealdah,UP
31483,Sealdah - Ranaghat Local,Sealdah,Ranaghat,03:15,05:07,112,73,Main Line,Sealdah,UP
31105,Sealdah - Naihati Local,Sealdah,Naihati,03:18,04:21,63,38,Main Line,Sealdah,UP
33071,Sealdah - Diamond Harbour Local,Sealdah,Diamond Harbour,03:19,04:58,99,60,South Line,Sealdah,UP
32183,Sealdah - Dankuni Local,Sealdah,Dankuni,03:21,04:06,45,22,Chord Link,Sealdah,UP
31359,Sealdah - Kalyani Simanta Local,Sealdah,Kalyani Simanta,03:22,04:51,89,53,Main Line,Sealdah,UP
32859,Sealdah - Baruipur Local,Sealdah,Baruipur,03:22,04:08,46,25,South Line,Sealdah,UP
32081,Sealdah - Hasnabad Local,Sealdah,Hasnabad,03:23,05:37,134,75,Bangaon Line,Sealdah,UP
32647,Sealdah - Sonarpur Local,Sealdah,Sonarpur,03:23,03:55,32,17,South Line,Sealdah,UP
33327,Sealdah - Canning Local,Sealdah,Canning,03:23,04:36,73,45,South Line,Sealdah,UP
32479,Sealdah - Budge Budge Local,Sealdah,Budge Budge,03:26,04:25,59,26,South Line,Sealdah,UP
31107,Sealdah - Naihati Local,Sealdah,Naihati,03:27,04:36,69,38,Main Line,Sealdah,UP
31651,Sealdah - Krishnanagar Local,Sealdah,Krishnanagar,03:27,05:56,149,100,Main Line,Sealdah,UP
33429,Sealdah - Lakshmikantapur Local,Sealdah,Lakshmikantapur,03:27,04:58,91,62,South Line,Sealdah,UP
31753,Sealdah - Shantipur Local,Sealdah,Shantipur,03:29,05:43,134,93,Main Line,Sealdah,UP
31913,Sealdah - Bangaon Local,Sealdah,Bangaon,03:30,05:37,127,77,Bangaon Line,Sealdah,UP
32311,Sealdah - Barrackpore Local,Sealdah,Barrackpore,03:30,04:13,43,22,Main Line,Sealdah,UP
33529,Sealdah - Majerhat Local,Sealdah,Majerhat,03:30,04:10,40,15,Circular Railway,Sealdah,UP
31485,Sealdah - Ranaghat Local,Sealdah,Ranaghat,03:31,05:26,115,73,Main Line,Sealdah,UP
31839,Sealdah - Gede Local,Sealdah,Gede,03:33,06:22,169,117,Main Line,Sealdah,UP
31109,Sealdah - Naihati Local,Sealdah,Naihati,03:35,04:42,67,38,Main Line,Sealdah,UP
32861,Sealdah - Baruipur Local,Sealdah,Baruipur,03:35,04:24,49,25,South Line,Sealdah,UP
32649,Sealdah - Sonarpur Local,Sealdah,Sonarpur,03:36,04:14,38,17,South Line,Sealdah,UP
33199,Sealdah - Kakdwip Local,Sealdah,Kakdwip,03:36,05:53,137,95,South Line,Sealdah,UP
31361,Sealdah - Kalyani Simanta Local,Sealdah,Kalyani Simanta,03:40,05:02,82,53,Main Line,Sealdah,UP
32185,Sealdah - Dankuni Local,Sealdah,Dankuni,03:40,04:21,41,22,Chord Link,Sealdah,UP
32481,Sealdah - Budge Budge Local,Sealdah,Budge Budge,03:40,04:39,59,26,South Line,Sealdah,UP
33073,Sealdah - Diamond Harbour Local,Sealdah,Diamond Harbour,03:40,05:15,95,60,South Line,Sealdah,UP
31111,Sealdah - Naihati Local,Sealdah,Naihati,03:43,04:44,61,38,Main Line,Sealdah,UP
31487,Sealdah - Ranaghat Local,Sealdah,Ranaghat,03:44,05:42,118,73,Main Line,Sealdah,UP
31915,Sealdah - Bangaon Local,Sealdah,Bangaon,03:44,05:50,126,77,Bangaon Line,Sealdah,UP
32313,Sealdah - Barrackpore Local,Sealdah,Barrackpore,03:44,04:25,41,22,Main Line,Sealdah,UP
32651,Sealdah - Sonarpur Local,Sealdah,Sonarpur,03:47,04:19,32,17,South Line,Sealdah,UP
32863,Sealdah - Baruipur Local,Sealdah,Baruipur,03:47,04:34,47,25,South Line,Sealdah,UP
33271,Sealdah - Namkhana Local,Sealdah,Namkhana,03:47,06:31,164,109,South Line,Sealdah,UP
32083,Sealdah - Hasnabad Local,Sealdah,Hasnabad,03:49,05:58,129,75,Bangaon Line,Sealdah,UP
33329,Sealdah - Canning Local,Sealdah,Canning,03:50,05:01,71,45,South Line,Sealdah,UP
31113,Sealdah - Naihati Local,Sealdah,Naihati,03:51,04:55,64,38,Main Line,Sealdah,UP
31653,Sealdah - Krishnanagar Local,Sealdah,Krishnanagar,03:54,06:17,143,100,Main Line,Sealdah,UP
33431,Sealdah - Lakshmikantapur Local,Sealdah,Lakshmikantapur,03:54,05:26,92,62,South Line,Sealdah,UP
31917,Sealdah - Bangaon Local,Sealdah,Bangaon,03:57,05:58,121,77,Bangaon Line,Sealdah,UP
32483,Sealdah - Budge Budge Local,Sealdah,Budge Budge,03:57,04:51,54,26,South Line,Sealdah,UP
32187,Sealdah - Dankuni Local,Sealdah,Dankuni,03:58,04:40,42,22,Chord Link,Sealdah,UP
32315,Sealdah - Barrackpore Local,Sealdah,Barrackpore,03:58,04:34,36,22,Main Line,Sealdah,UP
32865,Sealdah - Baruipur Local,Sealdah,Baruipur,03:58,04:48,50,25,South Line,Sealdah,UP
31115,Sealdah - Naihati Local,Sealdah,Naihati,03:59,05:08,69,38,Main Line,Sealdah,UP
31363,Sealdah - Kalyani Simanta Local,Sealdah,Kalyani Simanta,03:59,05:22,83,53,Main Line,Sealdah,UP
31489,Sealdah - Ranaghat Local,Sealdah,Ranaghat,04:00,05:56,116,73,Main Line,Sealdah,UP
31755,Sealdah - Shantipur Local,Sealdah,Shantipur,04:00,06:16,136,93,Main Line,Sealdah,UP
32653,Sealdah - Sonarpur Local,Sealdah,Sonarpur,04:01,04:32,31,17,South Line,Sealdah,UP
33075,Sealdah - Diamond Harbour Local,Sealdah,Diamond Harbour,04:02,05:34,92,60,South Line,Sealdah,UP
33531,Sealdah - Majerhat Local,Sealdah,Majerhat,04:02,04:44,42,15,Circular Railway,Sealdah,UP
31117,Sealdah - Naihati Local,Sealdah,Naihati,04:08,05:09,61,38,Main Line,Sealdah,UP
31841,Sealdah - Gede Local,Sealdah,Gede,04:10,06:58,168,117,Main Line,Sealdah,UP
32867,Sealdah - Baruipur Local,Sealdah,Baruipur,04:10,04:56,46,25,South Line,Sealdah,UP
31919,Sealdah - Bangaon Local,Sealdah,Bangaon,04:11,06:13,122,77,Bangaon Line,Sealdah,UP
32317,Sealdah - Barrackpore Local,Sealdah,Barrackpore,04:13,04:52,39,22,Main Line,Sealdah,UP
33201,Sealdah - Kakdwip Local,Sealdah,Kakdwip,04:13,06:36,143,95,South Line,Sealdah,UP
33331,Sealdah - Canning Local,Sealdah,Canning,04:13,05:30,77,45,South Line,Sealdah,UP
32485,Sealdah - Budge Budge Local,Sealdah,Budge Budge,04:14,05:10,56,26,South Line,Sealdah,UP
32085,Sealdah - Hasnabad Local,Sealdah,Hasnabad,04:15,06:26,131,75,Bangaon Line,Sealdah,UP
32655,Sealdah - Sonarpur Local,Sealdah,Sonarpur,04:15,04:51,36,17,South Line,Sealdah,UP
31491,Sealdah - Ranaghat Local,Sealdah,Ranaghat,04:16,06:07,111,73,Main Line,Sealdah,UP
32189,Sealdah - Dankuni Local,Sealdah,Dankuni,04:18,05:03,45,22,Chord Link,Sealdah,UP
31655,Sealdah - Krishnanagar Local,Sealdah,Krishnanagar,04:19,06:47,148,100,Main Line,Sealdah,UP
33433,Sealdah - Lakshmikantapur Local,Sealdah,Lakshmikantapur,04:19,05:57,98,62,South Line,Sealdah,UP
31119,Sealdah - Naihati Local,Sealdah,Naihati,04:20,05:24,64,38,Main Line,Sealdah,UP
31365,Sealdah - Kalyani Simanta Local,Sealdah,Kalyani Simanta,04:20,05:49,89,53,Main Line,Sealdah,UP
32869,Sealdah - Baruipur Local,Sealdah,Baruipur,04:20,05:12,52,25,South Line,Sealdah,UP
33077,Sealdah - Diamond Harbour Local,Sealdah,Diamond Harbour,04:21,05:56,95,60,South Line,Sealdah,UP
31921,Sealdah - Bangaon Local,Sealdah,Bangaon,04:26,06:29,123,77,Bangaon Line,Sealdah,UP
32319,Sealdah - Barrackpore Local,Sealdah,Barrackpore,04:27,05:10,43,22,Main Line,Sealdah,UP
32657,Sealdah - Sonarpur Local,Sealdah,Sonarpur,04:27,05:04,37,17,South Line,Sealdah,UP
31757,Sealdah - Shantipur Local,Sealdah,Shantipur,04:28,06:44,136,93,Main Line,Sealdah,UP
31493,Sealdah - Ranaghat Local,Sealdah,Ranaghat,04:30,06:28,118,73,Main Line,Sealdah,UP
32487,Sealdah - Budge Budge Local,Sealdah,Budge Budge,04:30,05:28,58,26,South Line,Sealdah,UP
32871,Sealdah - Baruipur Local,Sealdah,Baruipur,04:30,05:22,52,25,South Line,Sealdah,UP
31121,Sealdah - Naihati Local,Sealdah,Naihati,04:32,05:39,67,38,Main Line,Sealdah,UP
33273,Sealdah - Namkhana Local,Sealdah,Namkhana,04:33,07:15,162,109,South Line,Sealdah,UP
33533,Sealdah - Majerhat Local,Sealdah,Majerhat,04:33,05:16,43,15,Circular Railway,Sealdah,UP
33333,Sealdah - Canning Local,Sealdah,Canning,04:36,05:55,79,45,South Line,Sealdah,UP
32191,Sealdah - Dankuni Local,Sealdah,Dankuni,04:38,05:27,49,22,Chord Link,Sealdah,UP
32659,Sealdah - Sonarpur Local,Sealdah,Sonarpur,04:38,05:15,37,17,South Line,Sealdah,UP
32087,Sealdah - Hasnabad Local,Sealdah,Hasnabad,04:39,06:45,126,75,Bangaon Line,Sealdah,UP
33079,Sealdah - Diamond Harbour Local,Sealdah,Diamond Harbour,04:39,06:17,98,60,South Line,Sealdah,UP
32321,Sealdah - Barrackpore Local,Sealdah,Barrackpore,04:40,05:19,39,22,Main Line,Sealdah,UP
31367,Sealdah - Kalyani Simanta Local,Sealdah,Kalyani Simanta,04:41,06:07,86,53,Main Line,Sealdah,UP
31923,Sealdah - Bangaon Local,Sealdah,Bangaon,04:41,06:42,121,77,Bangaon Line,Sealdah,UP
32873,Sealdah - Baruipur Local,Sealdah,Baruipur,04:43,05:35,52,25,South Line,Sealdah,UP
33435,Sealdah - Lakshmikantapur Local,Sealdah,Lakshmikantapur,04:43,06:21,98,62,South Line,Sealdah,UP
31123,Sealdah - Naihati Local,Sealdah,Naihati,04:44,05:52,68,38,Main Line,Sealdah,UP
31657,Sealdah - Krishnanagar Local,Sealdah,Krishnanagar,04:44,07:10,146,100,Main Line,Sealdah,UP
31495,Sealdah - Ranaghat Local,Sealdah,Ranaghat,04:45,06:37,112,73,Main Line,Sealdah,UP
31843,Sealdah - Gede Local,Sealdah,Gede,04:46,07:35,169,117,Main Line,Sealdah,UP
32489,Sealdah - Budge Budge Local,Sealdah,Budge Budge,04:46,05:45,59,26,South Line,Sealdah,UP
33203,Sealdah - Kakdwip Local,Sealdah,Kakdwip,04:49,07:13,144,95,South Line,Sealdah,UP
32661,Sealdah - Sonarpur Local,Sealdah,Sonarpur,04:52,05:31,39,17,South Line,Sealdah,UP
31125,Sealdah - Naihati Local,Sealdah,Naihati,04:53,05:58,65,38,Main Line,Sealdah,UP
32323,Sealdah - Barrackpore Local,Sealdah,Barrackpore,04:54,05:33,39,22,Main Line,Sealdah,UP
32875,Sealdah - Baruipur Local,Sealdah,Baruipur,04:54,05:46,52,25,South Line,Sealdah,UP
31925,Sealdah - Bangaon Local,Sealdah,Bangaon,04:55,07:03,128,77,Bangaon Line,Sealdah,UP
31497,Sealdah - Ranaghat Local,Sealdah,Ranaghat,04:58,06:56,118,73,Main Line,Sealdah,UP
32193,Sealdah - Dankuni Local,Sealdah,Dankuni,04:59,05:47,48,22,Chord Link,Sealdah,UP
33081,Sealdah - Diamond Harbour Local,Sealdah,Diamond Harbour,04:59,06:38,99,60,South Line,Sealdah,UP
31759,Sealdah - Shantipur Local,Sealdah,Shantipur,05:00,07:15,135,93,Main Line,Sealdah,UP
32089,Sealdah - Hasnabad Local,Sealdah,Hasnabad,05:02,07:15,133,75,Bangaon Line,Sealdah,UP
31369,Sealdah - Kalyani Simanta Local,Sealdah,Kalyani Simanta,05:03,06:32,89,53,Main Line,Sealdah,UP
32491,Sealdah - Budge Budge Local,Sealdah,Budge Budge,05:03,05:59,56,26,South Line,Sealdah,UP
33335,Sealdah - Canning Local,Sealdah,Canning,05:03,06:18,75,45,South Line,Sealdah,UP
32663,Sealdah - Sonarpur Local,Sealdah,Sonarpur,05:04,05:42,38,17,South Line,Sealdah,UP
31127,Sealdah - Naihati Local,Sealdah,Naihati,05:05,06:08,63,38,Main Line,Sealdah,UP
33535,Sealdah - Majerhat Local,Sealdah,Majerhat,05:05,05:46,41,15,Circular Railway,Sealdah,UP
32877,Sealdah - Baruipur Local,Sealdah,Baruipur,05:07,06:01,54,25,South Line,Sealdah,UP
31659,Sealdah - Krishnanagar Local,Sealdah,Krishnanagar,05:09,07:37,148,100,Main Line,Sealdah,UP
31927,Sealdah - Bangaon Local,Sealdah,Bangaon,05:10,07:18,128,77,Bangaon Line,Sealdah,UP
32325,Sealdah - Barrackpore Local,Sealdah,Barrackpore,05:10,05:51,41,22,Main Line,Sealdah,UP
33437,Sealdah - Lakshmikantapur Local,Sealdah,Lakshmikantapur,05:10,06:43,93,62,South Line,Sealdah,UP
31129,Sealdah - Naihati Local,Sealdah,Naihati,05:13,06:19,66,38,Main Line,Sealdah,UP
31499,Sealdah - Ranaghat Local,Sealdah,Ranaghat,05:14,07:05,111,73,Main Line,Sealdah,UP
32665,Sealdah - Sonarpur Local,Sealdah,Sonarpur,05:15,05:46,31,17,South Line,Sealdah,UP
32493,Sealdah - Budge Budge Local,Sealdah,Budge Budge,05:17,06:15,58,26,South Line,Sealdah,UP
32879,Sealdah - Baruipur Local,Sealdah,Baruipur,05:19,06:06,47,25,South Line,Sealdah,UP
33275,Sealdah - Namkhana Local,Sealdah,Namkhana,05:20,08:01,161,109,South Line,Sealdah,UP
32195,Sealdah - Dankuni Local,Sealdah,Dankuni,05:21,06:10,49,22,Chord Link,Sealdah,UP
33083,Sealdah - Diamond Harbour Local,Sealdah,Diamond Harbour,05:21,06:58,97,60,South Line,Sealdah,UP
31845,Sealdah - Gede Local,Sealdah,Gede,05:23,08:11,168,117,Main Line,Sealdah,UP
31131,Sealdah - Naihati Local,Sealdah,Naihati,05:24,06:27,63,38,Main Line,Sealdah,UP
31371,Sealdah - Kalyani Simanta Local,Sealdah,Kalyani Simanta,05:24,06:53,89,53,Main Line,Sealdah,UP
31929,Sealdah - Bangaon Local,Sealdah,Bangaon,05:24,07:25,121,77,Bangaon Line,Sealdah,UP
32667,Sealdah - Sonarpur Local,Sealdah,Sonarpur,05:25,05:57,32,17,South Line,Sealdah,UP
33205,Sealdah - Kakdwip Local,Sealdah,Kakdwip,05:26,07:49,143,95,South Line,Sealdah,UP
33337,Sealdah - Canning Local,Sealdah,Canning,05:26,06:42,76,45,South Line,Sealdah,UP
31501,Sealdah - Ranaghat Local,Sealdah,Ranaghat,05:27,07:20,113,73,Main Line,Sealdah,UP
32091,Sealdah - Hasnabad Local,Sealdah,Hasnabad,05:27,07:40,133,75,Bangaon Line,Sealdah,UP
32327,Sealdah - Barrackpore Local,Sealdah,Barrackpore,05:27,06:09,42,22,Main Line,Sealdah,UP
31761,Sealdah - Shantipur Local,Sealdah,Shantipur,05:28,07:42,134,93,Main Line,Sealdah,UP
32495,Sealdah - Budge Budge Local,Sealdah,Budge Budge,05:30,06:25,55,26,South Line,Sealdah,UP
31661,Sealdah - Krishnanagar Local,Sealdah,Krishnanagar,05:32,07:55,143,100,Main Line,Sealdah,UP
32881,Sealdah - Baruipur Local,Sealdah,Baruipur,05:32,06:21,49,25,South Line,Sealdah,UP
31133,Sealdah - Naihati Local,Sealdah,Naihati,05:34,06:40,66,38,Main Line,Sealdah,UP
33537,Sealdah - Majerhat Local,Sealdah,Majerhat,05:34,06:17,43,15,Circular Railway,Sealdah,UP
33439,Sealdah - Lakshmikantapur Local,Sealdah,Lakshmikantapur,05:36,07:13,97,62,South Line,Sealdah,UP
32669,Sealdah - Sonarpur Local,Sealdah,Sonarpur,05:39,06:14,35,17,South Line,Sealdah,UP
31931,Sealdah - Bangaon Local,Sealdah,Bangaon,05:40,07:41,121,77,Bangaon Line,Sealdah,UP
32197,Sealdah - Dankuni Local,Sealdah,Dankuni,05:40,06:25,45,22,Chord Link,Sealdah,UP
31503,Sealdah - Ranaghat Local,Sealdah,Ranaghat,05:41,07:36,115,73,Main Line,Sealdah,UP
33085,Sealdah - Diamond Harbour Local,Sealdah,Diamond Harbour,05:41,07:17,96,60,South Line,Sealdah,UP
32329,Sealdah - Barrackpore Local,Sealdah,Barrackpore,05:42,06:26,44,22,Main Line,Sealdah,UP
31135,Sealdah - Naihati Local,Sealdah,Naihati,05:43,06:45,62,38,Main Line,Sealdah,UP
32497,Sealdah - Budge Budge Local,Sealdah,Budge Budge,05:43,06:35,52,26,South Line,Sealdah,UP
31373,Sealdah - Kalyani Simanta Local,Sealdah,Kalyani Simanta,05:45,07:08,83,53,Main Line,Sealdah,UP
32883,Sealdah - Baruipur Local,Sealdah,Baruipur,05:45,06:38,53,25,South Line,Sealdah,UP
32671,Sealdah - Sonarpur Local,Sealdah,Sonarpur,05:49,06:20,31,17,South Line,Sealdah,UP
33339,Sealdah - Canning Local,Sealdah,Canning,05:50,07:07,77,45,South Line,Sealdah,UP
31137,Sealdah - Naihati Local,Sealdah,Naihati,05:51,06:53,62,38,Main Line,Sealdah,UP
31933,Sealdah - Bangaon Local,Sealdah,Bangaon,05:53,07:57,124,77,Bangaon Line,Sealdah,UP
32093,Sealdah - Hasnabad Local,Sealdah,Hasnabad,05:54,08:08,134,75,Bangaon Line,Sealdah,UP
31663,Sealdah - Krishnanagar Local,Sealdah,Krishnanagar,05:55,08:22,147,100,Main Line,Sealdah,UP
31847,Sealdah - Gede Local,Sealdah,Gede,05:56,08:40,164,117,Main Line,Sealdah,UP
32885,Sealdah - Baruipur Local,Sealdah,Baruipur,05:56,06:42,46,25,South Line,Sealdah,UP
31505,Sealdah - Ranaghat Local,Sealdah,Ranaghat,05:58,07:52,114,73,Main Line,Sealdah,UP
32331,Sealdah - Barrackpore Local,Sealdah,Barrackpore,05:58,06:38,40,22,Main Line,Sealdah,UP
32499,Sealdah - Budge Budge Local,Sealdah,Budge Budge,05:59,06:52,53,26,South Line,Sealdah,UP
31763,Sealdah - Shantipur Local,Sealdah,Shantipur,06:00,08:19,139,93,Main Line,Sealdah,UP
32673,Sealdah - Sonarpur Local,Sealdah,Sonarpur,06:00,06:37,37,17,South Line,Sealdah,UP
33087,Sealdah - Diamond Harbour Local,Sealdah,Diamond Harbour,06:00,07:36,96,60,South Line,Sealdah,UP
33207,Sealdah - Kakdwip Local,Sealdah,Kakdwip,06:00,08:24,144,95,South Line,Sealdah,UP
33441,Sealdah - Lakshmikantapur Local,Sealdah,Lakshmikantapur,06:00,07:33,93,62,South Line,Sealdah,UP
32199,Sealdah - Dankuni Local,Sealdah,Dankuni,06:01,06:43,42,22,Chord Link,Sealdah,UP
31139,Sealdah - Naihati Local,Sealdah,Naihati,06:02,07:08,66,38,Main Line,Sealdah,UP
33277,Sealdah - Namkhana Local,Sealdah,Namkhana,06:03,08:42,159,109,South Line,Sealdah,UP
33539,Sealdah - Majerhat Local,Sealdah,Majerhat,06:05,06:41,36,15,Circular Railway,Sealdah,UP
31375,Sealdah - Kalyani Simanta Local,Sealdah,Kalyani Simanta,06:06,07:34,88,53,Main Line,Sealdah,UP
32887,Sealdah - Baruipur Local,Sealdah,Baruipur,06:06,06:52,46,25,South Line,Sealdah,UP
31935,Sealdah - Bangaon Local,Sealdah,Bangaon,06:08,08:17,129,77,Bangaon Line,Sealdah,UP
32675,Sealdah - Sonarpur Local,Sealdah,Sonarpur,06:10,06:45,35,17,South Line,Sealdah,UP
31507,Sealdah - Ranaghat Local,Sealdah,Ranaghat,06:11,08:10,119,73,Main Line,Sealdah,UP
31141,Sealdah - Naihati Local,Sealdah,Naihati,06:12,07:17,65,38,Main Line,Sealdah,UP
32501,Sealdah - Budge Budge Local,Sealdah,Budge Budge,06:12,07:07,55,26,South Line,Sealdah,UP
32333,Sealdah - Barrackpore Local,Sealdah,Barrackpore,06:13,06:54,41,22,Main Line,Sealdah,UP
33341,Sealdah - Canning Local,Sealdah,Canning,06:14,07:27,73,45,South Line,Sealdah,UP
32889,Sealdah - Baruipur Local,Sealdah,Baruipur,06:18,07:08,50,25,South Line,Sealdah,UP
31665,Sealdah - Krishnanagar Local,Sealdah,Krishnanagar,06:19,08:45,146,100,Main Line,Sealdah,UP
32095,Sealdah - Hasnabad Local,Sealdah,Hasnabad,06:19,08:26,127,75,Bangaon Line,Sealdah,UP
32201,Sealdah - Dankuni Local,Sealdah,Dankuni,06:20,07:03,43,22,Chord Link,Sealdah,UP
33089,Sealdah - Diamond Harbour Local,Sealdah,Diamond Harbour,06:21,07:54,93,60,South Line,Sealdah,UP
31937,Sealdah - Bangaon Local,Sealdah,Bangaon,06:22,08:31,129,77,Bangaon Line,Sealdah,UP
31143,Sealdah - Naihati Local,Sealdah,Naihati,06:24,07:32,68,38,Main Line,Sealdah,UP
31509,Sealdah - Ranaghat Local,Sealdah,Ranaghat,06:24,08:18,114,73,Main Line,Sealdah,UP
32677,Sealdah - Sonarpur Local,Sealdah,Sonarpur,06:24,07:01,37,17,South Line,Sealdah,UP
31377,Sealdah - Kalyani Simanta Local,Sealdah,Kalyani Simanta,06:27,07:51,84,53,Main Line,Sealdah,UP
32503,Sealdah - Budge Budge Local,Sealdah,Budge Budge,06:27,07:25,58,26,South Line,Sealdah,UP
33443,Sealdah - Lakshmikantapur Local,Sealdah,Lakshmikantapur,06:27,08:00,93,62,South Line,Sealdah,UP
32335,Sealdah - Barrackpore Local,Sealdah,Barrackpore,06:28,07:11,43,22,Main Line,Sealdah,UP
32891,Sealdah - Baruipur Local,Sealdah,Baruipur,06:30,07:17,47,25,South Line,Sealdah,UP
31765,Sealdah - Shantipur Local,Sealdah,Shantipur,06:31,08:50,139,93,Main Line,Sealdah,UP
31145,Sealdah - Naihati Local,Sealdah,Naihati,06:32,07:34,62,38,Main Line,Sealdah,UP
31849,Sealdah - Gede Local,Sealdah,Gede,06:33,09:21,168,117,Main Line,Sealdah,UP
33209,Sealdah - Kakdwip Local,Sealdah,Kakdwip,06:33,08:57,144,95,South Line,Sealdah,UP
33541,Sealdah - Majerhat Local,Sealdah,Majerhat,06:37,07:14,37,15,Circular Railway,Sealdah,UP
32679,Sealdah - Sonarpur Local,Sealdah,Sonarpur,06:38,07:15,37,17,South Line,Sealdah,UP
31939,Sealdah - Bangaon Local,Sealdah,Bangaon,06:39,08:41,122,77,Bangaon Line,Sealdah,UP
31511,Sealdah - Ranaghat Local,Sealdah,Ranaghat,06:40,08:37,117,73,Main Line,Sealdah,UP
32203,Sealdah - Dankuni Local,Sealdah,Dankuni,06:40,07:25,45,22,Chord Link,Sealdah,UP
32893,Sealdah - Baruipur Local,Sealdah,Baruipur,06:40,07:28,48,25,South Line,Sealdah,UP
33091,Sealdah - Diamond Harbour Local,Sealdah,Diamond Harbour,06:40,08:11,91,60,South Line,Sealdah,UP
33343,Sealdah - Canning Local,Sealdah,Canning,06:41,07:54,73,45,South Line,Sealdah,UP
32097,Sealdah - Hasnabad Local,Sealdah,Hasnabad,06:42,08:50,128,75,Bangaon Line,Sealdah,UP
32505,Sealdah - Budge Budge Local,Sealdah,Budge Budge,06:42,07:41,59,26,South Line,Sealdah,UP
31147,Sealdah - Naihati Local,Sealdah,Naihati,06:44,07:46,62,38,Main Line,Sealdah,UP
32337,Sealdah - Barrackpore Local,Sealdah,Barrackpore,06:45,07:22,37,22,Main Line,Sealdah,UP
31667,Sealdah - Krishnanagar Local,Sealdah,Krishnanagar,06:46,09:13,147,100,Main Line,Sealdah,UP
31379,Sealdah - Kalyani Simanta Local,Sealdah,Kalyani Simanta,06:47,08:16,89,53,Main Line,Sealdah,UP
33279,Sealdah - Namkhana Local,Sealdah,Namkhana,06:47,09:28,161,109,South Line,Sealdah,UP
32681,Sealdah - Sonarpur Local,Sealdah,Sonarpur,06:51,07:30,39,17,South Line,Sealdah,UP
32895,Sealdah - Baruipur Local,Sealdah,Baruipur,06:52,07:40,48,25,South Line,Sealdah,UP
33445,Sealdah - Lakshmikantapur Local,Sealdah,Lakshmikantapur,06:54,08:33,99,62,South Line,Sealdah,UP
31149,Sealdah - Naihati Local,Sealdah,Naihati,06:55,08:00,65,38,Main Line,Sealdah,UP
31941,Sealdah - Bangaon Local,Sealdah,Bangaon,06:55,08:59,124,77,Bangaon Line,Sealdah,UP
32507,Sealdah - Budge Budge Local,Sealdah,Budge Budge,06:56,07:52,56,26,South Line,Sealdah,UP
31513,Sealdah - Ranaghat Local,Sealdah,Ranaghat,06:57,08:55,118,73,Main Line,Sealdah,UP
32205,Sealdah - Dankuni Local,Sealdah,Dankuni,07:01,07:42,41,22,Chord Link,Sealdah,UP
32339,Sealdah - Barrackpore Local,Sealdah,Barrackpore,07:01,07:42,41,22,Main Line,Sealdah,UP
32683,Sealdah - Sonarpur Local,Sealdah,Sonarpur,07:01,07:34,33,17,South Line,Sealdah,UP
33093,Sealdah - Diamond Harbour Local,Sealdah,Diamond Harbour,07:01,08:35,94,60,South Line,Sealdah,UP
31767,Sealdah - Shantipur Local,Sealdah,Shantipur,07:03,09:18,135,93,Main Line,Sealdah,UP
32897,Sealdah - Baruipur Local,Sealdah,Baruipur,07:05,07:59,54,25,South Line,Sealdah,UP
33345,Sealdah - Canning Local,Sealdah,Canning,07:05,08:20,75,45,South Line,Sealdah,UP
33211,Sealdah - Kakdwip Local,Sealdah,Kakdwip,07:06,09:29,143,95,South Line,Sealdah,UP
31151,Sealdah - Naihati Local,Sealdah,Naihati,07:07,08:13,66,38,Main Line,Sealdah,UP
31381,Sealdah - Kalyani Simanta Local,Sealdah,Kalyani Simanta,07:07,08:31,84,53,Main Line,Sealdah,UP
31851,Sealdah - Gede Local,Sealdah,Gede,07:08,09:51,163,117,Main Line,Sealdah,UP
32099,Sealdah - Hasnabad Local,Sealdah,Hasnabad,07:08,09:19,131,75,Bangaon Line,Sealdah,UP
33543,Sealdah - Majerhat Local,Sealdah,Majerhat,07:08,07:45,37,15,Circular Railway,Sealdah,UP
31669,Sealdah - Krishnanagar Local,Sealdah,Krishnanagar,07:09,09:34,145,100,Main Line,Sealdah,UP
31943,Sealdah - Bangaon Local,Sealdah,Bangaon,07:10,09:12,122,77,Bangaon Line,Sealdah,UP
32509,Sealdah - Budge Budge Local,Sealdah,Budge Budge,07:12,08:04,52,26,South Line,Sealdah,UP
31515,Sealdah - Ranaghat Local,Sealdah,Ranaghat,07:13,09:10,117,73,Main Line,Sealdah,UP
32685,Sealdah - Sonarpur Local,Sealdah,Sonarpur,07:15,07:47,32,17,South Line,Sealdah,UP
32899,Sealdah - Baruipur Local,Sealdah,Baruipur,07:15,08:06,51,25,South Line,Sealdah,UP
32341,Sealdah - Barrackpore Local,Sealdah,Barrackpore,07:17,07:58,41,22,Main Line,Sealdah,UP
31153,Sealdah - Naihati Local,Sealdah,Naihati,07:19,08:23,64,38,Main Line,Sealdah,UP
32207,Sealdah - Dankuni Local,Sealdah,Dankuni,07:20,08:05,45,22,Chord Link,Sealdah,UP
33095,Sealdah - Diamond Harbour Local,Sealdah,Diamond Harbour,07:20,08:54,94,60,South Line,Sealdah,UP
33447,Sealdah - Lakshmikantapur Local,Sealdah,Lakshmikantapur,07:21,08:54,93,62,South Line,Sealdah,UP
31945,Sealdah - Bangaon Local,Sealdah,Bangaon,07:25,09:29,124,77,Bangaon Line,Sealdah,UP
32901,Sealdah - Baruipur Local,Sealdah,Baruipur,07:25,08:18,53,25,South Line,Sealdah,UP
32687,Sealdah - Sonarpur Local,Sealdah,Sonarpur,07:27,07:59,32,17,South Line,Sealdah,UP
31383,Sealdah - Kalyani Simanta Local,Sealdah,Kalyani Simanta,07:28,08:56,88,53,Main Line,Sealdah,UP
31517,Sealdah - Ranaghat Local,Sealdah,Ranaghat,07:28,09:19,111,73,Main Line,Sealdah,UP
32511,Sealdah - Budge Budge Local,Sealdah,Budge Budge,07:28,08:26,58,26,South Line,Sealdah,UP
33347,Sealdah - Canning Local,Sealdah,Canning,07:29,08:41,72,45,South Line,Sealdah,UP
31155,Sealdah - Naihati Local,Sealdah,Naihati,07:31,08:32,61,38,Main Line,Sealdah,UP
31769,Sealdah - Shantipur Local,Sealdah,Shantipur,07:31,09:44,133,93,Main Line,Sealdah,UP
32343,Sealdah - Barrackpore Local,Sealdah,Barrackpore,07:31,08:13,42,22,Main Line,Sealdah,UP
31671,Sealdah - Krishnanagar Local,Sealdah,Krishnanagar,07:32,09:54,142,100,Main Line,Sealdah,UP
33281,Sealdah - Namkhana Local,Sealdah,Namkhana,07:32,10:12,160,109,South Line,Sealdah,UP
32101,Sealdah - Hasnabad Local,Sealdah,Hasnabad,07:33,09:44,131,75,Bangaon Line,Sealdah,UP
31947,Sealdah - Bangaon Local,Sealdah,Bangaon,07:38,09:46,128,77,Bangaon Line,Sealdah,UP
33545,Sealdah - Majerhat Local,Sealdah,Majerhat,07:38,08:17,39,15,Circular Railway,Sealdah,UP
31157,Sealdah - Naihati Local,Sealdah,Naihati,07:39,08:44,65,38,Main Line,Sealdah,UP
32689,Sealdah - Sonarpur Local,Sealdah,Sonarpur,07:39,08:13,34,17,South Line,Sealdah,UP
32903,Sealdah - Baruipur Local,Sealdah,Baruipur,07:39,08:31,52,25,South Line,Sealdah,UP
33097,Sealdah - Diamond Harbour Local,Sealdah,Diamond Harbour,07:39,09:18,99,60,South Line,Sealdah,UP
32209,Sealdah - Dankuni Local,Sealdah,Dankuni,07:40,08:24,44,22,Chord Link,Sealdah,UP
33213,Sealdah - Kakdwip Local,Sealdah,Kakdwip,07:42,10:00,138,95,South Line,Sealdah,UP
31519,Sealdah - Ranaghat Local,Sealdah,Ranaghat,07:43,09:35,112,73,Main Line,Sealdah,UP
32513,Sealdah - Budge Budge Local,Sealdah,Budge Budge,07:44,08:36,52,26,South Line,Sealdah,UP
31853,Sealdah - Gede Local,Sealdah,Gede,07:45,10:33,168,117,Main Line,Sealdah,UP
32345,Sealdah - Barrackpore Local,Sealdah,Barrackpore,07:46,08:25,39,22,Main Line,Sealdah,UP
33449,Sealdah - Lakshmikantapur Local,Sealdah,Lakshmikantapur,07:46,09:24,98,62,South Line,Sealdah,UP
31159,Sealdah - Naihati Local,Sealdah,Naihati,07:48,08:52,64,38,Main Line,Sealdah,UP
31385,Sealdah - Kalyani Simanta Local,Sealdah,Kalyani Simanta,07:48,09:13,85,53,Main Line,Sealdah,UP
32905,Sealdah - Baruipur Local,Sealdah,Baruipur,07:49,08:41,52,25,South Line,Sealdah,UP
32691,Sealdah - Sonarpur Local,Sealdah,Sonarpur,07:53,08:32,39,17,South Line,Sealdah,UP
33349,Sealdah - Canning Local,Sealdah,Canning,07:53,09:04,71,45,South Line,Sealdah,UP
31949,Sealdah - Bangaon Local,Sealdah,Bangaon,07:54,09:56,122,77,Bangaon Line,Sealdah,UP
31161,Sealdah - Naihati Local,Sealdah,Naihati,07:56,09:03,67,38,Main Line,Sealdah,UP
33099,Sealdah - Diamond Harbour Local,Sealdah,Diamond Harbour,07:57,09:29,92,60,South Line,Sealdah,UP
31673,Sealdah - Krishnanagar Local,Sealdah,Krishnanagar,07:59,10:25,146,100,Main Line,Sealdah,UP
31771,Sealdah - Shantipur Local,Sealdah,Shantipur,07:59,10:14,135,93,Main Line,Sealdah,UP
32103,Sealdah - Hasnabad Local,Sealdah,Hasnabad,07:59,10:11,132,75,Bangaon Line,Sealdah,UP
32347,Sealdah - Barrackpore Local,Sealdah,Barrackpore,07:59,08:35,36,22,Main Line,Sealdah,UP
32515,Sealdah - Budge Budge Local,Sealdah,Budge Budge,07:59,08:50,51,26,South Line,Sealdah,UP
31521,Sealdah - Ranaghat Local,Sealdah,Ranaghat,08:00,09:54,114,73,Main Line,Sealdah,UP
32907,Sealdah - Baruipur Local,Sealdah,Baruipur,08:00,08:46,46,25,South Line,Sealdah,UP
32211,Sealdah - Dankuni Local,Sealdah,Dankuni,08:02,08:49,47,22,Chord Link,Sealdah,UP
31163,Sealdah - Naihati Local,Sealdah,Naihati,08:04,09:12,68,38,Main Line,Sealdah,UP
32693,Sealdah - Sonarpur Local,Sealdah,Sonarpur,08:04,08:41,37,17,South Line,Sealdah,UP
31387,Sealdah - Kalyani Simanta Local,Sealdah,Kalyani Simanta,08:06,09:31,85,53,Main Line,Sealdah,UP
31951,Sealdah - Bangaon Local,Sealdah,Bangaon,08:07,10:16,129,77,Bangaon Line,Sealdah,UP
33547,Sealdah - Majerhat Local,Sealdah,Majerhat,08:09,08:50,41,15,Circular Railway,Sealdah,UP
32909,Sealdah - Baruipur Local,Sealdah,Baruipur,08:11,09:02,51,25,South Line,Sealdah,UP
33451,Sealdah - Lakshmikantapur Local,Sealdah,Lakshmikantapur,08:11,09:43,92,62,South Line,Sealdah,UP
32349,Sealdah - Barrackpore Local,Sealdah,Barrackpore,08:13,08:57,44,22,Main Line,Sealdah,UP
31165,Sealdah - Naihati Local,Sealdah,Naihati,08:14,09:17,63,38,Main Line,Sealdah,UP
31523,Sealdah - Ranaghat Local,Sealdah,Ranaghat,08:14,10:06,112,73,Main Line,Sealdah,UP
32517,Sealdah - Budge Budge Local,Sealdah,Budge Budge,08:14,09:05,51,26,South Line,Sealdah,UP
32695,Sealdah - Sonarpur Local,Sealdah,Sonarpur,08:16,08:48,32,17,South Line,Sealdah,UP
33101,Sealdah - Diamond Harbour Local,Sealdah,Diamond Harbour,08:16,09:47,91,60,South Line,Sealdah,UP
33283,Sealdah - Namkhana Local,Sealdah,Namkhana,08:17,11:01,164,109,South Line,Sealdah,UP
33351,Sealdah - Canning Local,Sealdah,Canning,08:17,09:35,78,45,South Line,Sealdah,UP
31855,Sealdah - Gede Local,Sealdah,Gede,08:18,11:04,166,117,Main Line,Sealdah,UP
33215,Sealdah - Kakdwip Local,Sealdah,Kakdwip,08:19,10:37,138,95,South Line,Sealdah,UP
32213,Sealdah - Dankuni Local,Sealdah,Dankuni,08:21,09:10,49,22,Chord Link,Sealdah,UP
32911,Sealdah - Baruipur Local,Sealdah,Baruipur,08:21,09:10,49,25,South Line,Sealdah,UP
32105,Sealdah - Hasnabad Local,Sealdah,Hasnabad,08:22,10:36,134,75,Bangaon Line,Sealdah,UP
31953,Sealdah - Bangaon Local,Sealdah,Bangaon,08:23,10:32,129,77,Bangaon Line,Sealdah,UP
31167,Sealdah - Naihati Local,Sealdah,Naihati,08:24,09:30,66,38,Main Line,Sealdah,UP
31389,Sealdah - Kalyani Simanta Local,Sealdah,Kalyani Simanta,08:25,09:51,86,53,Main Line,Sealdah,UP
31675,Sealdah - Krishnanagar Local,Sealdah,Krishnanagar,08:25,10:52,147,100,Main Line,Sealdah,UP
32519,Sealdah - Budge Budge Local,Sealdah,Budge Budge,08:27,09:19,52,26,South Line,Sealdah,UP
32351,Sealdah - Barrackpore Local,Sealdah,Barrackpore,08:28,09:10,42,22,Main Line,Sealdah,UP
31525,Sealdah - Ranaghat Local,Sealdah,Ranaghat,08:29,10:23,114,73,Main Line,Sealdah,UP
31773,Sealdah - Shantipur Local,Sealdah,Shantipur,08:29,10:45,136,93,Main Line,Sealdah,UP
32697,Sealdah - Sonarpur Local,Sealdah,Sonarpur,08:30,09:07,37,17,South Line,Sealdah,UP
32913,Sealdah - Baruipur Local,Sealdah,Baruipur,08:32,09:26,54,25,South Line,Sealdah,UP
31169,Sealdah - Naihati Local,Sealdah,Naihati,08:34,09:39,65,38,Main Line,Sealdah,UP
31955,Sealdah - Bangaon Local,Sealdah,Bangaon,08:36,10:40,124,77,Bangaon Line,Sealdah,UP
33103,Sealdah - Diamond Harbour Local,Sealdah,Diamond Harbour,08:36,10:11,95,60,South Line,Sealdah,UP
33453,Sealdah - Lakshmikantapur Local,Sealdah,Lakshmikantapur,08:38,10:15,97,62,South Line,Sealdah,UP
33549,Sealdah - Majerhat Local,Sealdah,Majerhat,08:38,09:19,41,15,Circular Railway,Sealdah,UP
32215,Sealdah - Dankuni Local,Sealdah,Dankuni,08:42,09:24,42,22,Chord Link,Sealdah,UP
32521,Sealdah - Budge Budge Local,Sealdah,Budge Budge,08:42,09:36,54,26,South Line,Sealdah,UP
32699,Sealdah - Sonarpur Local,Sealdah,Sonarpur,08:42,09:13,31,17,South Line,Sealdah,UP
31171,Sealdah - Naihati Local,Sealdah,Naihati,08:43,09:46,63,38,Main Line,Sealdah,UP
31527,Sealdah - Ranaghat Local,Sealdah,Ranaghat,08:43,10:42,119,73,Main Line,Sealdah,UP
33353,Sealdah - Canning Local,Sealdah,Canning,08:44,09:56,72,45,South Line,Sealdah,UP
31391,Sealdah - Kalyani Simanta Local,Sealdah,Kalyani Simanta,08:45,10:07,82,53,Main Line,Sealdah,UP
32107,Sealdah - Hasnabad Local,Sealdah,Hasnabad,08:45,10:56,131,75,Bangaon Line,Sealdah,UP
32353,Sealdah - Barrackpore Local,Sealdah,Barrackpore,08:45,09:23,38,22,Main Line,Sealdah,UP
32915,Sealdah - Baruipur Local,Sealdah,Baruipur,08:45,09:35,50,25,South Line,Sealdah,UP
31677,Sealdah - Krishnanagar Local,Sealdah,Krishnanagar,08:50,11:12,142,100,Main Line,Sealdah,UP
31173,Sealdah - Naihati Local,Sealdah,Naihati,08:51,09:55,64,38,Main Line,Sealdah,UP
31857,Sealdah - Gede Local,Sealdah,Gede,08:51,11:40,169,117,Main Line,Sealdah,UP
31957,Sealdah - Bangaon Local,Sealdah,Bangaon,08:53,10:58,125,77,Bangaon Line,Sealdah,UP
32701,Sealdah - Sonarpur Local,Sealdah,Sonarpur,08:53,09:25,32,17,South Line,Sealdah,UP
32523,Sealdah - Budge Budge Local,Sealdah,Budge Budge,08:56,09:49,53,26,South Line,Sealdah,UP
33217,Sealdah - Kakdwip Local,Sealdah,Kakdwip,08:56,11:13,137,95,South Line,Sealdah,UP
31529,Sealdah - Ranaghat Local,Sealdah,Ranaghat,08:57,10:50,113,73,Main Line,Sealdah,UP
33105,Sealdah - Diamond Harbour Local,Sealdah,Diamond Harbour,08:57,10:28,91,60,South Line,Sealdah,UP
31775,Sealdah - Shantipur Local,Sealdah,Shantipur,08:59,11:12,133,93,Main Line,Sealdah,UP
32917,Sealdah - Baruipur Local,Sealdah,Baruipur,08:59,09:49,50,25,South Line,Sealdah,UP
32355,Sealdah - Barrackpore Local,Sealdah,Barrackpore,09:00,09:41,41,22,Main Line,Sealdah,UP
33285,Sealdah - Namkhana Local,Sealdah,Namkhana,09:01,11:45,164,109,South Line,Sealdah,UP
32217,Sealdah - Dankuni Local,Sealdah,Dankuni,09:02,09:44,42,22,Chord Link,Sealdah,UP
33455,Sealdah - Lakshmikantapur Local,Sealdah,Lakshmikantapur,09:02,10:35,93,62,South Line,Sealdah,UP
31175,Sealdah - Naihati Local,Sealdah,Naihati,09:03,10:11,68,38,Main Line,Sealdah,UP
32703,Sealdah - Sonarpur Local,Sealdah,Sonarpur,09:04,09:36,32,17,South Line,Sealdah,UP
31393,Sealdah - Kalyani Simanta Local,Sealdah,Kalyani Simanta,09:07,10:30,83,53,Main Line,Sealdah,UP
31959,Sealdah - Bangaon Local,Sealdah,Bangaon,09:07,11:08,121,77,Bangaon Line,Sealdah,UP
32109,Sealdah - Hasnabad Local,Sealdah,Hasnabad,09:09,11:19,130,75,Bangaon Line,Sealdah,UP
33551,Sealdah - Majerhat Local,Sealdah,Majerhat,09:09,09:53,44,15,Circular Railway,Sealdah,UP
31531,Sealdah - Ranaghat Local,Sealdah,Ranaghat,09:10,11:07,117,73,Main Line,Sealdah,UP
32919,Sealdah - Baruipur Local,Sealdah,Baruipur,09:11,09:58,47,25,South Line,Sealdah,UP
33355,Sealdah - Canning Local,Sealdah,Canning,09:11,10:23,72,45,South Line,Sealdah,UP
31177,Sealdah - Naihati Local,Sealdah,Naihati,09:12,10:17,65,38,Main Line,Sealdah,UP
32525,Sealdah - Budge Budge Local,Sealdah,Budge Budge,09:13,10:06,53,26,South Line,Sealdah,UP
32357,Sealdah - Barrackpore Local,Sealdah,Barrackpore,09:14,09:56,42,22,Main Line,Sealdah,UP
31679,Sealdah - Krishnanagar Local,Sealdah,Krishnanagar,09:15,11:43,148,100,Main Line,Sealdah,UP
32705,Sealdah - Sonarpur Local,Sealdah,Sonarpur,09:17,09:48,31,17,South Line,Sealdah,UP
33107,Sealdah - Diamond Harbour Local,Sealdah,Diamond Harbour,09:19,10:50,91,60,South Line,Sealdah,UP
32921,Sealdah - Baruipur Local,Sealdah,Baruipur,09:22,10:14,52,25,South Line,Sealdah,UP
31179,Sealdah - Naihati Local,Sealdah,Naihati,09:23,10:27,64,38,Main Line,Sealdah,UP
31533,Sealdah - Ranaghat Local,Sealdah,Ranaghat,09:23,11:21,118,73,Main Line,Sealdah,UP
31961,Sealdah - Bangaon Local,Sealdah,Bangaon,09:23,11:29,126,77,Bangaon Line,Sealdah,UP
32219,Sealdah - Dankuni Local,Sealdah,Dankuni,09:23,10:06,43,22,Chord Link,Sealdah,UP
31859,Sealdah - Gede Local,Sealdah,Gede,09:24,12:05,161,117,Main Line,Sealdah,UP
31395,Sealdah - Kalyani Simanta Local,Sealdah,Kalyani Simanta,09:26,10:53,87,53,Main Line,Sealdah,UP
31777,Sealdah - Shantipur Local,Sealdah,Shantipur,09:27,11:44,137,93,Main Line,Sealdah,UP
32359,Sealdah - Barrackpore Local,Sealdah,Barrackpore,09:28,10:07,39,22,Main Line,Sealdah,UP
33457,Sealdah - Lakshmikantapur Local,Sealdah,Lakshmikantapur,09:28,10:59,91,62,South Line,Sealdah,UP
32527,Sealdah - Budge Budge Local,Sealdah,Budge Budge,09:30,10:29,59,26,South Line,Sealdah,UP
32707,Sealdah - Sonarpur Local,Sealdah,Sonarpur,09:30,10:03,33,17,South Line,Sealdah,UP
33219,Sealdah - Kakdwip Local,Sealdah,Kakdwip,09:30,11:51,141,95,South Line,Sealdah,UP
32923,Sealdah - Baruipur Local,Sealdah,Baruipur,09:32,10:26,54,25,South Line,Sealdah,UP
31181,Sealdah - Naihati Local,Sealdah,Naihati,09:35,10:36,61,38,Main Line,Sealdah,UP
32111,Sealdah - Hasnabad Local,Sealdah,Hasnabad,09:36,11:48,132,75,Bangaon Line,Sealdah,UP
33357,Sealdah - Canning Local,Sealdah,Canning,09:36,10:48,72,45,South Line,Sealdah,UP
31535,Sealdah - Ranaghat Local,Sealdah,Ranaghat,09:39,11:30,111,73,Main Line,Sealdah,UP
31681,Sealdah - Krishnanagar Local,Sealdah,Krishnanagar,09:39,12:08,149,100,Main Line,Sealdah,UP
31963,Sealdah - Bangaon Local,Sealdah,Bangaon,09:40,11:47,127,77,Bangaon Line,Sealdah,UP
33109,Sealdah - Diamond Harbour Local,Sealdah,Diamond Harbour,09:41,11:12,91,60,South Line,Sealdah,UP
33553,Sealdah - Majerhat Local,Sealdah,Majerhat,09:41,10:21,40,15,Circular Railway,Sealdah,UP
32221,Sealdah - Dankuni Local,Sealdah,Dankuni,09:42,10:28,46,22,Chord Link,Sealdah,UP
32709,Sealdah - Sonarpur Local,Sealdah,Sonarpur,09:42,10:13,31,17,South Line,Sealdah,UP
31183,Sealdah - Naihati Local,Sealdah,Naihati,09:45,10:46,61,38,Main Line,Sealdah,UP
31397,Sealdah - Kalyani Simanta Local,Sealdah,Kalyani Simanta,09:45,11:09,84,53,Main Line,Sealdah,UP
32361,Sealdah - Barrackpore Local,Sealdah,Barrackpore,09:45,10:29,44,22,Main Line,Sealdah,UP
32529,Sealdah - Budge Budge Local,Sealdah,Budge Budge,09:45,10:43,58,26,South Line,Sealdah,UP
32925,Sealdah - Baruipur Local,Sealdah,Baruipur,09:46,10:34,48,25,South Line,Sealdah,UP
33287,Sealdah - Namkhana Local,Sealdah,Namkhana,09:47,12:24,157,109,South Line,Sealdah,UP
33459,Sealdah - Lakshmikantapur Local,Sealdah,Lakshmikantapur,09:51,11:30,99,62,South Line,Sealdah,UP
32711,Sealdah - Sonarpur Local,Sealdah,Sonarpur,09:52,10:23,31,17,South Line,Sealdah,UP
31185,Sealdah - Naihati Local,Sealdah,Naihati,09:54,11:01,67,38,Main Line,Sealdah,UP
31537,Sealdah - Ranaghat Local,Sealdah,Ranaghat,09:54,11:49,115,73,Main Line,Sealdah,UP
31965,Sealdah - Bangaon Local,Sealdah,Bangaon,09:54,11:56,122,77,Bangaon Line,Sealdah,UP
31779,Sealdah - Shantipur Local,Sealdah,Shantipur,09:56,12:09,133,93,Main Line,Sealdah,UP
31861,Sealdah - Gede Local,Sealdah,Gede,09:58,12:46,168,117,Main Line,Sealdah,UP
32113,Sealdah - Hasnabad Local,Sealdah,Hasnabad,09:59,12:12,133,75,Bangaon Line,Sealdah,UP
32927,Sealdah - Baruipur Local,Sealdah,Baruipur,09:59,10:50,51,25,South Line,Sealdah,UP
33111,Sealdah - Diamond Harbour Local,Sealdah,Diamond Harbour,09:59,11:31,92,60,South Line,Sealdah,UP
32363,Sealdah - Barrackpore Local,Sealdah,Barrackpore,10:01,10:41,40,22,Main Line,Sealdah,UP
32531,Sealdah - Budge Budge Local,Sealdah,Budge Budge,10:01,10:58,57,26,South Line,Sealdah,UP
33359,Sealdah - Canning Local,Sealdah,Canning,10:01,11:19,78,45,South Line,Sealdah,UP
31683,Sealdah - Krishnanagar Local,Sealdah,Krishnanagar,10:02,12:26,144,100,Main Line,Sealdah,UP
32223,Sealdah - Dankuni Local,Sealdah,Dankuni,10:03,10:44,41,22,Chord Link,Sealdah,UP
32713,Sealdah - Sonarpur Local,Sealdah,Sonarpur,10:03,10:41,38,17,South Line,Sealdah,UP
31187,Sealdah - Naihati Local,Sealdah,Naihati,10:04,11:06,62,38,Main Line,Sealdah,UP
31399,Sealdah - Kalyani Simanta Local,Sealdah,Kalyani Simanta,10:04,11:31,87,53,Main Line,Sealdah,UP
33221,Sealdah - Kakdwip Local,Sealdah,Kakdwip,10:06,12:28,142,95,South Line,Sealdah,UP
31539,Sealdah - Ranaghat Local,Sealdah,Ranaghat,10:08,12:06,118,73,Main Line,Sealdah,UP
31967,Sealdah - Bangaon Local,Sealdah,Bangaon,10:08,12:14,126,77,Bangaon Line,Sealdah,UP
32929,Sealdah - Baruipur Local,Sealdah,Baruipur,10:09,11:01,52,25,South Line,Sealdah,UP
33555,Sealdah - Majerhat Local,Sealdah,Majerhat,10:09,10:49,40,15,Circular Railway,Sealdah,UP
31189,Sealdah - Naihati Local,Sealdah,Naihati,10:14,11:20,66,38,Main Line,Sealdah,UP
32715,Sealdah - Sonarpur Local,Sealdah,Sonarpur,10:14,10:53,39,17,South Line,Sealdah,UP
32533,Sealdah - Budge Budge Local,Sealdah,Budge Budge,10:15,11:08,53,26,South Line,Sealdah,UP
33461,Sealdah - Lakshmikantapur Local,Sealdah,Lakshmikantapur,10:15,11:52,97,62,South Line,Sealdah,UP
32365,Sealdah - Barrackpore Local,Sealdah,Barrackpore,10:16,10:59,43,22,Main Line,Sealdah,UP
33113,Sealdah - Diamond Harbour Local,Sealdah,Diamond Harbour,10:17,11:55,98,60,South Line,Sealdah,UP
32931,Sealdah - Baruipur Local,Sealdah,Baruipur,10:19,11:09,50,25,South Line,Sealdah,UP
31401,Sealdah - Kalyani Simanta Local,Sealdah,Kalyani Simanta,10:22,11:48,86,53,Main Line,Sealdah,UP
32225,Sealdah - Dankuni Local,Sealdah,Dankuni,10:22,11:09,47,22,Chord Link,Sealdah,UP
31191,Sealdah - Naihati Local,Sealdah,Naihati,10:23,11:31,68,38,Main Line,Sealdah,UP
31541,Sealdah - Ranaghat Local,Sealdah,Ranaghat,10:23,12:17,114,73,Main Line,Sealdah,UP
31781,Sealdah - Shantipur Local,Sealdah,Shantipur,10:24,12:36,132,93,Main Line,Sealdah,UP
31969,Sealdah - Bangaon Local,Sealdah,Bangaon,10:25,12:34,129,77,Bangaon Line,Sealdah,UP
33361,Sealdah - Canning Local,Sealdah,Canning,10:25,11:41,76,45,South Line,Sealdah,UP
32115,Sealdah - Hasnabad Local,Sealdah,Hasnabad,10:26,12:36,130,75,Bangaon Line,Sealdah,UP
32717,Sealdah - Sonarpur Local,Sealdah,Sonarpur,10:26,11:01,35,17,South Line,Sealdah,UP
31685,Sealdah - Krishnanagar Local,Sealdah,Krishnanagar,10:27,12:55,148,100,Main Line,Sealdah,UP
32535,Sealdah - Budge Budge Local,Sealdah,Budge Budge,10:29,11:26,57,26,South Line,Sealdah,UP
32933,Sealdah - Baruipur Local,Sealdah,Baruipur,10:29,11:22,53,25,South Line,Sealdah,UP
33289,Sealdah - Namkhana Local,Sealdah,Namkhana,10:30,13:13,163,109,South Line,Sealdah,UP
31193,Sealdah - Naihati Local,Sealdah,Naihati,10:32,11:40,68,38,Main Line,Sealdah,UP
31863,Sealdah - Gede Local,Sealdah,Gede,10:32,13:21,169,117,Main Line,Sealdah,UP
32367,Sealdah - Barrackpore Local,Sealdah,Barrackpore,10:32,11:10,38,22,Main Line,Sealdah,UP
31543,Sealdah - Ranaghat Local,Sealdah,Ranaghat,10:36,12:30,114,73,Main Line,Sealdah,UP
31971,Sealdah - Bangaon Local,Sealdah,Bangaon,10:38,12:47,129,77,Bangaon Line,Sealdah,UP
33115,Sealdah - Diamond Harbour Local,Sealdah,Diamond Harbour,10:38,12:10,92,60,South Line,Sealdah,UP
33557,Sealdah - Majerhat Local,Sealdah,Majerhat,10:38,11:20,42,15,Circular Railway,Sealdah,UP
32719,Sealdah - Sonarpur Local,Sealdah,Sonarpur,10:40,11:16,36,17,South Line,Sealdah,UP
32227,Sealdah - Dankuni Local,Sealdah,Dankuni,10:42,11:30,48,22,Chord Link,Sealdah,UP
33463,Sealdah - Lakshmikantapur Local,Sealdah,Lakshmikantapur,10:42,12:14,92,62,South Line,Sealdah,UP
31195,Sealdah - Naihati Local,Sealdah,Naihati,10:43,11:48,65,38,Main Line,Sealdah,UP
31403,Sealdah - Kalyani Simanta Local,Sealdah,Kalyani Simanta,10:43,12:11,88,53,Main Line,Sealdah,UP
32935,Sealdah - Baruipur Local,Sealdah,Baruipur,10:43,11:30,47,25,South Line,Sealdah,UP
33223,Sealdah - Kakdwip Local,Sealdah,Kakdwip,10:43,13:02,139,95,South Line,Sealdah,UP
32537,Sealdah - Budge Budge Local,Sealdah,Budge Budge,10:45,11:39,54,26,South Line,Sealdah,UP
32369,Sealdah - Barrackpore Local,Sealdah,Barrackpore,10:48,11:26,38,22,Main Line,Sealdah,UP
31687,Sealdah - Krishnanagar Local,Sealdah,Krishnanagar,10:50,13:17,147,100,Main Line,Sealdah,UP
33363,Sealdah - Canning Local,Sealdah,Canning,10:50,12:04,74,45,South Line,Sealdah,UP
31545,Sealdah - Ranaghat Local,Sealdah,Ranaghat,10:51,12:43,112,73,Main Line,Sealdah,UP
32721,Sealdah - Sonarpur Local,Sealdah,Sonarpur,10:51,11:26,35,17,South Line,Sealdah,UP
31197,Sealdah - Naihati Local,Sealdah,Naihati,10:52,11:56,64,38,Main Line,Sealdah,UP
31783,Sealdah - Shantipur Local,Sealdah,Shantipur,10:52,13:06,134,93,Main Line,Sealdah,UP
32117,Sealdah - Hasnabad Local,Sealdah,Hasnabad,10:53,13:00,127,75,Bangaon Line,Sealdah,UP
32937,Sealdah - Baruipur Local,Sealdah,Baruipur,10:54,11:43,49,25,South Line,Sealdah,UP
31973,Sealdah - Bangaon Local,Sealdah,Bangaon,10:55,13:04,129,77,Bangaon Line,Sealdah,UP
32539,Sealdah - Budge Budge Local,Sealdah,Budge Budge,10:58,11:55,57,26,South Line,Sealdah,UP
33117,Sealdah - Diamond Harbour Local,Sealdah,Diamond Harbour,10:59,12:34,95,60,South Line,Sealdah,UP
31199,Sealdah - Naihati Local,Sealdah,Naihati,11:01,12:10,69,38,Main Line,Sealdah,UP
32229,Sealdah - Dankuni Local,Sealdah,Dankuni,11:01,11:47,46,22,Chord Link,Sealdah,UP
32723,Sealdah - Sonarpur Local,Sealdah,Sonarpur,11:02,11:33,31,17,South Line,Sealdah,UP
32371,Sealdah - Barrackpore Local,Sealdah,Barrackpore,11:03,11:47,44,22,Main Line,Sealdah,UP
32939,Sealdah - Baruipur Local,Sealdah,Baruipur,11:04,11:54,50,25,South Line,Sealdah,UP
31405,Sealdah - Kalyani Simanta Local,Sealdah,Kalyani Simanta,11:05,12:26,81,53,Main Line,Sealdah,UP
33465,Sealdah - Lakshmikantapur Local,Sealdah,Lakshmikantapur,11:06,12:44,98,62,South Line,Sealdah,UP
33559,Sealdah - Majerhat Local,Sealdah,Majerhat,11:06,11:43,37,15,Circular Railway,Sealdah,UP
31547,Sealdah - Ranaghat Local,Sealdah,Ranaghat,11:07,13:01,114,73,Main Line,Sealdah,UP
31865,Sealdah - Gede Local,Sealdah,Gede,11:08,13:51,163,117,Main Line,Sealdah,UP
31975,Sealdah - Bangaon Local,Sealdah,Bangaon,11:12,13:19,127,77,Bangaon Line,Sealdah,UP
32725,Sealdah - Sonarpur Local,Sealdah,Sonarpur,11:12,11:49,37,17,South Line,Sealdah,UP
31201,Sealdah - Naihati Local,Sealdah,Naihati,11:13,12:20,67,38,Main Line,Sealdah,UP
32541,Sealdah - Budge Budge Local,Sealdah,Budge Budge,11:14,12:05,51,26,South Line,Sealdah,UP
33365,Sealdah - Canning Local,Sealdah,Canning,11:14,12:29,75,45,South Line,Sealdah,UP
31689,Sealdah - Krishnanagar Local,Sealdah,Krishnanagar,11:15,13:38,143,100,Main Line,Sealdah,UP
32941,Sealdah - Baruipur Local,Sealdah,Baruipur,11:15,12:08,53,25,South Line,Sealdah,UP
33291,Sealdah - Namkhana Local,Sealdah,Namkhana,11:15,13:54,159,109,South Line,Sealdah,UP
32373,Sealdah - Barrackpore Local,Sealdah,Barrackpore,11:17,11:55,38,22,Main Line,Sealdah,UP
33225,Sealdah - Kakdwip Local,Sealdah,Kakdwip,11:19,13:41,142,95,South Line,Sealdah,UP
32119,Sealdah - Hasnabad Local,Sealdah,Hasnabad,11:20,13:27,127,75,Bangaon Line,Sealdah,UP
32231,Sealdah - Dankuni Local,Sealdah,Dankuni,11:21,12:02,41,22,Chord Link,Sealdah,UP
33119,Sealdah - Diamond Harbour Local,Sealdah,Diamond Harbour,11:21,12:54,93,60,South Line,Sealdah,UP
31203,Sealdah - Naihati Local,Sealdah,Naihati,11:23,12:30,67,38,Main Line,Sealdah,UP
31549,Sealdah - Ranaghat Local,Sealdah,Ranaghat,11:24,13:19,115,73,Main Line,Sealdah,UP
31785,Sealdah - Shantipur Local,Sealdah,Shantipur,11:24,13:41,137,93,Main Line,Sealdah,UP
32727,Sealdah - Sonarpur Local,Sealdah,Sonarpur,11:24,12:03,39,17,South Line,Sealdah,UP
31977,Sealdah - Bangaon Local,Sealdah,Bangaon,11:25,13:26,121,77,Bangaon Line,Sealdah,UP
32943,Sealdah - Baruipur Local,Sealdah,Baruipur,11:25,12:15,50,25,South Line,Sealdah,UP
31407,Sealdah - Kalyani Simanta Local,Sealdah,Kalyani Simanta,11:26,12:53,87,53,Main Line,Sealdah,UP
32543,Sealdah - Budge Budge Local,Sealdah,Budge Budge,11:30,12:24,54,26,South Line,Sealdah,UP
33467,Sealdah - Lakshmikantapur Local,Sealdah,Lakshmikantapur,11:30,13:01,91,62,South Line,Sealdah,UP
32375,Sealdah - Barrackpore Local,Sealdah,Barrackpore,11:33,12:09,36,22,Main Line,Sealdah,UP
31205,Sealdah - Naihati Local,Sealdah,Naihati,11:35,12:39,64,38,Main Line,Sealdah,UP
32945,Sealdah - Baruipur Local,Sealdah,Baruipur,11:35,12:28,53,25,South Line,Sealdah,UP
32729,Sealdah - Sonarpur Local,Sealdah,Sonarpur,11:36,12:11,35,17,South Line,Sealdah,UP
33561,Sealdah - Majerhat Local,Sealdah,Majerhat,11:36,12:14,38,15,Circular Railway,Sealdah,UP
33367,Sealdah - Canning Local,Sealdah,Canning,11:37,12:49,72,45,South Line,Sealdah,UP
31551,Sealdah - Ranaghat Local,Sealdah,Ranaghat,11:38,13:30,112,73,Main Line,Sealdah,UP
31691,Sealdah - Krishnanagar Local,Sealdah,Krishnanagar,11:38,13:59,141,100,Main Line,Sealdah,UP
31979,Sealdah - Bangaon Local,Sealdah,Bangaon,11:41,13:47,126,77,Bangaon Line,Sealdah,UP
32233,Sealdah - Dankuni Local,Sealdah,Dankuni,11:41,12:27,46,22,Chord Link,Sealdah,UP
33121,Sealdah - Diamond Harbour Local,Sealdah,Diamond Harbour,11:42,13:13,91,60,South Line,Sealdah,UP
32121,Sealdah - Hasnabad Local,Sealdah,Hasnabad,11:44,13:55,131,75,Bangaon Line,Sealdah,UP
32545,Sealdah - Budge Budge Local,Sealdah,Budge Budge,11:44,12:36,52,26,South Line,Sealdah,UP
31207,Sealdah - Naihati Local,Sealdah,Naihati,11:45,12:54,69,38,Main Line,Sealdah,UP
31409,Sealdah - Kalyani Simanta Local,Sealdah,Kalyani Simanta,11:45,13:06,81,53,Main Line,Sealdah,UP
31867,Sealdah - Gede Local,Sealdah,Gede,11:45,14:31,166,117,Main Line,Sealdah,UP
32731,Sealdah - Sonarpur Local,Sealdah,Sonarpur,11:46,12:18,32,17,South Line,Sealdah,UP
32947,Sealdah - Baruipur Local,Sealdah,Baruipur,11:48,12:38,50,25,South Line,Sealdah,UP
32377,Sealdah - Barrackpore Local,Sealdah,Barrackpore,11:50,12:26,36,22,Main Line,Sealdah,UP
31553,Sealdah - Ranaghat Local,Sealdah,Ranaghat,11:52,13:45,113,73,Main Line,Sealdah,UP
31209,Sealdah - Naihati Local,Sealdah,Naihati,11:54,12:56,62,38,Main Line,Sealdah,UP
33227,Sealdah - Kakdwip Local,Sealdah,Kakdwip,11:54,14:14,140,95,South Line,Sealdah,UP
31787,Sealdah - Shantipur Local,Sealdah,Shantipur,11:55,14:11,136,93,Main Line,Sealdah,UP
31981,Sealdah - Bangaon Local,Sealdah,Bangaon,11:57,13:58,121,77,Bangaon Line,Sealdah,UP
33469,Sealdah - Lakshmikantapur Local,Sealdah,Lakshmikantapur,11:57,13:36,99,62,South Line,Sealdah,UP
32547,Sealdah - Budge Budge Local,Sealdah,Budge Budge,11:59,12:51,52,26,South Line,Sealdah,UP
33293,Sealdah - Namkhana Local,Sealdah,Namkhana,11:59,14:40,161,109,South Line,Sealdah,UP
32733,Sealdah - Sonarpur Local,Sealdah,Sonarpur,12:00,12:38,38,17,South Line,Sealdah,UP
31693,Sealdah - Krishnanagar Local,Sealdah,Krishnanagar,12:01,14:29,148,100,Main Line,Sealdah,UP
32235,Sealdah - Dankuni Local,Sealdah,Dankuni,12:01,12:42,41,22,Chord Link,Sealdah,UP
32949,Sealdah - Baruipur Local,Sealdah,Baruipur,12:01,12:55,54,25,South Line,Sealdah,UP
33123,Sealdah - Diamond Harbour Local,Sealdah,Diamond Harbour,12:01,13:38,97,60,South Line,Sealdah,UP
33369,Sealdah - Canning Local,Sealdah,Canning,12:04,13:20,76,45,South Line,Sealdah,UP
31211,Sealdah - Naihati Local,Sealdah,Naihati,12:05,13:07,62,38,Main Line,Sealdah,UP
31555,Sealdah - Ranaghat Local,Sealdah,Ranaghat,12:05,14:00,115,73,Main Line,Sealdah,UP
31411,Sealdah - Kalyani Simanta Local,Sealdah,Kalyani Simanta,12:06,13:33,87,53,Main Line,Sealdah,UP
32379,Sealdah - Barrackpore Local,Sealdah,Barrackpore,12:07,12:43,36,22,Main Line,Sealdah,UP
33563,Sealdah - Majerhat Local,Sealdah,Majerhat,12:08,12:49,41,15,Circular Railway,Sealdah,UP
32123,Sealdah - Hasnabad Local,Sealdah,Hasnabad,12:10,14:24,134,75,Bangaon Line,Sealdah,UP
32951,Sealdah - Baruipur Local,Sealdah,Baruipur,12:11,12:59,48,25,South Line,Sealdah,UP
31983,Sealdah - Bangaon Local,Sealdah,Bangaon,12:12,14:14,122,77,Bangaon Line,Sealdah,UP
31213,Sealdah - Naihati Local,Sealdah,Naihati,12:13,13:16,63,38,Main Line,Sealdah,UP
32735,Sealdah - Sonarpur Local,Sealdah,Sonarpur,12:13,12:49,36,17,South Line,Sealdah,UP
32549,Sealdah - Budge Budge Local,Sealdah,Budge Budge,12:16,13:09,53,26,South Line,Sealdah,UP
31557,Sealdah - Ranaghat Local,Sealdah,Ranaghat,12:20,14:12,112,73,Main Line,Sealdah,UP
31869,Sealdah - Gede Local,Sealdah,Gede,12:20,15:07,167,117,Main Line,Sealdah,UP
32237,Sealdah - Dankuni Local,Sealdah,Dankuni,12:20,13:08,48,22,Chord Link,Sealdah,UP
32381,Sealdah - Barrackpore Local,Sealdah,Barrackpore,12:20,13:02,42,22,Main Line,Sealdah,UP
33125,Sealdah - Diamond Harbour Local,Sealdah,Diamond Harbour,12:21,14:00,99,60,South Line,Sealdah,UP
31215,Sealdah - Naihati Local,Sealdah,Naihati,12:22,13:24,62,38,Main Line,Sealdah,UP
32953,Sealdah - Baruipur Local,Sealdah,Baruipur,12:24,13:16,52,25,South Line,Sealdah,UP
33471,Sealdah - Lakshmikantapur Local,Sealdah,Lakshmikantapur,12:24,13:56,92,62,South Line,Sealdah,UP
31695,Sealdah - Krishnanagar Local,Sealdah,Krishnanagar,12:26,14:48,142,100,Main Line,Sealdah,UP
31789,Sealdah - Shantipur Local,Sealdah,Shantipur,12:26,14:42,136,93,Main Line,Sealdah,UP
31985,Sealdah - Bangaon Local,Sealdah,Bangaon,12:27,14:31,124,77,Bangaon Line,Sealdah,UP
32737,Sealdah - Sonarpur Local,Sealdah,Sonarpur,12:27,13:05,38,17,South Line,Sealdah,UP
31413,Sealdah - Kalyani Simanta Local,Sealdah,Kalyani Simanta,12:28,13:49,81,53,Main Line,Sealdah,UP
33371,Sealdah - Canning Local,Sealdah,Canning,12:28,13:46,78,45,South Line,Sealdah,UP
33229,Sealdah - Kakdwip Local,Sealdah,Kakdwip,12:29,14:47,138,95,South Line,Sealdah,UP
31217,Sealdah - Naihati Local,Sealdah,Naihati,12:33,13:40,67,38,Main Line,Sealdah,UP
32383,Sealdah - Barrackpore Local,Sealdah,Barrackpore,12:33,13:12,39,22,Main Line,Sealdah,UP
32551,Sealdah - Budge Budge Local,Sealdah,Budge Budge,12:33,13:29,56,26,South Line,Sealdah,UP
32125,Sealdah - Hasnabad Local,Sealdah,Hasnabad,12:35,14:43,128,75,Bangaon Line,Sealdah,UP
31559,Sealdah - Ranaghat Local,Sealdah,Ranaghat,12:36,14:31,115,73,Main Line,Sealdah,UP
32955,Sealdah - Baruipur Local,Sealdah,Baruipur,12:36,13:24,48,25,South Line,Sealdah,UP
32739,Sealdah - Sonarpur Local,Sealdah,Sonarpur,12:37,13:10,33,17,South Line,Sealdah,UP
32239,Sealdah - Dankuni Local,Sealdah,Dankuni,12:38,13:21,43,22,Chord Link,Sealdah,UP
33127,Sealdah - Diamond Harbour Local,Sealdah,Diamond Harbour,12:39,14:12,93,60,South Line,Sealdah,UP
33565,Sealdah - Majerhat Local,Sealdah,Majerhat,12:39,13:18,39,15,Circular Railway,Sealdah,UP
31987,Sealdah - Bangaon Local,Sealdah,Bangaon,12:42,14:48,126,77,Bangaon Line,Sealdah,UP
33295,Sealdah - Namkhana Local,Sealdah,Namkhana,12:42,15:19,157,109,South Line,Sealdah,UP
31219,Sealdah - Naihati Local,Sealdah,Naihati,12:44,13:52,68,38,Main Line,Sealdah,UP
32385,Sealdah - Barrackpore Local,Sealdah,Barrackpore,12:47,13:25,38,22,Main Line,Sealdah,UP
33473,Sealdah - Lakshmikantapur Local,Sealdah,Lakshmikantapur,12:47,14:20,93,62,South Line,Sealdah,UP
32553,Sealdah - Budge Budge Local,Sealdah,Budge Budge,12:48,13:46,58,26,South Line,Sealdah,UP
32957,Sealdah - Baruipur Local,Sealdah,Baruipur,12:48,13:34,46,25,South Line,Sealdah,UP
31415,Sealdah - Kalyani Simanta Local,Sealdah,Kalyani Simanta,12:49,14:14,85,53,Main Line,Sealdah,UP
31697,Sealdah - Krishnanagar Local,Sealdah,Krishnanagar,12:49,15:18,149,100,Main Line,Sealdah,UP
32741,Sealdah - Sonarpur Local,Sealdah,Sonarpur,12:51,13:24,33,17,South Line,Sealdah,UP
31561,Sealdah - Ranaghat Local,Sealdah,Ranaghat,12:52,14:47,115,73,Main Line,Sealdah,UP
33373,Sealdah - Canning Local,Sealdah,Canning,12:54,14:09,75,45,South Line,Sealdah,UP
31791,Sealdah - Shantipur Local,Sealdah,Shantipur,12:55,15:11,136,93,Main Line,Sealdah,UP
31871,Sealdah - Gede Local,Sealdah,Gede,12:55,15:41,166,117,Main Line,Sealdah,UP
31989,Sealdah - Bangaon Local,Sealdah,Bangaon,12:55,14:56,121,77,Bangaon Line,Sealdah,UP
31221,Sealdah - Naihati Local,Sealdah,Naihati,12:56,14:01,65,38,Main Line,Sealdah,UP
32241,Sealdah - Dankuni Local,Sealdah,Dankuni,12:58,13:47,49,22,Chord Link,Sealdah,UP
33129,Sealdah - Diamond Harbour Local,Sealdah,Diamond Harbour,12:59,14:31,92,60,South Line,Sealdah,UP
32127,Sealdah - Hasnabad Local,Sealdah,Hasnabad,13:00,15:14,134,75,Bangaon Line,Sealdah,UP
32387,Sealdah - Barrackpore Local,Sealdah,Barrackpore,13:00,13:39,39,22,Main Line,Sealdah,UP
32959,Sealdah - Baruipur Local,Sealdah,Baruipur,13:01,13:54,53,25,South Line,Sealdah,UP
32555,Sealdah - Budge Budge Local,Sealdah,Budge Budge,13:02,13:57,55,26,South Line,Sealdah,UP
32743,Sealdah - Sonarpur Local,Sealdah,Sonarpur,13:03,13:35,32,17,South Line,Sealdah,UP
33231,Sealdah - Kakdwip Local,Sealdah,Kakdwip,13:05,15:27,142,95,South Line,Sealdah,UP
31223,Sealdah - Naihati Local,Sealdah,Naihati,13:08,14:09,61,38,Main Line,Sealdah,UP
31563,Sealdah - Ranaghat Local,Sealdah,Ranaghat,13:08,15:07,119,73,Main Line,Sealdah,UP
31417,Sealdah - Kalyani Simanta Local,Sealdah,Kalyani Simanta,13:09,14:36,87,53,Main Line,Sealdah,UP
31991,Sealdah - Bangaon Local,Sealdah,Bangaon,13:09,15:18,129,77,Bangaon Line,Sealdah,UP
33567,Sealdah - Majerhat Local,Sealdah,Majerhat,13:09,13:49,40,15,Circular Railway,Sealdah,UP
31699,Sealdah - Krishnanagar Local,Sealdah,Krishnanagar,13:13,15:40,147,100,Main Line,Sealdah,UP
32389,Sealdah - Barrackpore Local,Sealdah,Barrackpore,13:13,13:56,43,22,Main Line,Sealdah,UP
32961,Sealdah - Baruipur Local,Sealdah,Baruipur,13:13,14:03,50,25,South Line,Sealdah,UP
33475,Sealdah - Lakshmikantapur Local,Sealdah,Lakshmikantapur,13:13,14:52,99,62,South Line,Sealdah,UP
32557,Sealdah - Budge Budge Local,Sealdah,Budge Budge,13:15,14:14,59,26,South Line,Sealdah,UP
32745,Sealdah - Sonarpur Local,Sealdah,Sonarpur,13:15,13:47,32,17,South Line,Sealdah,UP
32243,Sealdah - Dankuni Local,Sealdah,Dankuni,13:19,14:01,42,22,Chord Link,Sealdah,UP
33375,Sealdah - Canning Local,Sealdah,Canning,13:19,14:32,73,45,South Line,Sealdah,UP
31225,Sealdah - Naihati Local,Sealdah,Naihati,13:20,14:29,69,38,Main Line,Sealdah,UP
33131,Sealdah - Diamond Harbour Local,Sealdah,Diamond Harbour,13:20,14:52,92,60,South Line,Sealdah,UP
31993,Sealdah - Bangaon Local,Sealdah,Bangaon,13:24,15:27,123,77,Bangaon Line,Sealdah,UP
32129,Sealdah - Hasnabad Local,Sealdah,Hasnabad,13:24,15:38,134,75,Bangaon Line,Sealdah,UP
31565,Sealdah - Ranaghat Local,Sealdah,Ranaghat,13:25,15:23,118,73,Main Line,Sealdah,UP
31793,Sealdah - Shantipur Local,Sealdah,Shantipur,13:25,15:37,132,93,Main Line,Sealdah,UP
32963,Sealdah - Baruipur Local,Sealdah,Baruipur,13:26,14:16,50,25,South Line,Sealdah,UP
31227,Sealdah - Naihati Local,Sealdah,Naihati,13:28,14:34,66,38,Main Line,Sealdah,UP
33297,Sealdah - Namkhana Local,Sealdah,Namkhana,13:28,16:08,160,109,South Line,Sealdah,UP
32747,Sealdah - Sonarpur Local,Sealdah,Sonarpur,13:29,14:08,39,17,South Line,Sealdah,UP
31419,Sealdah - Kalyani Simanta Local,Sealdah,Kalyani Simanta,13:30,14:59,89,53,Main Line,Sealdah,UP
32391,Sealdah - Barrackpore Local,Sealdah,Barrackpore,13:30,14:06,36,22,Main Line,Sealdah,UP
31873,Sealdah - Gede Local,Sealdah,Gede,13:31,16:12,161,117,Main Line,Sealdah,UP
32559,Sealdah - Budge Budge Local,Sealdah,Budge Budge,13:31,14:28,57,26,South Line,Sealdah,UP
31701,Sealdah - Krishnanagar Local,Sealdah,Krishnanagar,13:37,16:03,146,100,Main Line,Sealdah,UP
32965,Sealdah - Baruipur Local,Sealdah,Baruipur,13:37,14:23,46,25,South Line,Sealdah,UP
31229,Sealdah - Naihati Local,Sealdah,Naihati,13:38,14:43,65,38,Main Line,Sealdah,UP
31995,Sealdah - Bangaon Local,Sealdah,Bangaon,13:39,15:47,128,77,Bangaon Line,Sealdah,UP
32245,Sealdah - Dankuni Local,Sealdah,Dankuni,13:39,14:25,46,22,Chord Link,Sealdah,UP
33233,Sealdah - Kakdwip Local,Sealdah,Kakdwip,13:39,16:03,144,95,South Line,Sealdah,UP
32749,Sealdah - Sonarpur Local,Sealdah,Sonarpur,13:40,14:11,31,17,South Line,Sealdah,UP
33477,Sealdah - Lakshmikantapur Local,Sealdah,Lakshmikantapur,13:40,15:17,97,62,South Line,Sealdah,UP
31567,Sealdah - Ranaghat Local,Sealdah,Ranaghat,13:41,15:32,111,73,Main Line,Sealdah,UP
33569,Sealdah - Majerhat Local,Sealdah,Majerhat,13:41,14:20,39,15,Circular Railway,Sealdah,UP
33133,Sealdah - Diamond Harbour Local,Sealdah,Diamond Harbour,13:42,15:14,92,60,South Line,Sealdah,UP
32393,Sealdah - Barrackpore Local,Sealdah,Barrackpore,13:45,14:28,43,22,Main Line,Sealdah,UP
31231,Sealdah - Naihati Local,Sealdah,Naihati,13:46,14:49,63,38,Main Line,Sealdah,UP
32561,Sealdah - Budge Budge Local,Sealdah,Budge Budge,13:46,14:43,57,26,South Line,Sealdah,UP
33377,Sealdah - Canning Local,Sealdah,Canning,13:46,15:02,76,45,South Line,Sealdah,UP
32131,Sealdah - Hasnabad Local,Sealdah,Hasnabad,13:50,15:56,126,75,Bangaon Line,Sealdah,UP
32751,Sealdah - Sonarpur Local,Sealdah,Sonarpur,13:50,14:24,34,17,South Line,Sealdah,UP
32967,Sealdah - Baruipur Local,Sealdah,Baruipur,13:51,14:38,47,25,South Line,Sealdah,UP
31421,Sealdah - Kalyani Simanta Local,Sealdah,Kalyani Simanta,13:52,15:16,84,53,Main Line,Sealdah,UP
31569,Sealdah - Ranaghat Local,Sealdah,Ranaghat,13:54,15:50,116,73,Main Line,Sealdah,UP
31997,Sealdah - Bangaon Local,Sealdah,Bangaon,13:55,15:58,123,77,Bangaon Line,Sealdah,UP
31233,Sealdah - Naihati Local,Sealdah,Naihati,13:57,14:58,61,38,Main Line,Sealdah,UP
31795,Sealdah - Shantipur Local,Sealdah,Shantipur,13:57,16:10,133,93,Main Line,Sealdah,UP
32247,Sealdah - Dankuni Local,Sealdah,Dankuni,13:59,14:43,44,22,Chord Link,Sealdah,UP
32753,Sealdah - Sonarpur Local,Sealdah,Sonarpur,14:00,14:38,38,17,South Line,Sealdah,UP
32395,Sealdah - Barrackpore Local,Sealdah,Barrackpore,14:02,14:38,36,22,Main Line,Sealdah,UP
32969,Sealdah - Baruipur Local,Sealdah,Baruipur,14:02,14:53,51,25,South Line,Sealdah,UP
33135,Sealdah - Diamond Harbour Local,Sealdah,Diamond Harbour,14:02,15:40,98,60,South Line,Sealdah,UP
31703,Sealdah - Krishnanagar Local,Sealdah,Krishnanagar,14:03,16:30,147,100,Main Line,Sealdah,UP
32563,Sealdah - Budge Budge Local,Sealdah,Budge Budge,14:03,14:55,52,26,South Line,Sealdah,UP
33479,Sealdah - Lakshmikantapur Local,Sealdah,Lakshmikantapur,14:03,15:40,97,62,South Line,Sealdah,UP
31235,Sealdah - Naihati Local,Sealdah,Naihati,14:08,15:17,69,38,Main Line,Sealdah,UP
31875,Sealdah - Gede Local,Sealdah,Gede,14:08,16:50,162,117,Main Line,Sealdah,UP
31999,Sealdah - Bangaon Local,Sealdah,Bangaon,14:09,16:17,128,77,Bangaon Line,Sealdah,UP
31571,Sealdah - Ranaghat Local,Sealdah,Ranaghat,14:10,16:05,115,73,Main Line,Sealdah,UP
32755,Sealdah - Sonarpur Local,Sealdah,Sonarpur,14:10,14:47,37,17,South Line,Sealdah,UP
33571,Sealdah - Majerhat Local,Sealdah,Majerhat,14:10,14:49,39,15,Circular Railway,Sealdah,UP
32971,Sealdah - Baruipur Local,Sealdah,Baruipur,14:12,15:04,52,25,South Line,Sealdah,UP
32133,Sealdah - Hasnabad Local,Sealdah,Hasnabad,14:13,16:21,128,75,Bangaon Line,Sealdah,UP
33379,Sealdah - Canning Local,Sealdah,Canning,14:13,15:30,77,45,South Line,Sealdah,UP
31423,Sealdah - Kalyani Simanta Local,Sealdah,Kalyani Simanta,14:14,15:38,84,53,Main Line,Sealdah,UP
33299,Sealdah - Namkhana Local,Sealdah,Namkhana,14:14,16:54,160,109,South Line,Sealdah,UP
33235,Sealdah - Kakdwip Local,Sealdah,Kakdwip,14:16,16:40,144,95,South Line,Sealdah,UP
31237,Sealdah - Naihati Local,Sealdah,Naihati,14:18,15:27,69,38,Main Line,Sealdah,UP
32397,Sealdah - Barrackpore Local,Sealdah,Barrackpore,14:18,15:02,44,22,Main Line,Sealdah,UP
32565,Sealdah - Budge Budge Local,Sealdah,Budge Budge,14:20,15:16,56,26,South Line,Sealdah,UP
33137,Sealdah - Diamond Harbour Local,Sealdah,Diamond Harbour,14:20,15:54,94,60,South Line,Sealdah,UP
32249,Sealdah - Dankuni Local,Sealdah,Dankuni,14:21,15:04,43,22,Chord Link,Sealdah,UP
32001,Sealdah - Bangaon Local,Sealdah,Bangaon,14:22,16:27,125,77,Bangaon Line,Sealdah,UP
32757,Sealdah - Sonarpur Local,Sealdah,Sonarpur,14:22,14:55,33,17,South Line,Sealdah,UP
31797,Sealdah - Shantipur Local,Sealdah,Shantipur,14:25,16:36,131,93,Main Line,Sealdah,UP
32973,Sealdah - Baruipur Local,Sealdah,Baruipur,14:26,15:15,49,25,South Line,Sealdah,UP
31239,Sealdah - Naihati Local,Sealdah,Naihati,14:27,15:32,65,38,Main Line,Sealdah,UP
31573,Sealdah - Ranaghat Local,Sealdah,Ranaghat,14:27,16:19,112,73,Main Line,Sealdah,UP
31705,Sealdah - Krishnanagar Local,Sealdah,Krishnanagar,14:30,16:53,143,100,Main Line,Sealdah,UP
33481,Sealdah - Lakshmikantapur Local,Sealdah,Lakshmikantapur,14:30,16:01,91,62,South Line,Sealdah,UP
32399,Sealdah - Barrackpore Local,Sealdah,Barrackpore,14:31,15:13,42,22,Main Line,Sealdah,UP
32759,Sealdah - Sonarpur Local,Sealdah,Sonarpur,14:33,15:12,39,17,South Line,Sealdah,UP
31241,Sealdah - Naihati Local,Sealdah,Naihati,14:35,15:39,64,38,Main Line,Sealdah,UP
31425,Sealdah - Kalyani Simanta Local,Sealdah,Kalyani Simanta,14:35,16:02,87,53,Main Line,Sealdah,UP
32003,Sealdah - Bangaon Local,Sealdah,Bangaon,14:35,16:36,121,77,Bangaon Line,Sealdah,UP
32567,Sealdah - Budge Budge Local,Sealdah,Budge Budge,14:35,15:28,53,26,South Line,Sealdah,UP
32135,Sealdah - Hasnabad Local,Sealdah,Hasnabad,14:36,16:49,133,75,Bangaon Line,Sealdah,UP
33381,Sealdah - Canning Local,Sealdah,Canning,14:38,15:49,71,45,South Line,Sealdah,UP
33139,Sealdah - Diamond Harbour Local,Sealdah,Diamond Harbour,14:39,16:18,99,60,South Line,Sealdah,UP
31575,Sealdah - Ranaghat Local,Sealdah,Ranaghat,14:40,16:31,111,73,Main Line,Sealdah,UP
32251,Sealdah - Dankuni Local,Sealdah,Dankuni,14:40,15:23,43,22,Chord Link,Sealdah,UP
32975,Sealdah - Baruipur Local,Sealdah,Baruipur,14:40,15:26,46,25,South Line,Sealdah,UP
33573,Sealdah - Majerhat Local,Sealdah,Majerhat,14:41,15:20,39,15,Circular Railway,Sealdah,UP
31877,Sealdah - Gede Local,Sealdah,Gede,14:43,17:25,162,117,Main Line,Sealdah,UP
32761,Sealdah - Sonarpur Local,Sealdah,Sonarpur,14:43,15:17,34,17,South Line,Sealdah,UP
31243,Sealdah - Naihati Local,Sealdah,Naihati,14:47,15:53,66,38,Main Line,Sealdah,UP
32401,Sealdah - Barrackpore Local,Sealdah,Barrackpore,14:48,15:24,36,22,Main Line,Sealdah,UP
32005,Sealdah - Bangaon Local,Sealdah,Bangaon,14:49,16:50,121,77,Bangaon Line,Sealdah,UP
32569,Sealdah - Budge Budge Local,Sealdah,Budge Budge,14:51,15:43,52,26,South Line,Sealdah,UP
33237,Sealdah - Kakdwip Local,Sealdah,Kakdwip,14:51,17:15,144,95,South Line,Sealdah,UP
31577,Sealdah - Ranaghat Local,Sealdah,Ranaghat,14:54,16:45,111,73,Main Line,Sealdah,UP
31799,Sealdah - Shantipur Local,Sealdah,Shantipur,14:54,17:09,135,93,Main Line,Sealdah,UP
32977,Sealdah - Baruipur Local,Sealdah,Baruipur,14:54,15:48,54,25,South Line,Sealdah,UP
31427,Sealdah - Kalyani Simanta Local,Sealdah,Kalyani Simanta,14:55,16:16,81,53,Main Line,Sealdah,UP
33483,Sealdah - Lakshmikantapur Local,Sealdah,Lakshmikantapur,14:55,16:32,97,62,South Line,Sealdah,UP
31245,Sealdah - Naihati Local,Sealdah,Naihati,14:56,16:05,69,38,Main Line,Sealdah,UP
32763,Sealdah - Sonarpur Local,Sealdah,Sonarpur,14:56,15:30,34,17,South Line,Sealdah,UP
31707,Sealdah - Krishnanagar Local,Sealdah,Krishnanagar,14:57,17:19,142,100,Main Line,Sealdah,UP
33141,Sealdah - Diamond Harbour Local,Sealdah,Diamond Harbour,14:59,16:35,96,60,South Line,Sealdah,UP
32137,Sealdah - Hasnabad Local,Sealdah,Hasnabad,15:01,17:14,133,75,Bangaon Line,Sealdah,UP
32253,Sealdah - Dankuni Local,Sealdah,Dankuni,15:01,15:47,46,22,Chord Link,Sealdah,UP
32403,Sealdah - Barrackpore Local,Sealdah,Barrackpore,15:01,15:41,40,22,Main Line,Sealdah,UP
33301,Sealdah - Namkhana Local,Sealdah,Namkhana,15:01,17:45,164,109,South Line,Sealdah,UP
33383,Sealdah - Canning Local,Sealdah,Canning,15:02,16:16,74,45,South Line,Sealdah,UP
32007,Sealdah - Bangaon Local,Sealdah,Bangaon,15:03,17:08,125,77,Bangaon Line,Sealdah,UP
31247,Sealdah - Naihati Local,Sealdah,Naihati,15:05,16:06,61,38,Main Line,Sealdah,UP
32571,Sealdah - Budge Budge Local,Sealdah,Budge Budge,15:06,16:02,56,26,South Line,Sealdah,UP
32979,Sealdah - Baruipur Local,Sealdah,Baruipur,15:07,16:01,54,25,South Line,Sealdah,UP
32765,Sealdah - Sonarpur Local,Sealdah,Sonarpur,15:08,15:44,36,17,South Line,Sealdah,UP
31579,Sealdah - Ranaghat Local,Sealdah,Ranaghat,15:09,17:07,118,73,Main Line,Sealdah,UP
33575,Sealdah - Majerhat Local,Sealdah,Majerhat,15:10,15:49,39,15,Circular Railway,Sealdah,UP
31429,Sealdah - Kalyani Simanta Local,Sealdah,Kalyani Simanta,15:16,16:42,86,53,Main Line,Sealdah,UP
31249,Sealdah - Naihati Local,Sealdah,Naihati,15:17,16:23,66,38,Main Line,Sealdah,UP
31879,Sealdah - Gede Local,Sealdah,Gede,15:18,18:05,167,117,Main Line,Sealdah,UP
32009,Sealdah - Bangaon Local,Sealdah,Bangaon,15:18,17:25,127,77,Bangaon Line,Sealdah,UP
32405,Sealdah - Barrackpore Local,Sealdah,Barrackpore,15:18,15:58,40,22,Main Line,Sealdah,UP
33143,Sealdah - Diamond Harbour Local,Sealdah,Diamond Harbour,15:18,16:53,95,60,South Line,Sealdah,UP
32573,Sealdah - Budge Budge Local,Sealdah,Budge Budge,15:20,16:14,54,26,South Line,Sealdah,UP
32981,Sealdah - Baruipur Local,Sealdah,Baruipur,15:20,16:09,49,25,South Line,Sealdah,UP
32767,Sealdah - Sonarpur Local,Sealdah,Sonarpur,15:21,15:53,32,17,South Line,Sealdah,UP
31801,Sealdah - Shantipur Local,Sealdah,Shantipur,15:22,17:39,137,93,Main Line,Sealdah,UP
32255,Sealdah - Dankuni Local,Sealdah,Dankuni,15:22,16:11,49,22,Chord Link,Sealdah,UP
33485,Sealdah - Lakshmikantapur Local,Sealdah,Lakshmikantapur,15:22,17:00,98,62,South Line,Sealdah,UP
31581,Sealdah - Ranaghat Local,Sealdah,Ranaghat,15:23,17:21,118,73,Main Line,Sealdah,UP
31709,Sealdah - Krishnanagar Local,Sealdah,Krishnanagar,15:23,17:50,147,100,Main Line,Sealdah,UP
33239,Sealdah - Kakdwip Local,Sealdah,Kakdwip,15:26,17:45,139,95,South Line,Sealdah,UP
33385,Sealdah - Canning Local,Sealdah,Canning,15:27,16:44,77,45,South Line,Sealdah,UP
32139,Sealdah - Hasnabad Local,Sealdah,Hasnabad,15:28,17:42,134,75,Bangaon Line,Sealdah,UP
31251,Sealdah - Naihati Local,Sealdah,Naihati,15:29,16:30,61,38,Main Line,Sealdah,UP
32575,Sealdah - Budge Budge Local,Sealdah,Budge Budge,15:33,16:25,52,26,South Line,Sealdah,UP
32769,Sealdah - Sonarpur Local,Sealdah,Sonarpur,15:33,16:09,36,17,South Line,Sealdah,UP
32983,Sealdah - Baruipur Local,Sealdah,Baruipur,15:33,16:23,50,25,South Line,Sealdah,UP
32011,Sealdah - Bangaon Local,Sealdah,Bangaon,15:35,17:43,128,77,Bangaon Line,Sealdah,UP
32407,Sealdah - Barrackpore Local,Sealdah,Barrackpore,15:35,16:19,44,22,Main Line,Sealdah,UP
31431,Sealdah - Kalyani Simanta Local,Sealdah,Kalyani Simanta,15:37,17:00,83,53,Main Line,Sealdah,UP
33145,Sealdah - Diamond Harbour Local,Sealdah,Diamond Harbour,15:39,17:10,91,60,South Line,Sealdah,UP
31253,Sealdah - Naihati Local,Sealdah,Naihati,15:40,16:46,66,38,Main Line,Sealdah,UP
31583,Sealdah - Ranaghat Local,Sealdah,Ranaghat,15:40,17:33,113,73,Main Line,Sealdah,UP
33577,Sealdah - Majerhat Local,Sealdah,Majerhat,15:40,16:19,39,15,Circular Railway,Sealdah,UP
32257,Sealdah - Dankuni Local,Sealdah,Dankuni,15:43,16:32,49,22,Chord Link,Sealdah,UP
33303,Sealdah - Namkhana Local,Sealdah,Namkhana,15:44,18:28,164,109,South Line,Sealdah,UP
32985,Sealdah - Baruipur Local,Sealdah,Baruipur,15:46,16:38,52,25,South Line,Sealdah,UP
33487,Sealdah - Lakshmikantapur Local,Sealdah,Lakshmikantapur,15:46,17:22,96,62,South Line,Sealdah,UP
32771,Sealdah - Sonarpur Local,Sealdah,Sonarpur,15:47,16:26,39,17,South Line,Sealdah,UP
31255,Sealdah - Naihati Local,Sealdah,Naihati,15:48,16:52,64,38,Main Line,Sealdah,UP
32409,Sealdah - Barrackpore Local,Sealdah,Barrackpore,15:48,16:26,38,22,Main Line,Sealdah,UP
32577,Sealdah - Budge Budge Local,Sealdah,Budge Budge,15:48,16:44,56,26,South Line,Sealdah,UP
31711,Sealdah - Krishnanagar Local,Sealdah,Krishnanagar,15:49,18:10,141,100,Main Line,Sealdah,UP
33387,Sealdah - Canning Local,Sealdah,Canning,15:51,17:07,76,45,South Line,Sealdah,UP
32013,Sealdah - Bangaon Local,Sealdah,Bangaon,15:52,17:53,121,77,Bangaon Line,Sealdah,UP
32141,Sealdah - Hasnabad Local,Sealdah,Hasnabad,15:52,18:03,131,75,Bangaon Line,Sealdah,UP
31803,Sealdah - Shantipur Local,Sealdah,Shantipur,15:53,18:11,138,93,Main Line,Sealdah,UP
31585,Sealdah - Ranaghat Local,Sealdah,Ranaghat,15:55,17:52,117,73,Main Line,Sealdah,UP
31881,Sealdah - Gede Local,Sealdah,Gede,15:55,18:40,165,117,Main Line,Sealdah,UP
32987,Sealdah - Baruipur Local,Sealdah,Baruipur,15:56,16:50,54,25,South Line,Sealdah,UP
32773,Sealdah - Sonarpur Local,Sealdah,Sonarpur,15:57,16:30,33,17,South Line,Sealdah,UP
31257,Sealdah - Naihati Local,Sealdah,Naihati,15:58,17:02,64,38,Main Line,Sealdah,UP
31433,Sealdah - Kalyani Simanta Local,Sealdah,Kalyani Simanta,15:58,17:21,83,53,Main Line,Sealdah,UP
33147,Sealdah - Diamond Harbour Local,Sealdah,Diamond Harbour,15:58,17:36,98,60,South Line,Sealdah,UP
33241,Sealdah - Kakdwip Local,Sealdah,Kakdwip,16:00,18:20,140,95,South Line,Sealdah,UP
32579,Sealdah - Budge Budge Local,Sealdah,Budge Budge,16:02,17:01,59,26,South Line,Sealdah,UP
32259,Sealdah - Dankuni Local,Sealdah,Dankuni,16:04,16:48,44,22,Chord Link,Sealdah,UP
32411,Sealdah - Barrackpore Local,Sealdah,Barrackpore,16:04,16:41,37,22,Main Line,Sealdah,UP
31259,Sealdah - Naihati Local,Sealdah,Naihati,16:06,17:08,62,38,Main Line,Sealdah,UP
32989,Sealdah - Baruipur Local,Sealdah,Baruipur,16:06,17:00,54,25,South Line,Sealdah,UP
32015,Sealdah - Bangaon Local,Sealdah,Bangaon,16:07,18:12,125,77,Bangaon Line,Sealdah,UP
32775,Sealdah - Sonarpur Local,Sealdah,Sonarpur,16:07,16:46,39,17,South Line,Sealdah,UP
33579,Sealdah - Majerhat Local,Sealdah,Majerhat,16:09,16:50,41,15,Circular Railway,Sealdah,UP
31587,Sealdah - Ranaghat Local,Sealdah,Ranaghat,16:12,18:04,112,73,Main Line,Sealdah,UP
33489,Sealdah - Lakshmikantapur Local,Sealdah,Lakshmikantapur,16:12,17:44,92,62,South Line,Sealdah,UP
31713,Sealdah - Krishnanagar Local,Sealdah,Krishnanagar,16:14,18:38,144,100,Main Line,Sealdah,UP
32143,Sealdah - Hasnabad Local,Sealdah,Hasnabad,16:16,18:27,131,75,Bangaon Line,Sealdah,UP
32581,Sealdah - Budge Budge Local,Sealdah,Budge Budge,16:16,17:13,57,26,South Line,Sealdah,UP
33389,Sealdah - Canning Local,Sealdah,Canning,16:16,17:32,76,45,South Line,Sealdah,UP
32413,Sealdah - Barrackpore Local,Sealdah,Barrackpore,16:17,16:55,38,22,Main Line,Sealdah,UP
31261,Sealdah - Naihati Local,Sealdah,Naihati,16:18,17:26,68,38,Main Line,Sealdah,UP
32777,Sealdah - Sonarpur Local,Sealdah,Sonarpur,16:18,16:55,37,17,South Line,Sealdah,UP
31435,Sealdah - Kalyani Simanta Local,Sealdah,Kalyani Simanta,16:19,17:48,89,53,Main Line,Sealdah,UP
32991,Sealdah - Baruipur Local,Sealdah,Baruipur,16:20,17:08,48,25,South Line,Sealdah,UP
33149,Sealdah - Diamond Harbour Local,Sealdah,Diamond Harbour,16:20,17:58,98,60,South Line,Sealdah,UP
32017,Sealdah - Bangaon Local,Sealdah,Bangaon,16:21,18:22,121,77,Bangaon Line,Sealdah,UP
32261,Sealdah - Dankuni Local,Sealdah,Dankuni,16:23,17:05,42,22,Chord Link,Sealdah,UP
31805,Sealdah - Shantipur Local,Sealdah,Shantipur,16:24,18:39,135,93,Main Line,Sealdah,UP
31263,Sealdah - Naihati Local,Sealdah,Naihati,16:26,17:35,69,38,Main Line,Sealdah,UP
31589,Sealdah - Ranaghat Local,Sealdah,Ranaghat,16:28,18:24,116,73,Main Line,Sealdah,UP
32779,Sealdah - Sonarpur Local,Sealdah,Sonarpur,16:28,17:06,38,17,South Line,Sealdah,UP
33305,Sealdah - Namkhana Local,Sealdah,Namkhana,16:29,19:12,163,109,South Line,Sealdah,UP
31883,Sealdah - Gede Local,Sealdah,Gede,16:30,19:13,163,117,Main Line,Sealdah,UP
32583,Sealdah - Budge Budge Local,Sealdah,Budge Budge,16:32,17:25,53,26,South Line,Sealdah,UP
31265,Sealdah - Naihati Local,Sealdah,Naihati,16:34,17:37,63,38,Main Line,Sealdah,UP
32415,Sealdah - Barrackpore Local,Sealdah,Barrackpore,16:34,17:13,39,22,Main Line,Sealdah,UP
32993,Sealdah - Baruipur Local,Sealdah,Baruipur,16:34,17:27,53,25,South Line,Sealdah,UP
33243,Sealdah - Kakdwip Local,Sealdah,Kakdwip,16:34,18:52,138,95,South Line,Sealdah,UP
32019,Sealdah - Bangaon Local,Sealdah,Bangaon,16:36,18:41,125,77,Bangaon Line,Sealdah,UP
32781,Sealdah - Sonarpur Local,Sealdah,Sonarpur,16:38,17:13,35,17,South Line,Sealdah,UP
33581,Sealdah - Majerhat Local,Sealdah,Majerhat,16:38,17:15,37,15,Circular Railway,Sealdah,UP
31715,Sealdah - Krishnanagar Local,Sealdah,Krishnanagar,16:39,19:07,148,100,Main Line,Sealdah,UP
33151,Sealdah - Diamond Harbour Local,Sealdah,Diamond Harbour,16:39,18:13,94,60,South Line,Sealdah,UP
33491,Sealdah - Lakshmikantapur Local,Sealdah,Lakshmikantapur,16:39,18:12,93,62,South Line,Sealdah,UP
33391,Sealdah - Canning Local,Sealdah,Canning,16:40,17:58,78,45,South Line,Sealdah,UP
31437,Sealdah - Kalyani Simanta Local,Sealdah,Kalyani Simanta,16:41,18:08,87,53,Main Line,Sealdah,UP
31267,Sealdah - Naihati Local,Sealdah,Naihati,16:43,17:52,69,38,Main Line,Sealdah,UP
32145,Sealdah - Hasnabad Local,Sealdah,Hasnabad,16:43,18:55,132,75,Bangaon Line,Sealdah,UP
31591,Sealdah - Ranaghat Local,Sealdah,Ranaghat,16:44,18:40,116,73,Main Line,Sealdah,UP
32995,Sealdah - Baruipur Local,Sealdah,Baruipur,16:44,17:32,48,25,South Line,Sealdah,UP
32263,Sealdah - Dankuni Local,Sealdah,Dankuni,16:45,17:33,48,22,Chord Link,Sealdah,UP
32417,Sealdah - Barrackpore Local,Sealdah,Barrackpore,16:48,17:32,44,22,Main Line,Sealdah,UP
32585,Sealdah - Budge Budge Local,Sealdah,Budge Budge,16:49,17:46,57,26,South Line,Sealdah,UP
32783,Sealdah - Sonarpur Local,Sealdah,Sonarpur,16:50,17:22,32,17,South Line,Sealdah,UP
32021,Sealdah - Bangaon Local,Sealdah,Bangaon,16:51,18:57,126,77,Bangaon Line,Sealdah,UP
31269,Sealdah - Naihati Local,Sealdah,Naihati,16:54,17:59,65,38,Main Line,Sealdah,UP
31807,Sealdah - Shantipur Local,Sealdah,Shantipur,16:55,19:14,139,93,Main Line,Sealdah,UP
32997,Sealdah - Baruipur Local,Sealdah,Baruipur,16:55,17:44,49,25,South Line,Sealdah,UP
31439,Sealdah - Kalyani Simanta Local,Sealdah,Kalyani Simanta,16:59,18:20,81,53,Main Line,Sealdah,UP
33153,Sealdah - Diamond Harbour Local,Sealdah,Diamond Harbour,16:59,18:30,91,60,South Line,Sealdah,UP
31593,Sealdah - Ranaghat Local,Sealdah,Ranaghat,17:00,18:52,112,73,Main Line,Sealdah,UP
32785,Sealdah - Sonarpur Local,Sealdah,Sonarpur,17:02,17:40,38,17,South Line,Sealdah,UP
31271,Sealdah - Naihati Local,Sealdah,Naihati,17:03,18:10,67,38,Main Line,Sealdah,UP
32023,Sealdah - Bangaon Local,Sealdah,Bangaon,17:04,19:11,127,77,Bangaon Line,Sealdah,UP
31717,Sealdah - Krishnanagar Local,Sealdah,Krishnanagar,17:05,19:31,146,100,Main Line,Sealdah,UP
32419,Sealdah - Barrackpore Local,Sealdah,Barrackpore,17:05,17:46,41,22,Main Line,Sealdah,UP
33493,Sealdah - Lakshmikantapur Local,Sealdah,Lakshmikantapur,17:05,18:43,98,62,South Line,Sealdah,UP
32587,Sealdah - Budge Budge Local,Sealdah,Budge Budge,17:06,17:59,53,26,South Line,Sealdah,UP
32999,Sealdah - Baruipur Local,Sealdah,Baruipur,17:06,17:52,46,25,South Line,Sealdah,UP
33393,Sealdah - Canning Local,Sealdah,Canning,17:06,18:22,76,45,South Line,Sealdah,UP
31885,Sealdah - Gede Local,Sealdah,Gede,17:07,19:49,162,117,Main Line,Sealdah,UP
32147,Sealdah - Hasnabad Local,Sealdah,Hasnabad,17:07,19:17,130,75,Bangaon Line,Sealdah,UP
32265,Sealdah - Dankuni Local,Sealdah,Dankuni,17:07,17:53,46,22,Chord Link,Sealdah,UP
33583,Sealdah - Majerhat Local,Sealdah,Majerhat,17:07,17:44,37,15,Circular Railway,Sealdah,UP
33245,Sealdah - Kakdwip Local,Sealdah,Kakdwip,17:09,19:33,144,95,South Line,Sealdah,UP
31273,Sealdah - Naihati Local,Sealdah,Naihati,17:15,18:24,69,38,Main Line,Sealdah,UP
31595,Sealdah - Ranaghat Local,Sealdah,Ranaghat,17:15,19:11,116,73,Main Line,Sealdah,UP
32787,Sealdah - Sonarpur Local,Sealdah,Sonarpur,17:16,17:52,36,17,South Line,Sealdah,UP
33307,Sealdah - Namkhana Local,Sealdah,Namkhana,17:16,19:52,156,109,South Line,Sealdah,UP
33001,Sealdah - Baruipur Local,Sealdah,Baruipur,17:17,18:04,47,25,South Line,Sealdah,UP
33155,Sealdah - Diamond Harbour Local,Sealdah,Diamond Harbour,17:17,18:49,92,60,South Line,Sealdah,UP
32025,Sealdah - Bangaon Local,Sealdah,Bangaon,17:20,19:27,127,77,Bangaon Line,Sealdah,UP
32421,Sealdah - Barrackpore Local,Sealdah,Barrackpore,17:20,18:02,42,22,Main Line,Sealdah,UP
31441,Sealdah - Kalyani Simanta Local,Sealdah,Kalyani Simanta,17:21,18:48,87,53,Main Line,Sealdah,UP
32589,Sealdah - Budge Budge Local,Sealdah,Budge Budge,17:22,18:21,59,26,South Line,Sealdah,UP
31275,Sealdah - Naihati Local,Sealdah,Naihati,17:24,18:29,65,38,Main Line,Sealdah,UP
31809,Sealdah - Shantipur Local,Sealdah,Shantipur,17:24,19:40,136,93,Main Line,Sealdah,UP
32789,Sealdah - Sonarpur Local,Sealdah,Sonarpur,17:26,18:01,35,17,South Line,Sealdah,UP
31597,Sealdah - Ranaghat Local,Sealdah,Ranaghat,17:29,19:27,118,73,Main Line,Sealdah,UP
31719,Sealdah - Krishnanagar Local,Sealdah,Krishnanagar,17:29,19:55,146,100,Main Line,Sealdah,UP
32267,Sealdah - Dankuni Local,Sealdah,Dankuni,17:29,18:11,42,22,Chord Link,Sealdah,UP
33003,Sealdah - Baruipur Local,Sealdah,Baruipur,17:30,18:19,49,25,South Line,Sealdah,UP
33495,Sealdah - Lakshmikantapur Local,Sealdah,Lakshmikantapur,17:30,19:02,92,62,South Line,Sealdah,UP
33395,Sealdah - Canning Local,Sealdah,Canning,17:32,18:50,78,45,South Line,Sealdah,UP
31277,Sealdah - Naihati Local,Sealdah,Naihati,17:33,18:39,66,38,Main Line,Sealdah,UP
32149,Sealdah - Hasnabad Local,Sealdah,Hasnabad,17:34,19:45,131,75,Bangaon Line,Sealdah,UP
32423,Sealdah - Barrackpore Local,Sealdah,Barrackpore,17:35,18:16,41,22,Main Line,Sealdah,UP
33157,Sealdah - Diamond Harbour Local,Sealdah,Diamond Harbour,17:35,19:13,98,60,South Line,Sealdah,UP
33585,Sealdah - Majerhat Local,Sealdah,Majerhat,17:35,18:11,36,15,Circular Railway,Sealdah,UP
32027,Sealdah - Bangaon Local,Sealdah,Bangaon,17:36,19:39,123,77,Bangaon Line,Sealdah,UP
32791,Sealdah - Sonarpur Local,Sealdah,Sonarpur,17:37,18:12,35,17,South Line,Sealdah,UP
32591,Sealdah - Budge Budge Local,Sealdah,Budge Budge,17:38,18:37,59,26,South Line,Sealdah,UP
31443,Sealdah - Kalyani Simanta Local,Sealdah,Kalyani Simanta,17:39,19:07,88,53,Main Line,Sealdah,UP
31887,Sealdah - Gede Local,Sealdah,Gede,17:42,20:25,163,117,Main Line,Sealdah,UP
33005,Sealdah - Baruipur Local,Sealdah,Baruipur,17:43,18:33,50,25,South Line,Sealdah,UP
33247,Sealdah - Kakdwip Local,Sealdah,Kakdwip,17:43,20:04,141,95,South Line,Sealdah,UP
31279,Sealdah - Naihati Local,Sealdah,Naihati,17:44,18:53,69,38,Main Line,Sealdah,UP
31599,Sealdah - Ranaghat Local,Sealdah,Ranaghat,17:45,19:42,117,73,Main Line,Sealdah,UP
32269,Sealdah - Dankuni Local,Sealdah,Dankuni,17:47,18:36,49,22,Chord Link,Sealdah,UP
32425,Sealdah - Barrackpore Local,Sealdah,Barrackpore,17:48,18:31,43,22,Main Line,Sealdah,UP
32029,Sealdah - Bangaon Local,Sealdah,Bangaon,17:51,19:59,128,77,Bangaon Line,Sealdah,UP
32793,Sealdah - Sonarpur Local,Sealdah,Sonarpur,17:51,18:25,34,17,South Line,Sealdah,UP
31721,Sealdah - Krishnanagar Local,Sealdah,Krishnanagar,17:52,20:18,146,100,Main Line,Sealdah,UP
31811,Sealdah - Shantipur Local,Sealdah,Shantipur,17:52,20:04,132,93,Main Line,Sealdah,UP
32593,Sealdah - Budge Budge Local,Sealdah,Budge Budge,17:52,18:50,58,26,South Line,Sealdah,UP
33007,Sealdah - Baruipur Local,Sealdah,Baruipur,17:54,18:41,47,25,South Line,Sealdah,UP
33497,Sealdah - Lakshmikantapur Local,Sealdah,Lakshmikantapur,17:54,19:33,99,62,South Line,Sealdah,UP
31281,Sealdah - Naihati Local,Sealdah,Naihati,17:55,18:57,62,38,Main Line,Sealdah,UP
33159,Sealdah - Diamond Harbour Local,Sealdah,Diamond Harbour,17:57,19:29,92,60,South Line,Sealdah,UP
33397,Sealdah - Canning Local,Sealdah,Canning,17:57,19:09,72,45,South Line,Sealdah,UP
31445,Sealdah - Kalyani Simanta Local,Sealdah,Kalyani Simanta,17:58,19:19,81,53,Main Line,Sealdah,UP
31601,Sealdah - Ranaghat Local,Sealdah,Ranaghat,18:00,19:51,111,73,Main Line,Sealdah,UP
32151,Sealdah - Hasnabad Local,Sealdah,Hasnabad,18:01,20:15,134,75,Bangaon Line,Sealdah,UP
33309,Sealdah - Namkhana Local,Sealdah,Namkhana,18:02,20:41,159,109,South Line,Sealdah,UP
32427,Sealdah - Barrackpore Local,Sealdah,Barrackpore,18:04,18:43,39,22,Main Line,Sealdah,UP
32271,Sealdah - Dankuni Local,Sealdah,Dankuni,18:05,18:49,44,22,Chord Link,Sealdah,UP
32795,Sealdah - Sonarpur Local,Sealdah,Sonarpur,18:05,18:41,36,17,South Line,Sealdah,UP
31283,Sealdah - Naihati Local,Sealdah,Naihati,18:06,19:10,64,38,Main Line,Sealdah,UP
32595,Sealdah - Budge Budge Local,Sealdah,Budge Budge,18:06,18:59,53,26,South Line,Sealdah,UP
33009,Sealdah - Baruipur Local,Sealdah,Baruipur,18:06,18:58,52,25,South Line,Sealdah,UP
33587,Sealdah - Majerhat Local,Sealdah,Majerhat,18:06,18:42,36,15,Circular Railway,Sealdah,UP
32031,Sealdah - Bangaon Local,Sealdah,Bangaon,18:07,20:16,129,77,Bangaon Line,Sealdah,UP
31285,Sealdah - Naihati Local,Sealdah,Naihati,18:15,19:21,66,38,Main Line,Sealdah,UP
33011,Sealdah - Baruipur Local,Sealdah,Baruipur,18:16,19:08,52,25,South Line,Sealdah,UP
33161,Sealdah - Diamond Harbour Local,Sealdah,Diamond Harbour,18:16,19:48,92,60,South Line,Sealdah,UP
31447,Sealdah - Kalyani Simanta Local,Sealdah,Kalyani Simanta,18:17,19:44,87,53,Main Line,Sealdah,UP
31603,Sealdah - Ranaghat Local,Sealdah,Ranaghat,18:17,20:09,112,73,Main Line,Sealdah,UP
32797,Sealdah - Sonarpur Local,Sealdah,Sonarpur,18:18,18:56,38,17,South Line,Sealdah,UP
31723,Sealdah - Krishnanagar Local,Sealdah,Krishnanagar,18:19,20:46,147,100,Main Line,Sealdah,UP
31889,Sealdah - Gede Local,Sealdah,Gede,18:19,21:04,165,117,Main Line,Sealdah,UP
33499,Sealdah - Lakshmikantapur Local,Sealdah,Lakshmikantapur,18:19,19:54,95,62,South Line,Sealdah,UP
33249,Sealdah - Kakdwip Local,Sealdah,Kakdwip,18:20,20:41,141,95,South Line,Sealdah,UP
32429,Sealdah - Barrackpore Local,Sealdah,Barrackpore,18:21,19:01,40,22,Main Line,Sealdah,UP
32597,Sealdah - Budge Budge Local,Sealdah,Budge Budge,18:21,19:17,56,26,South Line,Sealdah,UP
32033,Sealdah - Bangaon Local,Sealdah,Bangaon,18:22,20:24,122,77,Bangaon Line,Sealdah,UP
31287,Sealdah - Naihati Local,Sealdah,Naihati,18:23,19:32,69,38,Main Line,Sealdah,UP
31813,Sealdah - Shantipur Local,Sealdah,Shantipur,18:23,20:41,138,93,Main Line,Sealdah,UP
33399,Sealdah - Canning Local,Sealdah,Canning,18:24,19:36,72,45,South Line,Sealdah,UP
32273,Sealdah - Dankuni Local,Sealdah,Dankuni,18:27,19:16,49,22,Chord Link,Sealdah,UP
32153,Sealdah - Hasnabad Local,Sealdah,Hasnabad,18:28,20:41,133,75,Bangaon Line,Sealdah,UP
33013,Sealdah - Baruipur Local,Sealdah,Baruipur,18:30,19:21,51,25,South Line,Sealdah,UP
31289,Sealdah - Naihati Local,Sealdah,Naihati,18:31,19:35,64,38,Main Line,Sealdah,UP
32799,Sealdah - Sonarpur Local,Sealdah,Sonarpur,18:32,19:11,39,17,South Line,Sealdah,UP
31605,Sealdah - Ranaghat Local,Sealdah,Ranaghat,18:33,20:28,115,73,Main Line,Sealdah,UP
32431,Sealdah - Barrackpore Local,Sealdah,Barrackpore,18:35,19:11,36,22,Main Line,Sealdah,UP
32599,Sealdah - Budge Budge Local,Sealdah,Budge Budge,18:35,19:26,51,26,South Line,Sealdah,UP
31449,Sealdah - Kalyani Simanta Local,Sealdah,Kalyani Simanta,18:37,20:01,84,53,Main Line,Sealdah,UP
32035,Sealdah - Bangaon Local,Sealdah,Bangaon,18:37,20:39,122,77,Bangaon Line,Sealdah,UP
33163,Sealdah - Diamond Harbour Local,Sealdah,Diamond Harbour,18:38,20:13,95,60,South Line,Sealdah,UP
33589,Sealdah - Majerhat Local,Sealdah,Majerhat,18:38,19:19,41,15,Circular Railway,Sealdah,UP
31291,Sealdah - Naihati Local,Sealdah,Naihati,18:40,19:42,62,38,Main Line,Sealdah,UP
31725,Sealdah - Krishnanagar Local,Sealdah,Krishnanagar,18:42,21:06,144,100,Main Line,Sealdah,UP
32801,Sealdah - Sonarpur Local,Sealdah,Sonarpur,18:43,19:16,33,17,South Line,Sealdah,UP
33015,Sealdah - Baruipur Local,Sealdah,Baruipur,18:44,19:38,54,25,South Line,Sealdah,UP
33501,Sealdah - Lakshmikantapur Local,Sealdah,Lakshmikantapur,18:45,20:16,91,62,South Line,Sealdah,UP
33311,Sealdah - Namkhana Local,Sealdah,Namkhana,18:47,21:31,164,109,South Line,Sealdah,UP
31293,Sealdah - Naihati Local,Sealdah,Naihati,18:48,19:52,64,38,Main Line,Sealdah,UP
31607,Sealdah - Ranaghat Local,Sealdah,Ranaghat,18:48,20:40,112,73,Main Line,Sealdah,UP
32433,Sealdah - Barrackpore Local,Sealdah,Barrackpore,18:48,19:30,42,22,Main Line,Sealdah,UP
33401,Sealdah - Canning Local,Sealdah,Canning,18:48,20:01,73,45,South Line,Sealdah,UP
32275,Sealdah - Dankuni Local,Sealdah,Dankuni,18:49,19:32,43,22,Chord Link,Sealdah,UP
32601,Sealdah - Budge Budge Local,Sealdah,Budge Budge,18:51,19:42,51,26,South Line,Sealdah,UP
31815,Sealdah - Shantipur Local,Sealdah,Shantipur,18:53,21:08,135,93,Main Line,Sealdah,UP
32037,Sealdah - Bangaon Local,Sealdah,Bangaon,18:53,20:56,123,77,Bangaon Line,Sealdah,UP
33251,Sealdah - Kakdwip Local,Sealdah,Kakdwip,18:53,21:16,143,95,South Line,Sealdah,UP
31891,Sealdah - Gede Local,Sealdah,Gede,18:54,21:37,163,117,Main Line,Sealdah,UP
32803,Sealdah - Sonarpur Local,Sealdah,Sonarpur,18:54,19:31,37,17,South Line,Sealdah,UP
32155,Sealdah - Hasnabad Local,Sealdah,Hasnabad,18:55,21:05,130,75,Bangaon Line,Sealdah,UP
31295,Sealdah - Naihati Local,Sealdah,Naihati,18:56,19:57,61,38,Main Line,Sealdah,UP
33017,Sealdah - Baruipur Local,Sealdah,Baruipur,18:56,19:42,46,25,South Line,Sealdah,UP
33165,Sealdah - Diamond Harbour Local,Sealdah,Diamond Harbour,18:56,20:34,98,60,South Line,Sealdah,UP
31451,Sealdah - Kalyani Simanta Local,Sealdah,Kalyani Simanta,18:57,20:23,86,53,Main Line,Sealdah,UP
32435,Sealdah - Barrackpore Local,Sealdah,Barrackpore,19:01,19:43,42,22,Main Line,Sealdah,UP
31609,Sealdah - Ranaghat Local,Sealdah,Ranaghat,19:03,21:02,119,73,Main Line,Sealdah,UP
31297,Sealdah - Naihati Local,Sealdah,Naihati,19:04,20:06,62,38,Main Line,Sealdah,UP
32805,Sealdah - Sonarpur Local,Sealdah,Sonarpur,19:04,19:38,34,17,South Line,Sealdah,UP
32603,Sealdah - Budge Budge Local,Sealdah,Budge Budge,19:06,19:59,53,26,South Line,Sealdah,UP
31727,Sealdah - Krishnanagar Local,Sealdah,Krishnanagar,19:07,21:35,148,100,Main Line,Sealdah,UP
32277,Sealdah - Dankuni Local,Sealdah,Dankuni,19:08,19:57,49,22,Chord Link,Sealdah,UP
32039,Sealdah - Bangaon Local,Sealdah,Bangaon,19:09,21:14,125,77,Bangaon Line,Sealdah,UP
33019,Sealdah - Baruipur Local,Sealdah,Baruipur,19:09,20:03,54,25,South Line,Sealdah,UP
33503,Sealdah - Lakshmikantapur Local,Sealdah,Lakshmikantapur,19:09,20:48,99,62,South Line,Sealdah,UP
33591,Sealdah - Majerhat Local,Sealdah,Majerhat,19:09,19:50,41,15,Circular Railway,Sealdah,UP
33403,Sealdah - Canning Local,Sealdah,Canning,19:13,20:27,74,45,South Line,Sealdah,UP
31299,Sealdah - Naihati Local,Sealdah,Naihati,19:14,20:18,64,38,Main Line,Sealdah,UP
32807,Sealdah - Sonarpur Local,Sealdah,Sonarpur,19:14,19:50,36,17,South Line,Sealdah,UP
33167,Sealdah - Diamond Harbour Local,Sealdah,Diamond Harbour,19:15,20:50,95,60,South Line,Sealdah,UP
32437,Sealdah - Barrackpore Local,Sealdah,Barrackpore,19:17,20:00,43,22,Main Line,Sealdah,UP
31453,Sealdah - Kalyani Simanta Local,Sealdah,Kalyani Simanta,19:18,20:45,87,53,Main Line,Sealdah,UP
31611,Sealdah - Ranaghat Local,Sealdah,Ranaghat,19:19,21:18,119,73,Main Line,Sealdah,UP
32157,Sealdah - Hasnabad Local,Sealdah,Hasnabad,19:22,21:28,126,75,Bangaon Line,Sealdah,UP
32605,Sealdah - Budge Budge Local,Sealdah,Budge Budge,19:22,20:19,57,26,South Line,Sealdah,UP
33021,Sealdah - Baruipur Local,Sealdah,Baruipur,19:23,20:10,47,25,South Line,Sealdah,UP
31817,Sealdah - Shantipur Local,Sealdah,Shantipur,19:25,21:39,134,93,Main Line,Sealdah,UP
31301,Sealdah - Naihati Local,Sealdah,Naihati,19:26,20:34,68,38,Main Line,Sealdah,UP
32041,Sealdah - Bangaon Local,Sealdah,Bangaon,19:26,21:28,122,77,Bangaon Line,Sealdah,UP
32279,Sealdah - Dankuni Local,Sealdah,Dankuni,19:28,20:10,42,22,Chord Link,Sealdah,UP
32809,Sealdah - Sonarpur Local,Sealdah,Sonarpur,19:28,20:04,36,17,South Line,Sealdah,UP
31729,Sealdah - Krishnanagar Local,Sealdah,Krishnanagar,19:30,21:54,144,100,Main Line,Sealdah,UP
31893,Sealdah - Gede Local,Sealdah,Gede,19:30,22:12,162,117,Main Line,Sealdah,UP
33253,Sealdah - Kakdwip Local,Sealdah,Kakdwip,19:30,21:52,142,95,South Line,Sealdah,UP
31613,Sealdah - Ranaghat Local,Sealdah,Ranaghat,19:32,21:29,117,73,Main Line,Sealdah,UP
33313,Sealdah - Namkhana Local,Sealdah,Namkhana,19:32,22:09,157,109,South Line,Sealdah,UP
33505,Sealdah - Lakshmikantapur Local,Sealdah,Lakshmikantapur,19:32,21:11,99,62,South Line,Sealdah,UP
32439,Sealdah - Barrackpore Local,Sealdah,Barrackpore,19:34,20:10,36,22,Main Line,Sealdah,UP
33169,Sealdah - Diamond Harbour Local,Sealdah,Diamond Harbour,19:35,21:06,91,60,South Line,Sealdah,UP
31303,Sealdah - Naihati Local,Sealdah,Naihati,19:36,20:45,69,38,Main Line,Sealdah,UP
32607,Sealdah - Budge Budge Local,Sealdah,Budge Budge,19:36,20:35,59,26,South Line,Sealdah,UP
33023,Sealdah - Baruipur Local,Sealdah,Baruipur,19:36,20:24,48,25,South Line,Sealdah,UP
31455,Sealdah - Kalyani Simanta Local,Sealdah,Kalyani Simanta,19:38,21:05,87,53,Main Line,Sealdah,UP
32811,Sealdah - Sonarpur Local,Sealdah,Sonarpur,19:38,20:15,37,17,South Line,Sealdah,UP
33405,Sealdah - Canning Local,Sealdah,Canning,19:40,20:52,72,45,South Line,Sealdah,UP
32043,Sealdah - Bangaon Local,Sealdah,Bangaon,19:41,21:47,126,77,Bangaon Line,Sealdah,UP
33593,Sealdah - Majerhat Local,Sealdah,Majerhat,19:41,20:21,40,15,Circular Railway,Sealdah,UP
31305,Sealdah - Naihati Local,Sealdah,Naihati,19:45,20:53,68,38,Main Line,Sealdah,UP
32441,Sealdah - Barrackpore Local,Sealdah,Barrackpore,19:47,20:24,37,22,Main Line,Sealdah,UP
31615,Sealdah - Ranaghat Local,Sealdah,Ranaghat,19:48,21:42,114,73,Main Line,Sealdah,UP
32159,Sealdah - Hasnabad Local,Sealdah,Hasnabad,19:48,21:59,131,75,Bangaon Line,Sealdah,UP
32813,Sealdah - Sonarpur Local,Sealdah,Sonarpur,19:48,20:20,32,17,South Line,Sealdah,UP
32281,Sealdah - Dankuni Local,Sealdah,Dankuni,19:49,20:37,48,22,Chord Link,Sealdah,UP
33025,Sealdah - Baruipur Local,Sealdah,Baruipur,19:49,20:36,47,25,South Line,Sealdah,UP
31731,Sealdah - Krishnanagar Local,Sealdah,Krishnanagar,19:53,22:14,141,100,Main Line,Sealdah,UP
31819,Sealdah - Shantipur Local,Sealdah,Shantipur,19:53,22:04,131,93,Main Line,Sealdah,UP
32609,Sealdah - Budge Budge Local,Sealdah,Budge Budge,19:53,20:50,57,26,South Line,Sealdah,UP
31307,Sealdah - Naihati Local,Sealdah,Naihati,19:54,21:02,68,38,Main Line,Sealdah,UP
32045,Sealdah - Bangaon Local,Sealdah,Bangaon,19:54,21:59,125,77,Bangaon Line,Sealdah,UP
33507,Sealdah - Lakshmikantapur Local,Sealdah,Lakshmikantapur,19:55,21:32,97,62,South Line,Sealdah,UP
33171,Sealdah - Diamond Harbour Local,Sealdah,Diamond Harbour,19:56,21:29,93,60,South Line,Sealdah,UP
31457,Sealdah - Kalyani Simanta Local,Sealdah,Kalyani Simanta,19:58,21:20,82,53,Main Line,Sealdah,UP
32815,Sealdah - Sonarpur Local,Sealdah,Sonarpur,20:00,20:39,39,17,South Line,Sealdah,UP
33027,Sealdah - Baruipur Local,Sealdah,Baruipur,20:00,20:47,47,25,South Line,Sealdah,UP
31617,Sealdah - Ranaghat Local,Sealdah,Ranaghat,20:01,21:57,116,73,Main Line,Sealdah,UP
32443,Sealdah - Barrackpore Local,Sealdah,Barrackpore,20:01,20:43,42,22,Main Line,Sealdah,UP
31309,Sealdah - Naihati Local,Sealdah,Naihati,20:03,21:07,64,38,Main Line,Sealdah,UP
33407,Sealdah - Canning Local,Sealdah,Canning,20:05,21:16,71,45,South Line,Sealdah,UP
31895,Sealdah - Gede Local,Sealdah,Gede,20:07,22:56,169,117,Main Line,Sealdah,UP
33255,Sealdah - Kakdwip Local,Sealdah,Kakdwip,20:07,22:27,140,95,South Line,Sealdah,UP
32283,Sealdah - Dankuni Local,Sealdah,Dankuni,20:08,20:57,49,22,Chord Link,Sealdah,UP
32047,Sealdah - Bangaon Local,Sealdah,Bangaon,20:09,22:16,127,77,Bangaon Line,Sealdah,UP
32611,Sealdah - Budge Budge Local,Sealdah,Budge Budge,20:09,21:06,57,26,South Line,Sealdah,UP
33029,Sealdah - Baruipur Local,Sealdah,Baruipur,20:10,21:04,54,25,South Line,Sealdah,UP
32817,Sealdah - Sonarpur Local,Sealdah,Sonarpur,20:11,20:48,37,17,South Line,Sealdah,UP
33595,Sealdah - Majerhat Local,Sealdah,Majerhat,20:12,20:50,38,15,Circular Railway,Sealdah,UP
32161,Sealdah - Hasnabad Local,Sealdah,Hasnabad,20:13,22:25,132,75,Bangaon Line,Sealdah,UP
31311,Sealdah - Naihati Local,Sealdah,Naihati,20:14,21:16,62,38,Main Line,Sealdah,UP
33173,Sealdah - Diamond Harbour Local,Sealdah,Diamond Harbour,20:14,21:49,95,60,South Line,Sealdah,UP
33315,Sealdah - Namkhana Local,Sealdah,Namkhana,20:15,22:59,164,109,South Line,Sealdah,UP
32445,Sealdah - Barrackpore Local,Sealdah,Barrackpore,20:17,20:54,37,22,Main Line,Sealdah,UP
31459,Sealdah - Kalyani Simanta Local,Sealdah,Kalyani Simanta,20:18,21:39,81,53,Main Line,Sealdah,UP
31619,Sealdah - Ranaghat Local,Sealdah,Ranaghat,20:18,22:16,118,73,Main Line,Sealdah,UP
33509,Sealdah - Lakshmikantapur Local,Sealdah,Lakshmikantapur,20:18,21:54,96,62,South Line,Sealdah,UP
31733,Sealdah - Krishnanagar Local,Sealdah,Krishnanagar,20:20,22:46,146,100,Main Line,Sealdah,UP
31313,Sealdah - Naihati Local,Sealdah,Naihati,20:22,21:28,66,38,Main Line,Sealdah,UP
32819,Sealdah - Sonarpur Local,Sealdah,Sonarpur,20:22,20:53,31,17,South Line,Sealdah,UP
33031,Sealdah - Baruipur Local,Sealdah,Baruipur,20:22,21:14,52,25,South Line,Sealdah,UP
31821,Sealdah - Shantipur Local,Sealdah,Shantipur,20:24,22:38,134,93,Main Line,Sealdah,UP
32049,Sealdah - Bangaon Local,Sealdah,Bangaon,20:25,22:33,128,77,Bangaon Line,Sealdah,UP
32613,Sealdah - Budge Budge Local,Sealdah,Budge Budge,20:25,21:23,58,26,South Line,Sealdah,UP
32285,Sealdah - Dankuni Local,Sealdah,Dankuni,20:26,21:07,41,22,Chord Link,Sealdah,UP
33409,Sealdah - Canning Local,Sealdah,Canning,20:28,21:39,71,45,South Line,Sealdah,UP
32447,Sealdah - Barrackpore Local,Sealdah,Barrackpore,20:32,21:08,36,22,Main Line,Sealdah,UP
33175,Sealdah - Diamond Harbour Local,Sealdah,Diamond Harbour,20:32,22:08,96,60,South Line,Sealdah,UP
31315,Sealdah - Naihati Local,Sealdah,Naihati,20:33,21:40,67,38,Main Line,Sealdah,UP
33033,Sealdah - Baruipur Local,Sealdah,Baruipur,20:34,21:26,52,25,South Line,Sealdah,UP
31621,Sealdah - Ranaghat Local,Sealdah,Ranaghat,20:35,22:26,111,73,Main Line,Sealdah,UP
32821,Sealdah - Sonarpur Local,Sealdah,Sonarpur,20:35,21:10,35,17,South Line,Sealdah,UP
32163,Sealdah - Hasnabad Local,Sealdah,Hasnabad,20:36,22:46,130,75,Bangaon Line,Sealdah,UP
31461,Sealdah - Kalyani Simanta Local,Sealdah,Kalyani Simanta,20:39,22:00,81,53,Main Line,Sealdah,UP
32051,Sealdah - Bangaon Local,Sealdah,Bangaon,20:39,22:47,128,77,Bangaon Line,Sealdah,UP
32615,Sealdah - Budge Budge Local,Sealdah,Budge Budge,20:41,21:33,52,26,South Line,Sealdah,UP
31897,Sealdah - Gede Local,Sealdah,Gede,20:42,23:28,166,117,Main Line,Sealdah,UP
33511,Sealdah - Lakshmikantapur Local,Sealdah,Lakshmikantapur,20:42,22:18,96,62,South Line,Sealdah,UP
31735,Sealdah - Krishnanagar Local,Sealdah,Krishnanagar,20:43,23:06,143,100,Main Line,Sealdah,UP
33597,Sealdah - Majerhat Local,Sealdah,Majerhat,20:43,21:23,40,15,Circular Railway,Sealdah,UP
31317,Sealdah - Naihati Local,Sealdah,Naihati,20:44,21:45,61,38,Main Line,Sealdah,UP
33257,Sealdah - Kakdwip Local,Sealdah,Kakdwip,20:44,23:00,136,95,South Line,Sealdah,UP
32823,Sealdah - Sonarpur Local,Sealdah,Sonarpur,20:46,21:17,31,17,South Line,Sealdah,UP
33035,Sealdah - Baruipur Local,Sealdah,Baruipur,20:46,21:39,53,25,South Line,Sealdah,UP
32287,Sealdah - Dankuni Local,Sealdah,Dankuni,20:47,21:30,43,22,Chord Link,Sealdah,UP
32449,Sealdah - Barrackpore Local,Sealdah,Barrackpore,20:49,21:28,39,22,Main Line,Sealdah,UP
31623,Sealdah - Ranaghat Local,Sealdah,Ranaghat,20:51,22:46,115,73,Main Line,Sealdah,UP
31823,Sealdah - Shantipur Local,Sealdah,Shantipur,20:52,23:06,134,93,Main Line,Sealdah,UP
33177,Sealdah - Diamond Harbour Local,Sealdah,Diamond Harbour,20:52,22:24,92,60,South Line,Sealdah,UP
32053,Sealdah - Bangaon Local,Sealdah,Bangaon,20:54,23:00,126,77,Bangaon Line,Sealdah,UP
31319,Sealdah - Naihati Local,Sealdah,Naihati,20:55,21:56,61,38,Main Line,Sealdah,UP
32617,Sealdah - Budge Budge Local,Sealdah,Budge Budge,20:55,21:46,51,26,South Line,Sealdah,UP
33411,Sealdah - Canning Local,Sealdah,Canning,20:55,22:12,77,45,South Line,Sealdah,UP
32825,Sealdah - Sonarpur Local,Sealdah,Sonarpur,20:56,21:35,39,17,South Line,Sealdah,UP
33037,Sealdah - Baruipur Local,Sealdah,Baruipur,20:59,21:47,48,25,South Line,Sealdah,UP
33317,Sealdah - Namkhana Local,Sealdah,Namkhana,20:59,23:35,156,109,South Line,Sealdah,UP
31463,Sealdah - Kalyani Simanta Local,Sealdah,Kalyani Simanta,21:01,22:25,84,53,Main Line,Sealdah,UP
31321,Sealdah - Naihati Local,Sealdah,Naihati,21:03,22:09,66,38,Main Line,Sealdah,UP
32165,Sealdah - Hasnabad Local,Sealdah,Hasnabad,21:03,23:16,133,75,Bangaon Line,Sealdah,UP
32451,Sealdah - Barrackpore Local,Sealdah,Barrackpore,21:03,21:46,43,22,Main Line,Sealdah,UP
31625,Sealdah - Ranaghat Local,Sealdah,Ranaghat,21:05,22:58,113,73,Main Line,Sealdah,UP
31737,Sealdah - Krishnanagar Local,Sealdah,Krishnanagar,21:07,23:31,144,100,Main Line,Sealdah,UP
32055,Sealdah - Bangaon Local,Sealdah,Bangaon,21:07,23:14,127,77,Bangaon Line,Sealdah,UP
32827,Sealdah - Sonarpur Local,Sealdah,Sonarpur,21:07,21:43,36,17,South Line,Sealdah,UP
32289,Sealdah - Dankuni Local,Sealdah,Dankuni,21:08,21:55,47,22,Chord Link,Sealdah,UP
33513,Sealdah - Lakshmikantapur Local,Sealdah,Lakshmikantapur,21:08,22:41,93,62,South Line,Sealdah,UP
33039,Sealdah - Baruipur Local,Sealdah,Baruipur,21:09,22:01,52,25,South Line,Sealdah,UP
32619,Sealdah - Budge Budge Local,Sealdah,Budge Budge,21:12,22:07,55,26,South Line,Sealdah,UP
33179,Sealdah - Diamond Harbour Local,Sealdah,Diamond Harbour,21:13,22:44,91,60,South Line,Sealdah,UP
31323,Sealdah - Naihati Local,Sealdah,Naihati,21:14,22:18,64,38,Main Line,Sealdah,UP
33599,Sealdah - Majerhat Local,Sealdah,Majerhat,21:15,21:54,39,15,Circular Railway,Sealdah,UP
31899,Sealdah - Gede Local,Sealdah,Gede,21:18,00:07,169,117,Main Line,Sealdah,UP
32453,Sealdah - Barrackpore Local,Sealdah,Barrackpore,21:20,21:56,36,22,Main Line,Sealdah,UP
32829,Sealdah - Sonarpur Local,Sealdah,Sonarpur,21:20,21:52,32,17,South Line,Sealdah,UP
33259,Sealdah - Kakdwip Local,Sealdah,Kakdwip,21:20,23:37,137,95,South Line,Sealdah,UP
31465,Sealdah - Kalyani Simanta Local,Sealdah,Kalyani Simanta,21:21,22:42,81,53,Main Line,Sealdah,UP
33041,Sealdah - Baruipur Local,Sealdah,Baruipur,21:21,22:13,52,25,South Line,Sealdah,UP
31325,Sealdah - Naihati Local,Sealdah,Naihati,21:22,22:26,64,38,Main Line,Sealdah,UP
31627,Sealdah - Ranaghat Local,Sealdah,Ranaghat,21:22,23:20,118,73,Main Line,Sealdah,UP
31825,Sealdah - Shantipur Local,Sealdah,Shantipur,21:22,23:37,135,93,Main Line,Sealdah,UP
33413,Sealdah - Canning Local,Sealdah,Canning,21:22,22:36,74,45,South Line,Sealdah,UP
32057,Sealdah - Bangaon Local,Sealdah,Bangaon,21:24,23:25,121,77,Bangaon Line,Sealdah,UP
32167,Sealdah - Hasnabad Local,Sealdah,Hasnabad,21:26,23:35,129,75,Bangaon Line,Sealdah,UP
32621,Sealdah - Budge Budge Local,Sealdah,Budge Budge,21:26,22:21,55,26,South Line,Sealdah,UP
32291,Sealdah - Dankuni Local,Sealdah,Dankuni,21:30,22:11,41,22,Chord Link,Sealdah,UP
31327,Sealdah - Naihati Local,Sealdah,Naihati,21:31,22:39,68,38,Main Line,Sealdah,UP
33181,Sealdah - Diamond Harbour Local,Sealdah,Diamond Harbour,21:31,23:04,93,60,South Line,Sealdah,UP
33515,Sealdah - Lakshmikantapur Local,Sealdah,Lakshmikantapur,21:31,23:06,95,62,South Line,Sealdah,UP
33043,Sealdah - Baruipur Local,Sealdah,Baruipur,21:32,22:24,52,25,South Line,Sealdah,UP
32831,Sealdah - Sonarpur Local,Sealdah,Sonarpur,21:33,22:05,32,17,South Line,Sealdah,UP
31739,Sealdah - Krishnanagar Local,Sealdah,Krishnanagar,21:34,00:03,149,100,Main Line,Sealdah,UP
32455,Sealdah - Barrackpore Local,Sealdah,Barrackpore,21:35,22:15,40,22,Main Line,Sealdah,UP
31629,Sealdah - Ranaghat Local,Sealdah,Ranaghat,21:37,23:29,112,73,Main Line,Sealdah,UP
31467,Sealdah - Kalyani Simanta Local,Sealdah,Kalyani Simanta,21:39,23:03,84,53,Main Line,Sealdah,UP
32059,Sealdah - Bangaon Local,Sealdah,Bangaon,21:39,23:46,127,77,Bangaon Line,Sealdah,UP
32623,Sealdah - Budge Budge Local,Sealdah,Budge Budge,21:39,22:38,59,26,South Line,Sealdah,UP
33045,Sealdah - Baruipur Local,Sealdah,Baruipur,21:42,22:31,49,25,South Line,Sealdah,UP
31329,Sealdah - Naihati Local,Sealdah,Naihati,21:43,22:50,67,38,Main Line,Sealdah,UP
33319,Sealdah - Namkhana Local,Sealdah,Namkhana,21:46,00:25,159,109,South Line,Sealdah,UP
33601,Sealdah - Majerhat Local,Sealdah,Majerhat,21:46,22:24,38,15,Circular Railway,Sealdah,UP
32833,Sealdah - Sonarpur Local,Sealdah,Sonarpur,21:47,22:20,33,17,South Line,Sealdah,UP
32457,Sealdah - Barrackpore Local,Sealdah,Barrackpore,21:48,22:24,36,22,Main Line,Sealdah,UP
33183,Sealdah - Diamond Harbour Local,Sealdah,Diamond Harbour,21:49,23:25,96,60,South Line,Sealdah,UP
33415,Sealdah - Canning Local,Sealdah,Canning,21:49,23:08,79,45,South Line,Sealdah,UP
31827,Sealdah - Shantipur Local,Sealdah,Shantipur,21:51,00:07,136,93,Main Line,Sealdah,UP
32169,Sealdah - Hasnabad Local,Sealdah,Hasnabad,21:51,00:04,133,75,Bangaon Line,Sealdah,UP
32293,Sealdah - Dankuni Local,Sealdah,Dankuni,21:51,22:39,48,22,Chord Link,Sealdah,UP
31331,Sealdah - Naihati Local,Sealdah,Naihati,21:52,22:57,65,38,Main Line,Sealdah,UP
31901,Sealdah - Gede Local,Sealdah,Gede,21:52,00:39,167,117,Main Line,Sealdah,UP
32061,Sealdah - Bangaon Local,Sealdah,Bangaon,21:52,00:01,129,77,Bangaon Line,Sealdah,UP
31631,Sealdah - Ranaghat Local,Sealdah,Ranaghat,21:53,23:47,114,73,Main Line,Sealdah,UP
32625,Sealdah - Budge Budge Local,Sealdah,Budge Budge,21:53,22:46,53,26,South Line,Sealdah,UP
33047,Sealdah - Baruipur Local,Sealdah,Baruipur,21:54,22:47,53,25,South Line,Sealdah,UP
31469,Sealdah - Kalyani Simanta Local,Sealdah,Kalyani Simanta,21:57,23:18,81,53,Main Line,Sealdah,UP
31741,Sealdah - Krishnanagar Local,Sealdah,Krishnanagar,21:57,00:21,144,100,Main Line,Sealdah,UP
33261,Sealdah - Kakdwip Local,Sealdah,Kakdwip,21:57,00:19,142,95,South Line,Sealdah,UP
33517,Sealdah - Lakshmikantapur Local,Sealdah,Lakshmikantapur,21:57,23:36,99,62,South Line,Sealdah,UP
31333,Sealdah - Naihati Local,Sealdah,Naihati,22:01,23:05,64,38,Main Line,Sealdah,UP
32835,Sealdah - Sonarpur Local,Sealdah,Sonarpur,22:01,22:33,32,17,South Line,Sealdah,UP
33049,Sealdah - Baruipur Local,Sealdah,Baruipur,22:04,22:55,51,25,South Line,Sealdah,UP
32459,Sealdah - Barrackpore Local,Sealdah,Barrackpore,22:05,22:46,41,22,Main Line,Sealdah,UP
31633,Sealdah - Ranaghat Local,Sealdah,Ranaghat,22:06,00:01,115,73,Main Line,Sealdah,UP
32063,Sealdah - Bangaon Local,Sealdah,Bangaon,22:07,00:08,121,77,Bangaon Line,Sealdah,UP
32627,Sealdah - Budge Budge Local,Sealdah,Budge Budge,22:08,23:06,58,26,South Line,Sealdah,UP
33185,Sealdah - Diamond Harbour Local,Sealdah,Diamond Harbour,22:08,23:46,98,60,South Line,Sealdah,UP
31335,Sealdah - Naihati Local,Sealdah,Naihati,22:12,23:20,68,38,Main Line,Sealdah,UP
33417,Sealdah - Canning Local,Sealdah,Canning,22:12,23:31,79,45,South Line,Sealdah,UP
32295,Sealdah - Dankuni Local,Sealdah,Dankuni,22:13,22:54,41,22,Chord Link,Sealdah,UP
32171,Sealdah - Hasnabad Local,Sealdah,Hasnabad,22:14,00:28,134,75,Bangaon Line,Sealdah,UP
32837,Sealdah - Sonarpur Local,Sealdah,Sonarpur,22:14,22:45,31,17,South Line,Sealdah,UP
31471,Sealdah - Kalyani Simanta Local,Sealdah,Kalyani Simanta,22:16,23:39,83,53,Main Line,Sealdah,UP
33051,Sealdah - Baruipur Local,Sealdah,Baruipur,22:16,23:07,51,25,South Line,Sealdah,UP
33603,Sealdah - Majerhat Local,Sealdah,Majerhat,22:18,23:02,44,15,Circular Railway,Sealdah,UP
32461,Sealdah - Barrackpore Local,Sealdah,Barrackpore,22:19,22:58,39,22,Main Line,Sealdah,UP
31337,Sealdah - Naihati Local,Sealdah,Naihati,22:20,23:22,62,38,Main Line,Sealdah,UP
31635,Sealdah - Ranaghat Local,Sealdah,Ranaghat,22:20,00:11,111,73,Main Line,Sealdah,UP
31743,Sealdah - Krishnanagar Local,Sealdah,Krishnanagar,22:21,00:47,146,100,Main Line,Sealdah,UP
31829,Sealdah - Shantipur Local,Sealdah,Shantipur,22:21,00:32,131,93,Main Line,Sealdah,UP
32065,Sealdah - Bangaon Local,Sealdah,Bangaon,22:21,00:29,128,77,Bangaon Line,Sealdah,UP
33519,Sealdah - Lakshmikantapur Local,Sealdah,Lakshmikantapur,22:22,23:58,96,62,South Line,Sealdah,UP
32629,Sealdah - Budge Budge Local,Sealdah,Budge Budge,22:24,23:23,59,26,South Line,Sealdah,UP
31903,Sealdah - Gede Local,Sealdah,Gede,22:25,01:11,166,117,Main Line,Sealdah,UP
33053,Sealdah - Baruipur Local,Sealdah,Baruipur,22:26,23:16,50,25,South Line,Sealdah,UP
32839,Sealdah - Sonarpur Local,Sealdah,Sonarpur,22:28,23:01,33,17,South Line,Sealdah,UP
33187,Sealdah - Diamond Harbour Local,Sealdah,Diamond Harbour,22:28,00:03,95,60,South Line,Sealdah,UP
33321,Sealdah - Namkhana Local,Sealdah,Namkhana,22:29,01:11,162,109,South Line,Sealdah,UP
33263,Sealdah - Kakdwip Local,Sealdah,Kakdwip,22:30,00:46,136,95,South Line,Sealdah,UP
31339,Sealdah - Naihati Local,Sealdah,Naihati,22:32,23:41,69,38,Main Line,Sealdah,UP
32463,Sealdah - Barrackpore Local,Sealdah,Barrackpore,22:32,23:10,38,22,Main Line,Sealdah,UP
32297,Sealdah - Dankuni Local,Sealdah,Dankuni,22:33,23:18,45,22,Chord Link,Sealdah,UP
32067,Sealdah - Bangaon Local,Sealdah,Bangaon,22:35,00:38,123,77,Bangaon Line,Sealdah,UP
31637,Sealdah - Ranaghat Local,Sealdah,Ranaghat,22:37,00:34,117,73,Main Line,Sealdah,UP
33419,Sealdah - Canning Local,Sealdah,Canning,22:37,23:55,78,45,South Line,Sealdah,UP
31473,Sealdah - Kalyani Simanta Local,Sealdah,Kalyani Simanta,22:38,00:01,83,53,Main Line,Sealdah,UP
32173,Sealdah - Hasnabad Local,Sealdah,Hasnabad,22:38,00:50,132,75,Bangaon Line,Sealdah,UP
33055,Sealdah - Baruipur Local,Sealdah,Baruipur,22:38,23:31,53,25,South Line,Sealdah,UP
31341,Sealdah - Naihati Local,Sealdah,Naihati,22:40,23:42,62,38,Main Line,Sealdah,UP
32631,Sealdah - Budge Budge Local,Sealdah,Budge Budge,22:41,23:33,52,26,South Line,Sealdah,UP
32841,Sealdah - Sonarpur Local,Sealdah,Sonarpur,22:41,23:16,35,17,South Line,Sealdah,UP
31745,Sealdah - Krishnanagar Local,Sealdah,Krishnanagar,22:45,01:06,141,100,Main Line,Sealdah,UP
33605,Sealdah - Majerhat Local,Sealdah,Majerhat,22:46,23:29,43,15,Circular Railway,Sealdah,UP
31343,Sealdah - Naihati Local,Sealdah,Naihati,22:48,23:51,63,38,Main Line,Sealdah,UP
32069,Sealdah - Bangaon Local,Sealdah,Bangaon,22:48,00:52,124,77,Bangaon Line,Sealdah,UP
33521,Sealdah - Lakshmikantapur Local,Sealdah,Lakshmikantapur,22:48,00:23,95,62,South Line,Sealdah,UP
31831,Sealdah - Shantipur Local,Sealdah,Shantipur,22:49,01:06,137,93,Main Line,Sealdah,UP
32465,Sealdah - Barrackpore Local,Sealdah,Barrackpore,22:49,23:26,37,22,Main Line,Sealdah,UP
33057,Sealdah - Baruipur Local,Sealdah,Baruipur,22:50,23:39,49,25,South Line,Sealdah,UP
33189,Sealdah - Diamond Harbour Local,Sealdah,Diamond Harbour,22:50,00:26,96,60,South Line,Sealdah,UP
32843,Sealdah - Sonarpur Local,Sealdah,Sonarpur,22:52,23:28,36,17,South Line,Sealdah,UP
31639,Sealdah - Ranaghat Local,Sealdah,Ranaghat,22:54,00:48,114,73,Main Line,Sealdah,UP
32299,Sealdah - Dankuni Local,Sealdah,Dankuni,22:54,23:38,44,22,Chord Link,Sealdah,UP
32633,Sealdah - Budge Budge Local,Sealdah,Budge Budge,22:54,23:53,59,26,South Line,Sealdah,UP
31345,Sealdah - Naihati Local,Sealdah,Naihati,22:57,00:05,68,38,Main Line,Sealdah,UP
31475,Sealdah - Kalyani Simanta Local,Sealdah,Kalyani Simanta,22:57,00:19,82,53,Main Line,Sealdah,UP
33059,Sealdah - Baruipur Local,Sealdah,Baruipur,23:00,23:50,50,25,South Line,Sealdah,UP
32071,Sealdah - Bangaon Local,Sealdah,Bangaon,23:01,01:07,126,77,Bangaon Line,Sealdah,UP
31905,Sealdah - Gede Local,Sealdah,Gede,23:02,01:48,166,117,Main Line,Sealdah,UP
32845,Sealdah - Sonarpur Local,Sealdah,Sonarpur,23:04,23:40,36,17,South Line,Sealdah,UP
33265,Sealdah - Kakdwip Local,Sealdah,Kakdwip,23:04,01:23,139,95,South Line,Sealdah,UP
33421,Sealdah - Canning Local,Sealdah,Canning,23:04,00:20,76,45,South Line,Sealdah,UP
32175,Sealdah - Hasnabad Local,Sealdah,Hasnabad,23:05,01:14,129,75,Bangaon Line,Sealdah,UP
32467,Sealdah - Barrackpore Local,Sealdah,Barrackpore,23:05,23:43,38,22,Main Line,Sealdah,UP
31641,Sealdah - Ranaghat Local,Sealdah,Ranaghat,23:07,01:05,118,73,Main Line,Sealdah,UP
31347,Sealdah - Naihati Local,Sealdah,Naihati,23:08,00:12,64,38,Main Line,Sealdah,UP
33191,Sealdah - Diamond Harbour Local,Sealdah,Diamond Harbour,23:08,00:41,93,60,South Line,Sealdah,UP
31747,Sealdah - Krishnanagar Local,Sealdah,Krishnanagar,23:09,01:32,143,100,Main Line,Sealdah,UP
32635,Sealdah - Budge Budge Local,Sealdah,Budge Budge,23:09,00:08,59,26,South Line,Sealdah,UP
33061,Sealdah - Baruipur Local,Sealdah,Baruipur,23:11,00:02,51,25,South Line,Sealdah,UP
32301,Sealdah - Dankuni Local,Sealdah,Dankuni,23:12,23:54,42,22,Chord Link,Sealdah,UP
33323,Sealdah - Namkhana Local,Sealdah,Namkhana,23:13,01:52,159,109,South Line,Sealdah,UP
33523,Sealdah - Lakshmikantapur Local,Sealdah,Lakshmikantapur,23:15,00:49,94,62,South Line,Sealdah,UP
32073,Sealdah - Bangaon Local,Sealdah,Bangaon,23:16,01:17,121,77,Bangaon Line,Sealdah,UP
32847,Sealdah - Sonarpur Local,Sealdah,Sonarpur,23:17,23:55,38,17,South Line,Sealdah,UP
33607,Sealdah - Majerhat Local,Sealdah,Majerhat,23:17,23:53,36,15,Circular Railway,Sealdah,UP
31477,Sealdah - Kalyani Simanta Local,Sealdah,Kalyani Simanta,23:18,00:42,84,53,Main Line,Sealdah,UP
31349,Sealdah - Naihati Local,Sealdah,Naihati,23:19,00:20,61,38,Main Line,Sealdah,UP
31643,Sealdah - Ranaghat Local,Sealdah,Ranaghat,23:20,01:13,113,73,Main Line,Sealdah,UP
31833,Sealdah - Shantipur Local,Sealdah,Shantipur,23:20,01:33,133,93,Main Line,Sealdah,UP
32469,Sealdah - Barrackpore Local,Sealdah,Barrackpore,23:20,23:59,39,22,Main Line,Sealdah,UP
32637,Sealdah - Budge Budge Local,Sealdah,Budge Budge,23:24,00:22,58,26,South Line,Sealdah,UP
33063,Sealdah - Baruipur Local,Sealdah,Baruipur,23:24,00:16,52,25,South Line,Sealdah,UP
33193,Sealdah - Diamond Harbour Local,Sealdah,Diamond Harbour,23:28,01:05,97,60,South Line,Sealdah,UP
33423,Sealdah - Canning Local,Sealdah,Canning,23:28,00:42,74,45,South Line,Sealdah,UP
32177,Sealdah - Hasnabad Local,Sealdah,Hasnabad,23:29,01:36,127,75,Bangaon Line,Sealdah,UP
32849,Sealdah - Sonarpur Local,Sealdah,Sonarpur,23:29,00:03,34,17,South Line,Sealdah,UP
31351,Sealdah - Naihati Local,Sealdah,Naihati,23:30,00:37,67,38,Main Line,Sealdah,UP
32075,Sealdah - Bangaon Local,Sealdah,Bangaon,23:32,01:35,123,77,Bangaon Line,Sealdah,UP
31645,Sealdah - Ranaghat Local,Sealdah,Ranaghat,23:33,01:28,115,73,Main Line,Sealdah,UP
31749,Sealdah - Krishnanagar Local,Sealdah,Krishnanagar,23:34,02:03,149,100,Main Line,Sealdah,UP
32303,Sealdah - Dankuni Local,Sealdah,Dankuni,23:34,00:21,47,22,Chord Link,Sealdah,UP
31907,Sealdah - Gede Local,Sealdah,Gede,23:35,02:18,163,117,Main Line,Sealdah,UP
33065,Sealdah - Baruipur Local,Sealdah,Baruipur,23:36,00:23,47,25,South Line,Sealdah,UP
32471,Sealdah - Barrackpore Local,Sealdah,Barrackpore,23:37,00:19,42,22,Main Line,Sealdah,UP
32639,Sealdah - Budge Budge Local,Sealdah,Budge Budge,23:37,00:31,54,26,South Line,Sealdah,UP
33267,Sealdah - Kakdwip Local,Sealdah,Kakdwip,23:37,01:55,138,95,South Line,Sealdah,UP
31353,Sealdah - Naihati Local,Sealdah,Naihati,23:39,00:46,67,38,Main Line,Sealdah,UP
31479,Sealdah - Kalyani Simanta Local,Sealdah,Kalyani Simanta,23:40,01:05,85,53,Main Line,Sealdah,UP
32851,Sealdah - Sonarpur Local,Sealdah,Sonarpur,23:41,00:15,34,17,South Line,Sealdah,UP
33525,Sealdah - Lakshmikantapur Local,Sealdah,Lakshmikantapur,23:41,01:20,99,62,South Line,Sealdah,UP
33195,Sealdah - Diamond Harbour Local,Sealdah,Diamond Harbour,23:46,01:24,98,60,South Line,Sealdah,UP
31355,Sealdah - Naihati Local,Sealdah,Naihati,23:47,00:55,68,38,Main Line,Sealdah,UP
31647,Sealdah - Ranaghat Local,Sealdah,Ranaghat,23:49,01:44,115,73,Main Line,Sealdah,UP
31835,Sealdah - Shantipur Local,Sealdah,Shantipur,23:49,02:08,139,93,Main Line,Sealdah,UP
32077,Sealdah - Bangaon Local,Sealdah,Bangaon,23:49,01:55,126,77,Bangaon Line,Sealdah,UP
33609,Sealdah - Majerhat Local,Sealdah,Majerhat,23:49,00:30,41,15,Circular Railway,Sealdah,UP
33067,Sealdah - Baruipur Local,Sealdah,Baruipur,23:50,00:43,53,25,South Line,Sealdah,UP
32853,Sealdah - Sonarpur Local,Sealdah,Sonarpur,23:51,00:23,32,17,South Line,Sealdah,UP
32179,Sealdah - Hasnabad Local,Sealdah,Hasnabad,23:52,01:58,126,75,Bangaon Line,Sealdah,UP
32305,Sealdah - Dankuni Local,Sealdah,Dankuni,23:52,00:34,42,22,Chord Link,Sealdah,UP
32473,Sealdah - Barrackpore Local,Sealdah,Barrackpore,23:54,00:35,41,22,Main Line,Sealdah,UP
32641,Sealdah - Budge Budge Local,Sealdah,Budge Budge,23:54,00:46,52,26,South Line,Sealdah,UP
33425,Sealdah - Canning Local,Sealdah,Canning,23:54,01:09,75,45,South Line,Sealdah,UP
31102,Shantipur - Sealdah Local,Shantipur,Sealdah,03:00,05:19,139,93,Main Line,Sealdah,DOWN
31104,Shantipur - Sealdah Local,Shantipur,Sealdah,03:29,05:45,136,93,Main Line,Sealdah,DOWN
31106,Shantipur - Sealdah Local,Shantipur,Sealdah,04:01,06:18,137,93,Main Line,Sealdah,DOWN
31108,Shantipur - Sealdah Local,Shantipur,Sealdah,04:29,06:46,137,93,Main Line,Sealdah,DOWN
31110,Shantipur - Sealdah Local,Shantipur,Sealdah,04:57,07:15,138,93,Main Line,Sealdah,DOWN
31112,Shantipur - Sealdah Local,Shantipur,Sealdah,05:25,07:41,136,93,Main Line,Sealdah,DOWN
31114,Shantipur - Sealdah Local,Shantipur,Sealdah,05:53,08:10,137,93,Main Line,Sealdah,DOWN
31116,Shantipur - Sealdah Local,Shantipur,Sealdah,06:25,08:42,137,93,Main Line,Sealdah,DOWN
31118,Shantipur - Sealdah Local,Shantipur,Sealdah,06:57,09:12,135,93,Main Line,Sealdah,DOWN
31120,Shantipur - Sealdah Local,Shantipur,Sealdah,07:28,09:45,137,93,Main Line,Sealdah,DOWN
31122,Shantipur - Sealdah Local,Shantipur,Sealdah,07:56,10:12,136,93,Main Line,Sealdah,DOWN
31124,Shantipur - Sealdah Local,Shantipur,Sealdah,08:24,10:42,138,93,Main Line,Sealdah,DOWN
31126,Shantipur - Sealdah Local,Shantipur,Sealdah,08:53,11:05,132,93,Main Line,Sealdah,DOWN
31128,Shantipur - Sealdah Local,Shantipur,Sealdah,09:23,11:35,132,93,Main Line,Sealdah,DOWN
31130,Shantipur - Sealdah Local,Shantipur,Sealdah,09:54,12:11,137,93,Main Line,Sealdah,DOWN
31132,Shantipur - Sealdah Local,Shantipur,Sealdah,10:23,12:40,137,93,Main Line,Sealdah,DOWN
31134,Shantipur - Sealdah Local,Shantipur,Sealdah,10:55,13:07,132,93,Main Line,Sealdah,DOWN
31136,Shantipur - Sealdah Local,Shantipur,Sealdah,11:27,13:42,135,93,Main Line,Sealdah,DOWN
31138,Shantipur - Sealdah Local,Shantipur,Sealdah,11:58,14:12,134,93,Main Line,Sealdah,DOWN
31140,Shantipur - Sealdah Local,Shantipur,Sealdah,12:28,14:41,133,93,Main Line,Sealdah,DOWN
31142,Shantipur - Sealdah Local,Shantipur,Sealdah,12:58,15:17,139,93,Main Line,Sealdah,DOWN
31144,Shantipur - Sealdah Local,Shantipur,Sealdah,13:26,15:45,139,93,Main Line,Sealdah,DOWN
31146,Shantipur - Sealdah Local,Shantipur,Sealdah,13:54,16:08,134,93,Main Line,Sealdah,DOWN
31148,Shantipur - Sealdah Local,Shantipur,Sealdah,14:26,16:42,136,93,Main Line,Sealdah,DOWN
31150,Shantipur - Sealdah Local,Shantipur,Sealdah,14:56,17:10,134,93,Main Line,Sealdah,DOWN
31152,Shantipur - Sealdah Local,Shantipur,Sealdah,15:25,17:38,133,93,Main Line,Sealdah,DOWN
31154,Shantipur - Sealdah Local,Shantipur,Sealdah,15:53,18:07,134,93,Main Line,Sealdah,DOWN
31156,Shantipur - Sealdah Local,Shantipur,Sealdah,16:23,18:36,133,93,Main Line,Sealdah,DOWN
31158,Shantipur - Sealdah Local,Shantipur,Sealdah,16:52,19:05,133,93,Main Line,Sealdah,DOWN
31160,Shantipur - Sealdah Local,Shantipur,Sealdah,17:20,19:38,138,93,Main Line,Sealdah,DOWN
31162,Shantipur - Sealdah Local,Shantipur,Sealdah,17:51,20:09,138,93,Main Line,Sealdah,DOWN
31164,Shantipur - Sealdah Local,Shantipur,Sealdah,18:23,20:39,136,93,Main Line,Sealdah,DOWN
31166,Shantipur - Sealdah Local,Shantipur,Sealdah,18:55,21:08,133,93,Main Line,Sealdah,DOWN
31168,Shantipur - Sealdah Local,Shantipur,Sealdah,19:25,21:37,132,93,Main Line,Sealdah,DOWN
31170,Shantipur - Sealdah Local,Shantipur,Sealdah,19:56,22:14,138,93,Main Line,Sealdah,DOWN
31172,Shantipur - Sealdah Local,Shantipur,Sealdah,20:27,22:42,135,93,Main Line,Sealdah,DOWN
31174,Shantipur - Sealdah Local,Shantipur,Sealdah,20:57,23:08,131,93,Main Line,Sealdah,DOWN
31176,Shantipur - Sealdah Local,Shantipur,Sealdah,21:29,23:48,139,93,Main Line,Sealdah,DOWN
31178,Shantipur - Sealdah Local,Shantipur,Sealdah,21:59,00:14,135,93,Main Line,Sealdah,DOWN
31180,Shantipur - Sealdah Local,Shantipur,Sealdah,22:27,00:45,138,93,Main Line,Sealdah,DOWN
31182,Shantipur - Sealdah Local,Shantipur,Sealdah,22:58,01:09,131,93,Main Line,Sealdah,DOWN
31184,Shantipur - Sealdah Local,Shantipur,Sealdah,23:26,01:41,135,93,Main Line,Sealdah,DOWN
31102,Sonarpur - Sealdah Local,Sonarpur,Sealdah,03:00,03:32,32,17,South Line,Sealdah,DOWN
31104,Sonarpur - Sealdah Local,Sonarpur,Sealdah,03:11,03:49,38,17,South Line,Sealdah,DOWN
31106,Sonarpur - Sealdah Local,Sonarpur,Sealdah,03:22,03:58,36,17,South Line,Sealdah,DOWN
31108,Sonarpur - Sealdah Local,Sonarpur,Sealdah,03:35,04:07,32,17,South Line,Sealdah,DOWN
31110,Sonarpur - Sealdah Local,Sonarpur,Sealdah,03:48,04:24,36,17,South Line,Sealdah,DOWN
31112,Sonarpur - Sealdah Local,Sonarpur,Sealdah,04:02,04:40,38,17,South Line,Sealdah,DOWN
31114,Sonarpur - Sealdah Local,Sonarpur,Sealdah,04:13,04:51,38,17,South Line,Sealdah,DOWN
31116,Sonarpur - Sealdah Local,Sonarpur,Sealdah,04:25,04:57,32,17,South Line,Sealdah,DOWN
31118,Sonarpur - Sealdah Local,Sonarpur,Sealdah,04:37,05:10,33,17,South Line,Sealdah,DOWN
31120,Sonarpur - Sealdah Local,Sonarpur,Sealdah,04:47,05:18,31,17,South Line,Sealdah,DOWN
31122,Sonarpur - Sealdah Local,Sonarpur,Sealdah,04:59,05:35,36,17,South Line,Sealdah,DOWN
31124,Sonarpur - Sealdah Local,Sonarpur,Sealdah,05:10,05:42,32,17,South Line,Sealdah,DOWN
31126,Sonarpur - Sealdah Local,Sonarpur,Sealdah,05:21,05:57,36,17,South Line,Sealdah,DOWN
31128,Sonarpur - Sealdah Local,Sonarpur,Sealdah,05:32,06:11,39,17,South Line,Sealdah,DOWN
31130,Sonarpur - Sealdah Local,Sonarpur,Sealdah,05:45,06:20,35,17,South Line,Sealdah,DOWN
31132,Sonarpur - Sealdah Local,Sonarpur,Sealdah,05:55,06:28,33,17,South Line,Sealdah,DOWN
31134,Sonarpur - Sealdah Local,Sonarpur,Sealdah,06:07,06:44,37,17,South Line,Sealdah,DOWN
31136,Sonarpur - Sealdah Local,Sonarpur,Sealdah,06:17,06:56,39,17,South Line,Sealdah,DOWN
31138,Sonarpur - Sealdah Local,Sonarpur,Sealdah,06:30,07:04,34,17,South Line,Sealdah,DOWN
31140,Sonarpur - Sealdah Local,Sonarpur,Sealdah,06:44,07:22,38,17,South Line,Sealdah,DOWN
31142,Sonarpur - Sealdah Local,Sonarpur,Sealdah,06:54,07:27,33,17,South Line,Sealdah,DOWN
31144,Sonarpur - Sealdah Local,Sonarpur,Sealdah,07:04,07:35,31,17,South Line,Sealdah,DOWN
31146,Sonarpur - Sealdah Local,Sonarpur,Sealdah,07:14,07:48,34,17,South Line,Sealdah,DOWN
31148,Sonarpur - Sealdah Local,Sonarpur,Sealdah,07:24,07:58,34,17,South Line,Sealdah,DOWN
31150,Sonarpur - Sealdah Local,Sonarpur,Sealdah,07:35,08:11,36,17,South Line,Sealdah,DOWN
31152,Sonarpur - Sealdah Local,Sonarpur,Sealdah,07:48,08:23,35,17,South Line,Sealdah,DOWN
31154,Sonarpur - Sealdah Local,Sonarpur,Sealdah,07:58,08:29,31,17,South Line,Sealdah,DOWN
31156,Sonarpur - Sealdah Local,Sonarpur,Sealdah,08:08,08:42,34,17,South Line,Sealdah,DOWN
31158,Sonarpur - Sealdah Local,Sonarpur,Sealdah,08:18,08:51,33,17,South Line,Sealdah,DOWN
31160,Sonarpur - Sealdah Local,Sonarpur,Sealdah,08:31,09:07,36,17,South Line,Sealdah,DOWN
31162,Sonarpur - Sealdah Local,Sonarpur,Sealdah,08:41,09:12,31,17,South Line,Sealdah,DOWN
31164,Sonarpur - Sealdah Local,Sonarpur,Sealdah,08:51,09:22,31,17,South Line,Sealdah,DOWN
31166,Sonarpur - Sealdah Local,Sonarpur,Sealdah,09:04,09:41,37,17,South Line,Sealdah,DOWN
31168,Sonarpur - Sealdah Local,Sonarpur,Sealdah,09:15,09:53,38,17,South Line,Sealdah,DOWN
31170,Sonarpur - Sealdah Local,Sonarpur,Sealdah,09:28,10:05,37,17,South Line,Sealdah,DOWN
31172,Sonarpur - Sealdah Local,Sonarpur,Sealdah,09:38,10:11,33,17,South Line,Sealdah,DOWN
31174,Sonarpur - Sealdah Local,Sonarpur,Sealdah,09:51,10:25,34,17,South Line,Sealdah,DOWN
31176,Sonarpur - Sealdah Local,Sonarpur,Sealdah,10:03,10:38,35,17,South Line,Sealdah,DOWN
31178,Sonarpur - Sealdah Local,Sonarpur,Sealdah,10:14,10:52,38,17,South Line,Sealdah,DOWN
31180,Sonarpur - Sealdah Local,Sonarpur,Sealdah,10:26,10:57,31,17,South Line,Sealdah,DOWN
31182,Sonarpur - Sealdah Local,Sonarpur,Sealdah,10:37,11:11,34,17,South Line,Sealdah,DOWN
31184,Sonarpur - Sealdah Local,Sonarpur,Sealdah,10:51,11:29,38,17,South Line,Sealdah,DOWN
31186,Sonarpur - Sealdah Local,Sonarpur,Sealdah,11:03,11:42,39,17,South Line,Sealdah,DOWN
31188,Sonarpur - Sealdah Local,Sonarpur,Sealdah,11:16,11:47,31,17,South Line,Sealdah,DOWN
31190,Sonarpur - Sealdah Local,Sonarpur,Sealdah,11:29,12:04,35,17,South Line,Sealdah,DOWN
31192,Sonarpur - Sealdah Local,Sonarpur,Sealdah,11:39,12:12,33,17,South Line,Sealdah,DOWN
31194,Sonarpur - Sealdah Local,Sonarpur,Sealdah,11:52,12:26,34,17,South Line,Sealdah,DOWN
31196,Sonarpur - Sealdah Local,Sonarpur,Sealdah,12:05,12:39,34,17,South Line,Sealdah,DOWN
31198,Sonarpur - Sealdah Local,Sonarpur,Sealdah,12:19,12:50,31,17,South Line,Sealdah,DOWN
31200,Sonarpur - Sealdah Local,Sonarpur,Sealdah,12:33,13:09,36,17,South Line,Sealdah,DOWN
31202,Sonarpur - Sealdah Local,Sonarpur,Sealdah,12:46,13:25,39,17,South Line,Sealdah,DOWN
31204,Sonarpur - Sealdah Local,Sonarpur,Sealdah,12:59,13:35,36,17,South Line,Sealdah,DOWN
31206,Sonarpur - Sealdah Local,Sonarpur,Sealdah,13:12,13:51,39,17,South Line,Sealdah,DOWN
31208,Sonarpur - Sealdah Local,Sonarpur,Sealdah,13:26,14:03,37,17,South Line,Sealdah,DOWN
31210,Sonarpur - Sealdah Local,Sonarpur,Sealdah,13:38,14:11,33,17,South Line,Sealdah,DOWN
31212,Sonarpur - Sealdah Local,Sonarpur,Sealdah,13:50,14:26,36,17,South Line,Sealdah,DOWN
31214,Sonarpur - Sealdah Local,Sonarpur,Sealdah,14:00,14:34,34,17,South Line,Sealdah,DOWN
31216,Sonarpur - Sealdah Local,Sonarpur,Sealdah,14:14,14:49,35,17,South Line,Sealdah,DOWN
31218,Sonarpur - Sealdah Local,Sonarpur,Sealdah,14:24,15:02,38,17,South Line,Sealdah,DOWN
31220,Sonarpur - Sealdah Local,Sonarpur,Sealdah,14:34,15:10,36,17,South Line,Sealdah,DOWN
31222,Sonarpur - Sealdah Local,Sonarpur,Sealdah,14:48,15:22,34,17,South Line,Sealdah,DOWN
31224,Sonarpur - Sealdah Local,Sonarpur,Sealdah,15:02,15:34,32,17,South Line,Sealdah,DOWN
31226,Sonarpur - Sealdah Local,Sonarpur,Sealdah,15:13,15:47,34,17,South Line,Sealdah,DOWN
31228,Sonarpur - Sealdah Local,Sonarpur,Sealdah,15:24,16:03,39,17,South Line,Sealdah,DOWN
31230,Sonarpur - Sealdah Local,Sonarpur,Sealdah,15:36,16:10,34,17,South Line,Sealdah,DOWN
31232,Sonarpur - Sealdah Local,Sonarpur,Sealdah,15:46,16:23,37,17,South Line,Sealdah,DOWN
31234,Sonarpur - Sealdah Local,Sonarpur,Sealdah,16:00,16:33,33,17,South Line,Sealdah,DOWN
31236,Sonarpur - Sealdah Local,Sonarpur,Sealdah,16:12,16:46,34,17,South Line,Sealdah,DOWN
31238,Sonarpur - Sealdah Local,Sonarpur,Sealdah,16:23,16:59,36,17,South Line,Sealdah,DOWN
31240,Sonarpur - Sealdah Local,Sonarpur,Sealdah,16:37,17:08,31,17,South Line,Sealdah,DOWN
31242,Sonarpur - Sealdah Local,Sonarpur,Sealdah,16:49,17:22,33,17,South Line,Sealdah,DOWN
31244,Sonarpur - Sealdah Local,Sonarpur,Sealdah,17:01,17:35,34,17,South Line,Sealdah,DOWN
31246,Sonarpur - Sealdah Local,Sonarpur,Sealdah,17:15,17:54,39,17,South Line,Sealdah,DOWN
31248,Sonarpur - Sealdah Local,Sonarpur,Sealdah,17:28,18:01,33,17,South Line,Sealdah,DOWN
31250,Sonarpur - Sealdah Local,Sonarpur,Sealdah,17:40,18:11,31,17,South Line,Sealdah,DOWN
31252,Sonarpur - Sealdah Local,Sonarpur,Sealdah,17:53,18:24,31,17,South Line,Sealdah,DOWN
31254,Sonarpur - Sealdah Local,Sonarpur,Sealdah,18:03,18:37,34,17,South Line,Sealdah,DOWN
31256,Sonarpur - Sealdah Local,Sonarpur,Sealdah,18:14,18:53,39,17,South Line,Sealdah,DOWN
31258,Sonarpur - Sealdah Local,Sonarpur,Sealdah,18:24,18:55,31,17,South Line,Sealdah,DOWN
31260,Sonarpur - Sealdah Local,Sonarpur,Sealdah,18:37,19:11,34,17,South Line,Sealdah,DOWN
31262,Sonarpur - Sealdah Local,Sonarpur,Sealdah,18:49,19:25,36,17,South Line,Sealdah,DOWN
31264,Sonarpur - Sealdah Local,Sonarpur,Sealdah,19:00,19:36,36,17,South Line,Sealdah,DOWN
31266,Sonarpur - Sealdah Local,Sonarpur,Sealdah,19:11,19:42,31,17,South Line,Sealdah,DOWN
31268,Sonarpur - Sealdah Local,Sonarpur,Sealdah,19:21,19:54,33,17,South Line,Sealdah,DOWN
31270,Sonarpur - Sealdah Local,Sonarpur,Sealdah,19:32,20:11,39,17,South Line,Sealdah,DOWN
31272,Sonarpur - Sealdah Local,Sonarpur,Sealdah,19:42,20:14,32,17,South Line,Sealdah,DOWN
31274,Sonarpur - Sealdah Local,Sonarpur,Sealdah,19:54,20:31,37,17,South Line,Sealdah,DOWN
31276,Sonarpur - Sealdah Local,Sonarpur,Sealdah,20:06,20:38,32,17,South Line,Sealdah,DOWN
31278,Sonarpur - Sealdah Local,Sonarpur,Sealdah,20:20,20:55,35,17,South Line,Sealdah,DOWN
31280,Sonarpur - Sealdah Local,Sonarpur,Sealdah,20:32,21:05,33,17,South Line,Sealdah,DOWN
31282,Sonarpur - Sealdah Local,Sonarpur,Sealdah,20:44,21:21,37,17,South Line,Sealdah,DOWN
31284,Sonarpur - Sealdah Local,Sonarpur,Sealdah,20:55,21:31,36,17,South Line,Sealdah,DOWN
31286,Sonarpur - Sealdah Local,Sonarpur,Sealdah,21:08,21:47,39,17,South Line,Sealdah,DOWN
31288,Sonarpur - Sealdah Local,Sonarpur,Sealdah,21:19,21:55,36,17,South Line,Sealdah,DOWN
31290,Sonarpur - Sealdah Local,Sonarpur,Sealdah,21:33,22:06,33,17,South Line,Sealdah,DOWN
31292,Sonarpur - Sealdah Local,Sonarpur,Sealdah,21:44,22:19,35,17,South Line,Sealdah,DOWN
31294,Sonarpur - Sealdah Local,Sonarpur,Sealdah,21:57,22:30,33,17,South Line,Sealdah,DOWN
31296,Sonarpur - Sealdah Local,Sonarpur,Sealdah,22:09,22:40,31,17,South Line,Sealdah,DOWN
31298,Sonarpur - Sealdah Local,Sonarpur,Sealdah,22:20,22:57,37,17,South Line,Sealdah,DOWN
31300,Sonarpur - Sealdah Local,Sonarpur,Sealdah,22:34,23:05,31,17,South Line,Sealdah,DOWN
31302,Sonarpur - Sealdah Local,Sonarpur,Sealdah,22:48,23:24,36,17,South Line,Sealdah,DOWN
31304,Sonarpur - Sealdah Local,Sonarpur,Sealdah,22:59,23:33,34,17,South Line,Sealdah,DOWN
31306,Sonarpur - Sealdah Local,Sonarpur,Sealdah,23:13,23:45,32,17,South Line,Sealdah,DOWN
31308,Sonarpur - Sealdah Local,Sonarpur,Sealdah,23:27,00:00,33,17,South Line,Sealdah,DOWN
31310,Sonarpur - Sealdah Local,Sonarpur,Sealdah,23:40,00:12,32,17,South Line,Sealdah,DOWN
31312,Sonarpur - Sealdah Local,Sonarpur,Sealdah,23:52,00:28,36,17,South Line,Sealdah,DOWN
